-- phpMyAdmin SQL Dump
-- version 4.5.5
-- http://www.phpmyadmin.net
--
-- Host: localhost
-- Generation Time: Mar 16, 2017 at 06:55 PM
-- Server version: 10.1.12-MariaDB-1~trusty
-- PHP Version: 7.0.10-2+deb.sury.org~trusty+1

SET SQL_MODE = "NO_AUTO_VALUE_ON_ZERO";
SET time_zone = "+00:00";


/*!40101 SET @OLD_CHARACTER_SET_CLIENT=@@CHARACTER_SET_CLIENT */;
/*!40101 SET @OLD_CHARACTER_SET_RESULTS=@@CHARACTER_SET_RESULTS */;
/*!40101 SET @OLD_COLLATION_CONNECTION=@@COLLATION_CONNECTION */;
/*!40101 SET NAMES utf8mb4 */;

--
-- Database: `forge`
--

-- --------------------------------------------------------

--
-- Table structure for table `address`
--

CREATE TABLE `address` (
  `id` int(10) UNSIGNED NOT NULL,
  `street` text NOT NULL,
  `lga_id` int(10) UNSIGNED NOT NULL,
  `state_id` int(10) UNSIGNED NOT NULL,
  `biz_id` int(10) UNSIGNED NOT NULL,
  `headquarter` tinyint(2) NOT NULL DEFAULT '1',
  `phone1` varchar(20) NOT NULL,
  `phone2` varchar(20) NOT NULL,
  `sortcode` int(8) DEFAULT NULL,
  `email` varchar(150) NOT NULL
) ENGINE=InnoDB DEFAULT CHARSET=latin1;

--
-- Dumping data for table `address`
--

INSERT INTO `address` (`id`, `street`, `lga_id`, `state_id`, `biz_id`, `headquarter`, `phone1`, `phone2`, `sortcode`, `email`) VALUES
(16, '402, Lagos-Abeokuta Expressway, Abule-Egba, Lagos State, Nigeria', 873, 25, 1, 1, '+234 700 48266 6328', '', 0, 'enquiries@gtbank.com'),
(17, '56A, Adeola Odeku Street, Victoria Island, Lagos State, Nigeria', 874, 25, 2, 1, '', '', 0, ''),
(18, '714, Adetokunbo Ademola Street, Victoria Island, Lagos State, Nigeria', 875, 25, 3, 1, '+234 700 48266 6328', '', 0, 'enquiries@gtbank.com'),
(19, '279, Ajose Adeogun Street, Victoria Island, Lagos State, Nigeria', 876, 25, 4, 1, '+234 700 48266 6328', '', 0, 'enquiries@gtbank.com'),
(20, '31, Adeniyi Jones Avenue, Ikeja, Lagos State, Nigeria', 877, 25, 5, 1, '+234 700 48266 6328', '', 0, 'enquiries@gtbank.com'),
(21, '15, International Airport Road, Isolo, Lagos State, Nigeria', 878, 25, 6, 1, '+234 700 48266 6328', '', 0, 'enquiries@gtbank.com'),
(22, 'Km 22, Lekki-Epe Expressway, Ajah, Lagos State, Nigeria', 879, 25, 7, 1, '+234 700 48266 6328', '', 0, 'enquiries@gtbank.com'),
(23, '35, Shasha Road, Akowonjo, Lagos State, Nigeria', 80, 25, 8, 1, '+234 700 48266 6328', '', 0, 'enquiries@gtbank.com'),
(24, '13, Obosi Plaza, Alaba International Market, Lagos State, Nigeria', 880, 25, 9, 1, '+234 700 48266 6328', '', 0, 'enquiries@gtbank.com'),
(25, 'Technical Reference Centre, Lagos State Secretariat, Alausa, Ikeja, Lagos State, Nigeria', 881, 25, 10, 1, '+234 700 48266 6328', '', 0, 'enquiries@gtbank.com'),
(26, 'Plot B16, Block 41B, by Akin Mateola Close, Amuwo Odofin Residential Scheme, Along Ago Palace Way, Amuwo Odofiin LGA, Lagos State, Nigeria', 85, 25, 11, 1, '+234 700 48266 6328', '', 0, 'enquiries@gtbank.com'),
(27, '7, Anthony Village Road, Anthony Village, Lagos State, Nigeria', 882, 25, 12, 1, '+234 700 48266 6328', '', 0, 'enquiries@gtbank.com'),
(28, 'Zone A, R1 Aspamda Plaza, International Trade Fair Complex, Ojo, Lagos State, Nigeria', 94, 25, 13, 1, '+234 700 48266 6328', '', 0, 'enquiries@gtbank.com'),
(29, 'Head office:635 Akin Adesola, Victoria Island, Lagos State, Nigeria', 28, 25, 14, 1, '+234 700 48266 6328', '', 0, 'enquiries@gtbank.com'),
(30, 'No. 6, Adeyemo Alakija Street, Victoria Island, Lagos State, Nigeria', 883, 25, 15, 1, '+234 700 48266 6328', '', 0, 'enquiries@gtbank.com'),
(31, '80/82, Allen Avenue, Ikeja, Lagos State, Nigeria', 884, 25, 16, 1, '+234 700 48266 6328', '', 0, 'enquiries@gtbank.com'),
(32, 'Doyin House, 4 Commercial Avenue Apapa, Lagos State, Nigeria', 84, 25, 17, 1, '+234 700 48266 6328', '', 0, 'enquiries@gtbank.com'),
(33, '54, Awolowo Road, Off Ademola Street, Ikoyi, Lagos', 885, 25, 18, 1, '+234 700 48266 6328', '', 0, 'enquiries@gtbank.com'),
(34, 'Plot 10, Oba Akran Avenue, Ikeja, Lagos State, Nigeria', 886, 25, 19, 1, '+234 700 48266 6328', '', 0, 'enquiries@gtbank.com'),
(35, '19, Bayo Kuku Road, off Osborne Road, Ikoyi, Lagos State, Nigeria', 29, 25, 20, 1, '+234 700 48266 6328', '', 0, 'enquiries@gtbank.com'),
(36, '94, Bode Thomas Street, Surulere, Lagos State, Nigeria', 887, 25, 21, 1, '+234 700 48266 6328', '', 0, 'enquiries@gtbank.com'),
(37, '82/86, Broad Street, Lagos State, Nigeria', 888, 25, 22, 1, '+234 700 48266 6328', '', 0, 'enquiries@gtbank.com'),
(38, 'Plot 17, Burma Road, Apapa, Lagos State, Nigeria', 84, 25, 23, 1, '+234 700 48266 6328', '', 0, 'enquiries@gtbank.com'),
(39, '15/16, Bogobiri Road, Calabar, Cross River State', 889, 10, 24, 1, '07081361795', '', 44071477, ''),
(40, '10, Calabar Road, Calabar, Cross River State', 890, 10, 25, 1, '08024173668', '', 44070261, ''),
(41, 'Plot 22, Hospital Road, Igoli, Ogoja, Cross River State', 671, 10, 26, 1, '08126413166', '', 44072298, ''),
(42, '126, Old Asaba Road, Agbor, Delta State', 891, 11, 27, 1, '08126411259', '', 44041915, ''),
(43, '417B, Nnebisi Road, Asaba, Delta State', 892, 11, 28, 1, '07012771675', '', 44040259, ''),
(44, '82, Sapele/Warri Road, Sapele, Delta State', 893, 11, 29, 1, '07086895634', '', 44042419, ''),
(45, 'Okumagba Avenue, Deco Road, Warri, Delta State', 894, 11, 30, 1, '08126410858', '', 44042341, ''),
(46, '80, Effurun Sapele Road, Warri, Delta State', 895, 11, 31, 1, '08126410861', '', 44040233, ''),
(47, '41, Ogoja Road, Abakiliki, Ebonyi State', 896, 12, 32, 1, '08029236394', '', 44331683, ''),
(48, '33, Poly Road, Auchi, Edo State', 897, 13, 33, 1, '', '', 44043052, ''),
(49, '1296 Akin Adesola Street.  74278', 28, 25, 34, 1, '+234 80 33049104', '+234 8033038153', 0, 'info@bungalowrestaurant.com'),
(50, '29 Isaac John Street, GRA', 877, 25, 35, 1, '', '', 0, ''),
(51, 'Durumi, Off Oladipo Diya Road', 835, 2, 36, 1, '+234 092915802', '', 0, 'admission@aisabuja.com'),
(52, '2 Harold Sodipo Crescent.  Off Mobolaji Bank Anthony Way.  GRA', 877, 25, 37, 1, '+234 1 2957630', '+234 1 2906377', 0, 'info@grangeschool.com'),
(53, '17 Osho Street.  Opebi.  1st floor.  Oregon link road.', 877, 25, 38, 1, '', '', 0, ''),
(54, '3 Catholic Mission Street', 131, 25, 39, 1, '+234 8023368915', '', 0, 'info@kingscollegelagis.com'),
(55, 'Birrel Avenue', 130, 25, 40, 1, '', '', 0, ''),
(56, '6 Ikoyi club 1938 road. P.O Box 239 Ikoyi', 29, 25, 41, 1, '+234 (01)7737457', '', 0, 'info@ikoyiclub1938.net'),
(57, '26 Adetokunbo Ademola Street', 28, 25, 42, 1, '', '', 0, ''),
(58, 'Conoil Station 19/21 Lagos/ Abeokuta expressway.  Abule Egba bus stop', 873, 25, 43, 1, '', '', 0, ''),
(59, '238 Herbert Macaulay Way, Alagomeji bus stop', 130, 25, 44, 1, '', '', 0, ''),
(60, '3 Opebi Road', 877, 25, 45, 1, '', '', 0, 'info@swagger2sensation.com'),
(61, 'Oke Ilewo, behind OPIC building, Ibara', 1, 25, 46, 1, '', '', 0, ''),
(62, 'General Hospital, LASUTH', 877, 25, 47, 1, '', '', 0, 'info@swagger2sensation.com'),
(63, '4 Diya Street.  Gbagada.', 91, 25, 48, 1, '', '', 0, 'info@swagger2sensation.com'),
(64, '14 Town Planning Way.  Ilupeju', 877, 25, 49, 1, '', '', 0, 'info@swagger2sensation.com'),
(65, '1 Hospital road.  Behind St. Nicholas.   Marina.', 131, 25, 50, 1, '+2348177069498', '', 0, 'lajagun@yahoo.com'),
(66, '4 Ogundana Street', 877, 25, 51, 1, '+2348108897621', '', 0, ''),
(67, 'Jibowu Street. ', 130, 25, 52, 1, '+234(01)80412341', '', 0, ''),
(68, '1 Ilodibe road, Awada Layout', 749, 5, 53, 1, '+234(46)210422', '+234 (46)210452', 0, ''),
(69, '2 Joel Ogunnaike Street.  Offf Mobolaji Bank Anthony. G.R.A.', 130, 25, 54, 1, '+234(0)7088605062', '+234 (01)8428910', 0, 'contact@lagoscountryclub.net'),
(70, 'Ikeja City Mall', 877, 25, 55, 1, '', '', 0, ''),
(71, '2 Bisway Street. The Palms Shopping Mall.', 28, 25, 56, 1, '', '', 0, ''),
(72, '20B Mainland way.  Dolphin Estate.', 29, 25, 57, 1, '+234(0)9099348205', '', 0, 'frontdesk@okunoren.com'),
(73, '11 Walter Carrington Crescent ', 28, 25, 58, 1, '+234 (01)4603090 - 9', '', 0, 'info.nigeria@ng.britishcouncil.org'),
(74, '19 Torrens Close.  Mississippi Street.', 830, 2, 59, 1, '+234(9)4622200', 'Fax: +234(9)4622263', 0, 'PPAInformation.abuja@fco.gov.uk'),
(75, '1075 Diplomatic Drive.  ', 827, 2, 60, 1, '', '', 0, ''),
(77, '2 Walter Carrington Crescent.', 28, 25, 62, 1, '', '', 0, ''),
(78, '13 Alexander Road.', 29, 25, 63, 1, '+234(0)8085867565', '+234(0)8085867581', 0, 'reservations@clearessencecaliforniaspa.com'),
(79, 'Plot PC 12, Churchgate street', 28, 25, 64, 1, '+234(0)70002442273', '', 0, 'aiicare@aiicoplc.com'),
(80, '133 Ahmadu Bello Way', 28, 25, 65, 1, '+234(01)7936938', '', 0, ''),
(81, '44/48 Channels TV Avenue.  Isheri-North', 130, 25, 66, 1, '+234(01)2131214', '+234(01)2131215', 0, 'info@channelstv.com'),
(82, 'The Secretariat.  Alausa.  M.K.O. Abiola Gardens road.', 877, 25, 67, 1, '+234(0)8035272200', '', 0, 'info@lagosstate.gov.ng'),
(83, 'Nsukka road.  410001.  ', 708, 15, 68, 1, '', '', 0, ''),
(85, '12 Idowu Martins Street.  ', 28, 25, 70, 1, '+234(0)12715341', '+234(0)12715344', 0, 'web.enquiries@reddingtonhospital.com'),
(86, 'Ilishan Remo.  ', 333, 28, 71, 1, '+234(0)7035556536', '+234(0)8038522333', 0, 'info@babcock.edu.ng'),
(87, 'Mission road ', 824, 13, 72, 1, '+234(0)8033958334', '', 0, ''),
(88, '32 Awolowo Road, Nigeria', 29, 25, 73, 1, '08037218719', '08037321978', 0, 'events@embercreek.com'),
(89, '873 Ozumba Mbadiwe Avenue  Victoria Island Lagos', 28, 25, 74, 1, '014546590', '08140090009', 0, 'info@clubquilox.com'),
(90, '2/4 Chukwudi Ologba Close.  Ajao Estate.', 130, 25, 75, 1, '+234(0) 8038818248', '', 4, ''),
(91, '42 Olatunji Idowu Street.  Ago Palace way.', 131, 25, 76, 1, '', '', 0, ''),
(92, '41 Olakunle Selesi Crescent.  Ajao Estate.', 130, 25, 77, 1, '+234(01)4701744', '', 0, ''),
(93, '23 Mafoluku road.', 574, 25, 78, 1, '+234(0)8033041118', '', 0, ''),
(94, '9 Osolo way.  Ajao Estate.', 130, 25, 79, 1, '+234(0)8029063306', '', 0, ''),
(95, '27 Okeho Street.  Ire Akari.  ', 878, 25, 80, 1, '+234(0)7031901960', '', 0, ''),
(96, 'No. 2 Ibeh Road.  Ire Akari.', 878, 25, 81, 1, '+234(0)8037640696', '', 0, ''),
(97, '1/3 Dr Fasheun Avenue.  Ago Palace way.  Okota ', 130, 25, 82, 1, '+234(0)7028723609', '', 0, ''),
(98, '34 Ire Akari road.', 878, 25, 83, 1, '+234(0)8033336695', '', 0, ''),
(99, 'Olakunle Selesi.  Off Asa Afariogun.  Ajao Estate.', 130, 25, 84, 1, '', '', 0, ''),
(100, 'Akin Lawanson street.  Charity bus stop.', 130, 25, 85, 1, '+234(0)8029152176', '', 0, ''),
(101, '30 Ire Akari Estate road.', 878, 25, 86, 1, '+234(0)8185540353', '', 0, ''),
(102, '22 Taiwo Shonimokun street, Off Canal Okota.', 130, 25, 87, 1, '+234(0)8033227283', '', 0, ''),
(103, '16/18 Olutosin Ajayi street.  Ajao Estate', 130, 25, 88, 1, '+234(01)4522455', '', 0, ''),
(104, '10/12 Kolawole Shonibare street.  Ajao.', 130, 25, 89, 1, '', '', 0, ''),
(105, '37 Ogunoloko road.  ', 574, 25, 90, 1, '+234(0)8034016779', '', 0, ''),
(106, '18/20 Adekunle Akala street.  Ajao estate.', 130, 25, 91, 1, '+234(0)8066312202', '', 0, ''),
(107, '70 Ire Akari Estate Road.  ', 878, 25, 92, 1, '+234(0)8034454005', '', 0, ''),
(108, '4 Ogbor Close.  Ajao Estate.  Off Osolo way.', 130, 25, 93, 1, '+234(0)8035104192', '', 0, ''),
(109, '60 Arowojobe street.', 130, 25, 94, 1, '', '', 0, ''),
(110, 'Express way.  Ajao.', 130, 25, 95, 1, '+234(0)8157711694', '', 0, ''),
(111, 'Block 16 house 1.  L.S.D.P.C. Estate.', 575, 25, 96, 1, '+234(0)8023006359', '', 0, ''),
(112, '7 Sunmola Abayomi street.  Mafoluku.', 130, 25, 97, 1, '+234(0)8138500935', '', 0, ''),
(113, '7/11 Oludegun Avenue.  Mafoluku.', 130, 25, 98, 1, '+234(0)8033444256', '', 0, ''),
(114, '26 Alidada street.  Ago Palace way.  Okota.', 130, 25, 99, 1, '+234(0)8033037578', '', 0, ''),
(115, '6 Akiosi street.  Off Baba Ewe.  Ago - Okota.', 130, 25, 100, 1, '+234(0)8034160998', '', 0, ''),
(116, '21/23 Cecilia Odutuga crescent.  Ilasamaja.', 130, 25, 101, 1, '+234(0)8037208446', '', 0, ''),
(117, '90 Mafoluku road.  Ayo bus stop.', 130, 25, 102, 1, '+234(0)8034016654', '+234(01)8136114', 0, ''),
(118, 'Aswani road.', 878, 25, 103, 1, '+234(0)8023629877', '', 0, ''),
(119, 'Old Ewu road.  Aviation Estate.  ', 574, 25, 104, 1, '+234(0)8024051340', '', 0, ''),
(120, '1 Ahanor Drive.  Ajao Estate.', 130, 25, 105, 1, '+234(0)8107911409', '', 0, ''),
(121, '60 Church Street.  ', 574, 25, 106, 1, '+234(0)8033295752', '', 0, ''),
(122, 'Adewale crescent.', 574, 25, 107, 1, '+234(0)8030750029', '', 0, ''),
(123, '16/18 Murtala Mohammed Airport road.', 130, 25, 108, 1, '+234(0)8055405531', '', 0, ''),
(124, '16 AsaAfariogun.  Off Oshodi way.', 130, 25, 109, 1, '+234(0)8023115617', '', 0, ''),
(125, '28 Oluleye street.  Mafoluku', 574, 25, 110, 1, '+234(0)8033478257', '', 0, ''),
(126, '13A Sanni Adele Close.  Ajao.', 130, 25, 111, 1, '+234(0)708591191', '', 0, ''),
(127, '1 Arowojobe street.  Oshodi', 130, 25, 112, 1, '+234(0)8024661234', '', 0, ''),
(128, '22 Eliasu street.  Mafoluku.  Oshodi', 130, 25, 113, 1, '+234(0)8101570426', '', 0, ''),
(129, '35 Adaogun Odo street.  Ire Akari Estate.', 130, 25, 114, 1, '+234(0)8060996893', '', 0, ''),
(130, '9/11 Nwachukwu drive.  Off Okota road.', 878, 25, 115, 1, '+234(0)8033216180', '', 0, ''),
(131, '56 Jibulu Street.  Mafoluku.', 130, 25, 116, 1, '+234(0)8068420543', '', 0, ''),
(132, '6 Fatai Irawo  street.  Ajao.', 130, 25, 117, 1, '+234(0)8030545160', '', 0, ''),
(133, '12 Agbalaya street.  Oshodi', 130, 25, 118, 1, '+234(0)8023332119', '', 0, ''),
(134, '11 Oseni Liadi street.  Okota', 130, 25, 119, 1, '+234(0)8033096735', '', 0, ''),
(135, '8 Ariyibi Oke Street.  Oshodi', 130, 25, 120, 1, '+234(0)7037539727', '', 0, ''),
(136, '24 Ifite-Ukpo Street.  Off Dr Fasheun Avenue.  Okota.', 130, 25, 121, 1, '+234(0)8169071513', '', 0, ''),
(137, '7 Nosiru Asa Afariogun street.  Alan', 130, 25, 122, 1, '+234(0)8023314703', '', 0, ''),
(138, '9 Agbabiaka Street.  Off Ago Palace way.  Okota', 130, 25, 123, 1, '+234(0)8035062885', '', 0, ''),
(139, '11 Seinde Calisto Crescent.  Off Charity', 130, 25, 124, 1, '+234(01)7364389', '+234(0)8027330667', 0, ''),
(140, '10 Adejumobi street.  Orile.  Oshodi', 130, 25, 125, 1, '+234(0)8022491675', '', 0, ''),
(141, '5 Osundeyi street.  Mafoluku.  Oshodi', 130, 25, 126, 1, '+234(0)8037159129', '', 0, ''),
(142, '50 Ajoke Okusanya street.  Ago Okota way.', 130, 25, 127, 1, '+234(0)8023379673', '', 0, ''),
(143, '6 Awoniyi Elemo.  Ajao Estate', 130, 25, 128, 1, '+234(0)8073643972', '', 0, ''),
(144, 'Plot 1388 Hakeem Agboola Crescent.  By Joseph Orru street.  Alao bus stop.  Off Festac link road.', 130, 25, 129, 1, '+234(0)8023108533', '+234(0)7034159890', 0, ''),
(145, '19 Oludegun street.  Ire Akari Estate.  ', 130, 25, 130, 1, '+234(0)8026450527', '+234(0)8023091198', 0, ''),
(146, '20 Akinpelu street.  Opposite Akinpelu Police station', 130, 25, 131, 1, '+234(0)8024246811', '', 0, ''),
(147, '19/21 Holy Saviour road.', 878, 25, 132, 1, '+234(0)8023470500', '', 0, ''),
(148, '46 Old Ewu road.  Mafoluku.  Oshodi', 130, 25, 133, 1, '+234(0)8062737539', '', 0, ''),
(149, 'Plot 9, Oshodi Apapa Expressway.  Oke bus stop.  Oshodi', 130, 25, 134, 1, '+234(0)8104911921', '', 0, ''),
(150, '1 Abayomi Adewale Road.  Off Taiwo street.  Ago Palace way.  Okota.', 130, 25, 135, 1, '+234(0)8033527120', '', 0, ''),
(151, 'Plot 5, Godwin Osadebe Akiti Drive.  Okota', 130, 25, 136, 1, '+234(0)8035610594', '', 0, ''),
(152, '7 Bello Street.  Off Makinde, Mafoluku.  ', 130, 25, 137, 1, '', '', 0, ''),
(153, '4 Canal View.  Ajao Estate.', 130, 25, 138, 1, '+234(0)8023775021', '', 0, ''),
(154, '41 Mushin Road', 878, 25, 139, 1, '+234(0)8033473854', '', 0, ''),
(155, 'Plot 33/35 Ajoke Okusanya street.  Off Okiki street.  Ago.  Okota', 130, 25, 140, 1, '+234(0)8035372430', '', 0, ''),
(156, '28 Joy Avenue.  Ajao Estate.', 130, 25, 141, 1, '+234(0)8023140100', '', 0, ''),
(157, '3 Gani Williams close.  Off Osolo way.  Ajao.', 131, 25, 142, 1, '+234(0)8035187127', '', 0, ''),
(158, 'Ugali Street.  Ire-Akari.', 878, 25, 143, 1, '+234(0)8032910448', '', 0, ''),
(159, '1 Ajibade Oke street.  Ajao.', 878, 25, 144, 1, '+234(01)7742061', '', 0, ''),
(160, '40B Ire Akari Estate.', 878, 25, 145, 1, '+234(0)8027572495', '', 0, ''),
(161, '6 Osolo way.  Ajao Estate.', 130, 25, 146, 1, '+234(01)4528247', '', 0, ''),
(162, '11/13 Kolex Avenue.  Off Osolo way.  Off Murtala Mohammed International  airport road.', 130, 25, 147, 1, '+234(0)7058881999', '', 0, ''),
(163, '38 Afariogun street.  Mafoluku.  Oshodi.', 130, 25, 148, 1, '+234(0)8025523496', '', 0, ''),
(164, '49 Bello Street.  Ladipo.', 130, 25, 149, 1, '+234(0)7086921015', '', 0, ''),
(165, '17 Adewale Crescent.  L.S.D.P.C. Layout.  Oshodi', 130, 25, 150, 1, '+234(0)8023593429', '', 0, ''),
(166, '39 Daodu street.  Oshodi.', 130, 25, 151, 1, '+234(0)8027802907', '', 0, ''),
(167, '30 Asiriabo street.  Off Adekunle street.  Isolo.', 130, 25, 152, 1, '', '', 0, ''),
(168, '36 Olufemi Peters Street.  Ire-Akari Estate.  Isolo', 130, 25, 153, 1, '+234(0)8053356497', '+234(0)8037767449', 0, ''),
(169, '85 Igbehinadun street.  Bolade junction.  Agege Motor road.', 130, 25, 154, 1, '+234(0)8064437281', '', 0, ''),
(170, '103 Mafoluku road.  Oshodi.', 130, 25, 155, 1, '+234(0)8056253457', '', 0, ''),
(171, '34 Alhaji Azeez Street, Beesam.  Mafoluku.', 130, 25, 156, 1, '+234(0)8039563321', '+234(01)8934691', 0, ''),
(172, 'Asa Afariogun street.  Ajao Estate.', 130, 25, 157, 1, '+234(0)7055841483', '', 0, ''),
(173, 'Murtala Mohammed Internation Airport road', 130, 25, 158, 1, '+234(0)8033128253', '', 0, ''),
(174, '12 Ariyibi Oke street.  Oshodi', 130, 25, 159, 1, '+234(0)8028832240', '', 0, ''),
(175, '8 Kunle Akinoso street.  Off Oshodi road.', 130, 25, 160, 1, '+234(0)8028832240', '', 0, ''),
(176, 'Murtala Mohammed Airport road', 130, 25, 161, 1, '+234(0)8063646461', '', 0, ''),
(177, '18 Olowoporoku street, Mafoluku.', 130, 25, 162, 1, '', '', 0, ''),
(178, '24A Seinde Calisto Crescent', 130, 25, 163, 1, '+234(0)8182313186', '', 0, ''),
(179, '1 Asa Afariogun street.  Ajao Estate', 130, 25, 164, 1, '', '', 0, ''),
(180, '12 Owoseseni street.  Oshodi', 130, 25, 165, 1, '+234(0)8022696666', '', 0, ''),
(181, '28 Fatai Irawo street.  Ajao.  Murtala Mohammed Airport road', 130, 25, 166, 1, '+234(01)4061051', '', 0, ''),
(182, '5 Old Ewu road.  Off International Airport road.', 130, 25, 167, 1, '+234(0)7040985971', '', 0, ''),
(183, '24 Ajibade Oke street.  Asa Afariogun street.  Off Murtala Mohammed International Airport', 130, 25, 168, 1, '+234(0)8027017852', '', 0, ''),
(184, '70 Green Street.  L.S.D.P.C.', 130, 25, 169, 1, '+234(0)8033033889', '', 0, ''),
(185, '21/23 Cecilia Odutuga Crescent.  Ilasamaja', 130, 25, 170, 1, '+234(0)8023070368', '', 0, ''),
(186, '82 Old Ewu road.  Mafoluku', 130, 25, 171, 1, '+234(0)8026609443', '', 0, ''),
(187, '63 Ire-Akari Estate.  Isolo', 130, 25, 172, 1, '+234(0)8023373220', '+234(0)8091670196', 0, ''),
(188, 'Adegbola street.  Ilasamaja', 130, 25, 173, 1, '+234(0)8023456536', '', 0, ''),
(189, '1A Oyewole way.  Ire-Akari.  Isolo', 130, 25, 174, 1, '+234(0)7028612744', '', 0, ''),
(190, '3 Alhaji Azeez Street.  Mafoluku', 130, 25, 175, 1, '+234(0)8023136220', '', 0, ''),
(191, '1 Alhaji Bisiriyu Drive.  Okota.', 130, 25, 176, 1, '+234(0)7029276899', '', 0, ''),
(192, '65 Makinde Street.  Mafoluku', 130, 25, 177, 1, '', '', 0, ''),
(193, '11 Akinola Sholanke.  Ajao Estate.', 130, 25, 178, 1, '+234(0)8038395804', '', 0, ''),
(194, 'Olomuyiwa Siwoku street.  Off Osolo.', 130, 25, 179, 1, '+234(0)8029563319', '', 0, ''),
(195, 'Olomuyiwa Siwoku street.  Off Osolo.', 130, 25, 180, 1, '+234(0)8029563319', '', 0, ''),
(196, 'Block 30 Aregbesola street.  Ago Palaceway.  Okota', 130, 25, 181, 1, '+234(0)8042131660', '+234(0)8034158436', 0, ''),
(197, '3/5 Olayinka Adenubi street.  Mafoluku. Oshodi', 130, 25, 182, 1, '+234(0)33630705', '', 0, ''),
(198, '3/5 Olayinka Adenubi street.  Mafoluku. Oshodi', 130, 25, 183, 1, '+234(0)33630705', '', 0, ''),
(199, '5/7 Community road.   New road bus stop.  Ago Palaceway.  Okota', 130, 25, 184, 1, '+234(0)8037277189', '', 0, ''),
(200, 'Ire Akari road.  Isolo', 130, 25, 185, 1, '+234(0)8068493880', '', 0, ''),
(201, '31/33 Dr Fasheun Avenue.  Ago Palaceway.  Okota', 130, 25, 186, 1, '+234(0)8038276299', '', 0, ''),
(202, '6 Raji Abayomi Street.  Oshodi', 130, 25, 187, 1, '+234(0)8168286403', '', 0, ''),
(203, '4 Lateef Salami street.  Ajao Estate.', 130, 25, 188, 1, '+234(0)8058039646', '', 0, ''),
(204, '43 Murtala Mohammed Road.  ', 130, 25, 189, 1, '+234(0)8033044337', '', 0, ''),
(205, '3 Olayinka Adenubi Street.  Mafoluku.  Oshodi', 130, 25, 190, 1, '+234(0)8033630705', '', 0, ''),
(206, '15 Mafoluku Road.  Muri-Aka bus stop.  Oshodi', 130, 25, 191, 1, '+234(0)8099033120', '', 0, ''),
(207, '44 Okeho street.  Ire-Akari.  Isolo', 130, 25, 192, 1, '+234(0)8033017488', '+234(0)8033341154', 0, ''),
(208, 'Aswani road.  Isolo', 130, 25, 193, 1, '+234(0)8039769822', '', 0, ''),
(209, '8 Alhaji Agbeke street.   Ago Palaceway.  Okota.', 130, 25, 194, 1, '+234(0)8067339753', '', 0, ''),
(210, '114 Old Ewu road.  Aviation estate', 130, 25, 195, 1, '+234(0)8022538541', '', 0, ''),
(211, '13 Banana close.  Ajao Estate', 130, 25, 196, 1, '+234(0)7033530557', '', 0, ''),
(212, '28 Godwin Omonua street.  Ire-Akari Estate.  Isolo', 130, 25, 197, 1, '+234(0)8033200805', '', 0, ''),
(213, 'Sanni street.  Ilasamaja.', 130, 25, 198, 1, '+234(0)8098188430', '+234(0)8023444840', 0, ''),
(214, '17 Taiwo street.  Ilasamaja.', 130, 25, 199, 1, '+234(0)8023444840', '', 0, ''),
(215, '22 Owoseni street.  Oshodi', 130, 25, 200, 1, '+234(0)8066513161', '', 0, ''),
(216, '4 Akin Lawanson street.  Charity.  Oshodi', 130, 25, 201, 1, '', '', 0, ''),
(217, '21 Ashiriabo street.  Isolo', 130, 25, 202, 1, '+234(0)8080309556', '', 0, ''),
(218, '21 Ashiriabo street.  Isolo', 130, 25, 203, 1, '+234(0)8080309556', '', 0, ''),
(219, '62 Ago Palacewway.  Okota', 130, 25, 204, 1, '+234(0)8025148592', '', 0, ''),
(220, '40 Bolande street.  Off Oshodi road.  Oshodi', 130, 25, 205, 1, '+234(0)8033298887', '', 0, ''),
(221, '34 Ajose street.  Ilasamaja', 130, 25, 206, 1, '+234(0)8030488060', '', 0, ''),
(222, '1 Asa fariogun street.  Ajao Estate.', 130, 25, 207, 1, '+234(0)7069549759', '', 0, ''),
(223, '485 Agege Motor road.  Bolade Junction', 130, 25, 208, 1, '+234(0)8029467328', '', 0, ''),
(224, '35/39 Siende Calisto.  Oshodi', 130, 25, 209, 1, '+234(0)8058702443', '+234(0)7086421268', 0, ''),
(225, '25 Fatai Irawo street. Ajao Estate', 130, 25, 210, 1, '+234(0)8033218013', '', 0, ''),
(226, '7 Hamidu Williams Street.  Okota', 130, 25, 211, 1, '+234(0)8103430090', '', 0, ''),
(227, '12 Salako street.  Mafoluku.  Oshodi', 130, 25, 212, 1, '', '', 0, ''),
(228, '12 Salako Street.  Mafoluku.  Oshodi', 130, 25, 213, 1, '', '', 0, ''),
(229, '46/48 Awoniyi Elemo street.  Ajao estate', 130, 25, 214, 1, '+234(01)7605135', '', 0, ''),
(230, '11 Asa Afariogun street.  Ajao estate', 130, 25, 215, 1, '+234(0)8070690962', '', 0, ''),
(231, 'Ire Akari road.  Isolo', 130, 25, 216, 1, '+234(0)8025330666', '', 0, ''),
(232, '4 Ijaiye street.  Off Branco street.  Mafoluku', 130, 25, 217, 1, '+234(0)8084391445', '+234(0)8056181574', 0, ''),
(233, 'Plot 22 L.S.D.P.C Estate.  Isolo.', 130, 25, 218, 1, '', '', 0, ''),
(234, '28 Raji Abayomi street.  Mafoluku.  Oshodi', 130, 25, 219, 1, '+234(0)8037824063', '', 0, ''),
(235, 'Godwin Omonua.  Ir Akari Estate', 130, 25, 220, 1, '+234(0)8037824063', '', 0, ''),
(236, '22/27 Kaara street.  Ajao estate', 130, 25, 221, 1, '+234(0)8033256159', '', 0, ''),
(237, '5 Betty Pride way.  Ajao Estate', 130, 25, 222, 1, '', '', 0, ''),
(238, '22 Mosaku street.  Oshodi', 130, 25, 223, 1, '+234(0)8068723234', '', 0, ''),
(239, '9 Ilori Street.  Ire Akari road.  Isolo', 130, 25, 224, 1, '+234(0)8191864483', '+234(0)8068493880', 0, ''),
(240, '1 Asa Afariogun street.  Ajao Estate', 130, 25, 225, 1, '+234(0)8069366776', '', 0, ''),
(241, '44 Dosumu Street.  Mafoluku.  Oshodi', 130, 25, 226, 1, '+234(0)8038207338', '', 0, ''),
(242, '1 Godwin Omonua street.  Ire Akari estate road.  Isolo', 130, 25, 227, 1, '+234(0)8023235396', '', 0, ''),
(243, '28 Aina street.  Ire Akari estate.  Isolo', 130, 25, 228, 1, '+234(0)8084930705', '+234(0)8023051949', 0, ''),
(244, '2/4 Bayo Oyewole street.  Ago Palace way.  Ago. ', 130, 25, 229, 1, '', '', 0, ''),
(245, '28 Banjoko street.  Oshodi', 130, 25, 230, 1, '+234(0)8028496514', '', 0, ''),
(246, '5B Godwin Omonua street.  Ire Akari.', 130, 25, 231, 1, '+234(0)8033045891', '', 0, ''),
(247, 'Old Ewu road junction.  Aviation Estate road.  Mafoluku', 130, 25, 232, 1, '+234(0)8166517040', '', 0, ''),
(248, '37 Alabe street.  Off Victoria street.  Osolo way.', 130, 25, 233, 1, '+234(0)7027704877', '', 0, ''),
(249, 'Old Ewu road junction.  Aviation estate road.  Mafoluku', 130, 25, 234, 1, '+234(0)7037711910', '', 0, ''),
(250, 'Mafoluku road.  Oshodi', 130, 25, 235, 1, '', '', 0, ''),
(251, 'Okota road.  Isolo', 130, 25, 236, 1, '', '', 0, '');

-- --------------------------------------------------------

--
-- Table structure for table `biz`
--

CREATE TABLE `biz` (
  `id` int(10) UNSIGNED NOT NULL,
  `name` text COLLATE utf8_unicode_ci NOT NULL,
  `contactname` varchar(255) COLLATE utf8_unicode_ci NOT NULL,
  `website` varchar(255) COLLATE utf8_unicode_ci NOT NULL,
  `created_at` timestamp NOT NULL DEFAULT CURRENT_TIMESTAMP,
  `updated_at` timestamp NOT NULL DEFAULT '0000-00-00 00:00:00',
  `user_id` int(10) UNSIGNED NOT NULL,
  `rating_cache` decimal(2,1) UNSIGNED NOT NULL DEFAULT '3.0',
  `rating_count` int(10) UNSIGNED NOT NULL DEFAULT '0',
  `slug` text COLLATE utf8_unicode_ci NOT NULL,
  `featured` varchar(5) COLLATE utf8_unicode_ci NOT NULL DEFAULT 'NO',
  `description` text COLLATE utf8_unicode_ci NOT NULL,
  `icon` varchar(255) COLLATE utf8_unicode_ci NOT NULL,
  `owner` int(10) UNSIGNED DEFAULT NULL,
  `claimed` tinyint(4) NOT NULL DEFAULT '0',
  `tagline` text COLLATE utf8_unicode_ci NOT NULL,
  `status` varchar(50) COLLATE utf8_unicode_ci NOT NULL DEFAULT 'public'
) ENGINE=InnoDB DEFAULT CHARSET=utf8 COLLATE=utf8_unicode_ci;

--
-- Dumping data for table `biz`
--

INSERT INTO `biz` (`id`, `name`, `contactname`, `website`, `created_at`, `updated_at`, `user_id`, `rating_cache`, `rating_count`, `slug`, `featured`, `description`, `icon`, `owner`, `claimed`, `tagline`, `status`) VALUES
(1, 'guaranty trust bank plc', '', '', '2016-06-15 17:44:56', '2016-06-15 17:44:56', 3, '3.0', 0, 'guaranty-trust-bank-plc', 'NO', 'Guaranty Trust Bank plc is a foremost Nigerian financial institution with vast business outlays spanning Anglophone/Francophone, West Africa, East Africa and the United Kingdom', '', 3, 1, 'Wouldn\'t you rather bank with us', 'pending'),
(2, 'guaranty trust bank plc', '', '', '2016-06-15 18:06:13', '2016-06-15 18:06:13', 3, '3.0', 0, 'guaranty-trust-bank-plc', 'NO', 'Gtbank is a foremost Nigerian financial institution with vast business outlays spanning Anglophone/Francophone, West Africa, East Africa and the United Kingdom', '', 3, 1, 'Wouldn\'t you rather bank with us', 'pending'),
(3, 'guaranty trust bank plc', '', '', '2016-06-15 18:15:40', '2016-06-15 18:15:40', 3, '3.0', 0, 'guaranty-trust-bank-plc', 'NO', 'Gtbank is a foremost Nigerian financial institution with vast business outlays spanning Anglophone/Francophone, West Africa, East Africa and the United Kingdom.', '', 3, 1, 'Wouldn\'t you rather bank with us', 'pending'),
(4, 'guaranty trust bank plc', '', '', '2016-06-15 18:47:52', '2016-06-15 18:47:52', 3, '3.0', 0, 'guaranty-trust-bank-plc', 'NO', 'Guaranty Trust Bank plc is a foremost Nigerian financial institution with vast business outlays spanning Anglophone/Francophone, West Africa, East Africa and the United Kingdom.', '', 3, 1, 'Wouldn\'t you rather bank with us', 'pending'),
(5, 'guaranty trust bank plc', '', '', '2016-06-15 19:04:30', '2016-06-15 19:04:30', 3, '3.0', 0, 'guaranty-trust-bank-plc', 'NO', 'Guaranty Trust Bank plc is a foremost Nigerian financial institution with vast business outlays spanning Anglophone/Francophone, West Africa, East Africa and the United Kingdom', '', 3, 1, 'Wouldn\'t you rather bank with us', 'pending'),
(6, 'guaranty trust bank plc', '', '', '2016-06-15 19:26:51', '2016-06-15 19:26:51', 3, '3.0', 0, 'guaranty-trust-bank-plc', 'NO', 'Gtbank is a foremost Nigerian financial institution with vast business outlays spanning Anglophone/Francophone, West Africa, East Africa and the United Kingdom', '', 3, 1, 'Wouldn\'t you rather bank with us', 'pending'),
(7, 'guaranty trust bank plc', '', '', '2016-06-15 19:35:46', '2016-06-15 19:35:46', 3, '3.0', 0, 'guaranty-trust-bank-plc', 'NO', 'GTBank is a foremost Nigerian financial institution with vast business outlays spanning Anglophone/Francophone, West Africa, East Africa and the United Kingdom.', '', 3, 1, 'Wouldn\'t you rather bank with us', 'pending'),
(8, 'guaranty trust bank plc', '', '', '2016-06-15 19:38:55', '2016-06-15 19:38:55', 3, '3.0', 0, 'guaranty-trust-bank-plc', 'NO', 'GTbank  is a foremost Nigerian financial institution with vast business outlays spanning Anglophone/Francophone, West Africa, East Africa and the United Kingdom', '', 3, 1, 'Wouldn\'t you rather bank with us', 'pending'),
(9, 'guaranty trust bank plc', '', '', '2016-06-15 19:53:16', '2016-06-15 19:53:16', 3, '3.0', 0, 'guaranty-trust-bank-plc', 'NO', 'GTbank is a foremost Nigerian financial institution with vast business outlays spanning Anglophone/Francophone, West Africa, East Africa and the United Kingdom.', '', 3, 1, 'Wouldn\'t you rather bank with us', 'pending'),
(10, 'guaranty trust bank plc', '', '', '2016-06-15 20:01:49', '2016-06-15 20:01:49', 3, '3.0', 0, 'guaranty-trust-bank-plc', 'NO', 'GTBank  is a foremost Nigerian financial institution with vast business outlays spanning Anglophone/Francophone, West Africa, East Africa and the United Kingdom.', '', 3, 1, 'Wouldn\'t you rather bank with us', 'pending'),
(11, 'guaranty trust bank plc', '', '', '2016-06-15 20:07:05', '2016-06-15 20:07:05', 3, '3.0', 0, 'guaranty-trust-bank-plc', 'NO', 'GTbank is a foremost Nigerian financial institution with vast business outlays spanning Anglophone/Francophone, West Africa, East Africa and the United Kingdom.', '', 3, 1, 'Wouldn\'t you rather bank with us', 'pending'),
(12, 'guaranty trust bank plc', '', '', '2016-06-15 20:09:55', '2016-06-15 20:09:55', 3, '3.0', 0, 'guaranty-trust-bank-plc', 'NO', 'Gtbank is a foremost Nigerian financial institution with vast business outlays spanning Anglophone/Francophone, West Africa, East Africa and the United Kingdom.', '', 3, 1, 'Wouldn\'t you rather bank with us', 'pending'),
(13, 'guaranty trust bank plc', '', '', '2016-06-15 20:17:22', '2016-06-15 20:17:22', 3, '3.0', 0, 'guaranty-trust-bank-plc', 'NO', 'Gtbank is a foremost Nigerian financial institution with vast business outlays spanning Anglophone/Francophone, West Africa, East Africa and the United Kingdom.', '', 3, 1, 'Wouldn\'t you rather bank with us', 'pending'),
(14, 'guaranty trust bank plc', '', '', '2016-06-15 20:24:02', '2016-06-15 20:24:02', 3, '3.0', 0, 'guaranty-trust-bank-plc', 'NO', 'Gtbank is a foremost Nigerian financial institution with vast business outlays spanning Anglophone/Francophone, West Africa, East Africa and the United Kingdom.', '', 3, 1, 'Wouldn\'t you rather bank with us', 'pending'),
(15, 'guaranty trust bank plc', '', '', '2016-06-15 21:10:43', '2016-06-15 21:10:43', 3, '3.0', 0, 'guaranty-trust-bank-plc', 'NO', 'GTbank  is a foremost Nigerian financial institution with vast business outlays spanning Anglophone/Francophone, West Africa, East Africa and the United Kingdom.', '', 3, 1, 'Wouldn\'t you rather bank with us', 'pending'),
(16, 'guaranty trust bank plc', '', '', '2016-06-15 21:14:34', '2016-06-15 21:14:34', 3, '3.0', 0, 'guaranty-trust-bank-plc', 'NO', 'Gtbank  is a foremost Nigerian financial institution with vast business outlays spanning Anglophone/Francophone, West Africa, East Africa and the United Kingdom.', '', 3, 1, 'Wouldn\'t you rather bank with us', 'pending'),
(17, 'guaranty trust bank plc', '', '', '2016-06-15 21:20:08', '2016-06-15 21:20:08', 3, '3.0', 0, 'guaranty-trust-bank-plc', 'NO', 'Gtbank  is a foremost Nigerian financial institution with vast business outlays spanning Anglophone/Francophone, West Africa, East Africa and the United Kingdom.', '', 3, 1, 'Wouldn\'t you rather bank with us', 'pending'),
(18, 'guaranty trust bank plc', '', '', '2016-06-15 21:24:33', '2016-06-15 21:24:33', 3, '3.0', 0, 'guaranty-trust-bank-plc', 'NO', 'Gtbank  is a foremost Nigerian financial institution with vast business outlays spanning Anglophone/Francophone, West Africa, East Africa and the United Kingdom.', '', 3, 1, 'Wouldn\'t you rather bank with us', 'pending'),
(19, 'guaranty trust bank plc', '', '', '2016-06-15 21:26:45', '2016-06-15 21:26:45', 3, '3.0', 0, 'guaranty-trust-bank-plc', 'NO', 'Gtbank  is a foremost Nigerian financial institution with vast business outlays spanning Anglophone/Francophone, West Africa, East Africa and the United Kingdom.', '', 3, 1, 'Wouldn\'t you rather bank with us', 'pending'),
(20, 'guaranty trust bank plc', '', '', '2016-06-15 21:28:42', '2016-06-15 21:28:42', 3, '3.0', 0, 'guaranty-trust-bank-plc', 'NO', 'Gtbank  is a foremost Nigerian financial institution with vast business outlays spanning Anglophone/Francophone, West Africa, East Africa and the United Kingdom.', '', 3, 1, 'Wouldn\'t you rather bank with us', 'pending'),
(21, 'guaranty trust bank plc', '', '', '2016-06-15 21:31:10', '2016-06-15 21:31:10', 3, '3.0', 0, 'guaranty-trust-bank-plc', 'NO', 'Gtbank  is a foremost Nigerian financial institution with vast business outlays spanning Anglophone/Francophone, West Africa, East Africa and the United Kingdom.', '', 3, 1, 'Wouldn\'t you rather bank with us', 'pending'),
(22, 'guaranty trust bank plc', '', '', '2016-06-15 21:34:11', '2016-06-15 21:34:11', 3, '3.0', 0, 'guaranty-trust-bank-plc', 'NO', 'Gtbank  is a foremost Nigerian financial institution with vast business outlays spanning Anglophone/Francophone, West Africa, East Africa and the United Kingdom.', '', 3, 1, 'Wouldn\'t you rather bank with us', 'pending'),
(23, 'guaranty trust bank plc', '', '', '2016-06-15 21:37:24', '2016-06-15 21:37:24', 3, '3.0', 0, 'guaranty-trust-bank-plc', 'NO', 'Gtbank  is a foremost Nigerian financial institution with vast business outlays spanning Anglophone/Francophone, West Africa, East Africa and the United Kingdom.', '', 3, 1, 'Wouldn\'t you rather bank with us', 'pending'),
(24, 'access bank plc', '', '', '2016-06-16 00:08:51', '2016-06-16 00:08:51', 3, '3.0', 0, 'access-bank-plc', 'NO', 'Access Bank Plc is a full service commercial Bank operating through a network of about 366 branches and service outlets located in major centres across Nigeria, Sub Saharan Africa and the United Kingdom. Listed on the Nigerian Stock Exchange in 1998, the Bank serves its various markets through 4 business segments: Personal, Business, Commercial and Corporate & Investment banking.', '', 3, 1, 'Happy customer,happy bank', 'pending'),
(25, 'access bank plc', '', '', '2016-06-16 00:15:23', '2016-06-16 00:15:23', 3, '3.0', 0, 'access-bank-plc', 'NO', 'Access Bank Plc is a full service commercial Bank operating through a network of about 366 branches and service outlets located in major centres across Nigeria, Sub Saharan Africa and the United Kingdom. Listed on the Nigerian Stock Exchange in 1998, the Bank serves its various markets through 4 business segments: Personal, Business, Commercial and Corporate & Investment banking.', '', 3, 1, 'Happy customer,happy bank', 'pending'),
(26, 'access bank plc', '', '', '2016-06-16 00:18:26', '2016-06-16 00:18:26', 3, '3.0', 0, 'access-bank-plc', 'NO', 'Access Bank Plc is a full service commercial Bank operating through a network of about 366 branches and service outlets located in major centres across Nigeria, Sub Saharan Africa and the United Kingdom. Listed on the Nigerian Stock Exchange in 1998, the Bank serves its various markets through 4 business segments: Personal, Business, Commercial and Corporate & Investment banking', '', 3, 1, 'Happy customer, happy bank', 'pending'),
(27, 'access bank plc', '', '', '2016-06-16 00:23:52', '2016-06-16 00:23:52', 3, '3.0', 0, 'access-bank-plc', 'NO', 'Access Bank Plc is a full service commercial Bank operating through a network of about 366 branches and service outlets located in major centres across Nigeria, Sub Saharan Africa and the United Kingdom. Listed on the Nigerian Stock Exchange in 1998, the Bank serves its various markets through 4 business segments: Personal, Business, Commercial and Corporate & Investment banking.', '', 3, 1, 'Happy customer, happy bank', 'pending'),
(28, 'access bank plc', '', '', '2016-06-16 00:29:19', '2016-06-16 00:29:19', 3, '3.0', 0, 'access-bank-plc', 'NO', 'Access Bank Plc is a full service commercial Bank operating through a network of about 366 branches and service outlets located in major centres across Nigeria, Sub Saharan Africa and the United Kingdom. Listed on the Nigerian Stock Exchange in 1998, the Bank serves its various markets through 4 business segments: Personal, Business, Commercial and Corporate & Investment banking.', '', 3, 1, 'Happy customers, happy bank', 'pending'),
(29, 'access bank plc', '', '', '2016-06-16 00:33:02', '2016-06-16 00:33:02', 3, '3.0', 0, 'access-bank-plc', 'NO', 'Access Bank Plc is a full service commercial Bank operating through a network of about 366 branches and service outlets located in major centres across Nigeria, Sub Saharan Africa and the United Kingdom. Listed on the Nigerian Stock Exchange in 1998, the Bank serves its various markets through 4 business segments: Personal, Business, Commercial and Corporate & Investment banking', '', 3, 1, 'Happy customers,happy bank', 'pending'),
(30, 'access bank plc', '', '', '2016-06-16 00:36:19', '2016-06-16 00:36:19', 3, '3.0', 0, 'access-bank-plc', 'NO', 'Access Bank Plc is a full service commercial Bank operating through a network of about 366 branches and service outlets located in major centres across Nigeria, Sub Saharan Africa and the United Kingdom. Listed on the Nigerian Stock Exchange in 1998, the Bank serves its various markets through 4 business segments: Personal, Business, Commercial and Corporate & Investment banking.', '', 3, 1, 'Happy customer,happy bank', 'pending'),
(31, 'access bank plc', '', '', '2016-06-16 00:41:44', '2016-06-16 00:41:44', 3, '3.0', 0, 'access-bank-plc', 'NO', 'Access Bank Plc is a full service commercial Bank operating through a network of about 366 branches and service outlets located in major centres across Nigeria, Sub Saharan Africa and the United Kingdom. Listed on the Nigerian Stock Exchange in 1998, the Bank serves its various markets through 4 business segments: Personal, Business, Commercial and Corporate & Investment banking.', '', 3, 1, 'Happy customer,happy bank', 'pending'),
(32, 'access bank plc', '', '', '2016-06-16 00:45:19', '2016-06-16 00:45:19', 3, '3.0', 0, 'access-bank-plc', 'NO', 'Access Bank Plc is a full service commercial Bank operating through a network of about 366 branches and service outlets located in major centres across Nigeria, Sub Saharan Africa and the United Kingdom. Listed on the Nigerian Stock Exchange in 1998, the Bank serves its various markets through 4 business segments: Personal, Business, Commercial and Corporate & Investment banking.', '', 3, 1, 'Happy customer,happy bank', 'pending'),
(33, 'access bank plc', '', '', '2016-06-16 00:49:19', '2016-06-16 00:49:19', 3, '3.0', 0, 'access-bank-plc', 'NO', 'Access Bank Plc is a full service commercial Bank operating through a network of about 366 branches and service outlets located in major centres across Nigeria, Sub Saharan Africa and the United Kingdom. Listed on the Nigerian Stock Exchange in 1998, the Bank serves its various markets through 4 business segments: Personal, Business, Commercial and Corporate & Investment banking.', '', 3, 1, 'Happy customers, happy bank', 'pending'),
(34, 'bungalows', '', 'www.bungalowrestaurant.com', '2016-07-09 10:06:48', '2016-07-09 10:06:49', 5, '3.0', 0, 'bungalows', 'NO', 'This is a relaxing environment where good food is served and a vari', '', 5, 1, 'Restaurant, good food, drinks,  sushi, online food delivery', 'pending'),
(35, 'rodizzio', '', 'www.rodizzio.com', '2016-07-09 10:49:11', '2016-07-09 10:49:11', 5, '3.0', 0, 'rodizzio', 'NO', 'A relaxing environment where good food and a variety of drinks are served.', '', 5, 1, 'Restaurant, bar, nightlife, cocktails, events, food', 'pending'),
(36, 'american international school', 'Ms Abisoye Taylor', 'www.aisabuja.com', '2016-07-09 11:38:54', '2016-07-09 11:38:54', 5, '3.0', 0, 'american-international-school', 'NO', 'The American International School of Abuja is an American-accredited international school that has been open since 1993. We have approximately 500 students from Pre-School to Grade 12 and are truly an international school with over 30 nationalities represented in our student population. We are located in the capital city of Abuja, Nigeria.', '', 5, 1, 'Primary education, Elementary education, Academics, Teaching staff, Educuational jobs sector', 'pending'),
(37, 'grange school', '', 'www.grangeschool.com', '2016-07-09 12:01:50', '2016-07-09 12:01:50', 5, '3.0', 0, 'grange-school', 'NO', 'Grange School is an all through 5 to 16 day and residential School in which pupils, teachers and parents, work and learn together.  Grange operates as a not-for-profit, co-educational, English National Curriculum, independent, day school set on beautiful grounds within the Government Reservation Area (GRA), Ikeja, on the mainland part of Lagos in Nigeria. An off-campus “House” has been included to provide a boarding service to parents and pupils. Our spacious campus includes a variety of well maintained facilities which create an attractive environment for learning.  Grange School was founded in 1958 by a group of well-meaning British expatriates, to provide education of equivalent standard to that which obtains in the UK.', '', 5, 1, 'Primary education, Elementary education, Teaching jobs, Educational sector jobs', 'pending'),
(38, 'polo ralph lauren lounge', '', '', '2016-07-09 12:51:52', '2016-07-09 12:51:52', 5, '3.0', 0, 'polo-ralph-lauren-lounge', 'NO', 'Quality men\'s and women\'s clothing at great prices. ', '', 5, 1, 'Fashion, menswear, womenswear, accessories, hats, perfumes', 'pending'),
(39, 'king\'s college lagos', 'Registrar\'s office', 'www.kingscollegelagos.com', '2016-07-12 13:00:39', '2016-07-12 13:00:39', 5, '3.0', 0, 'kings-college-lagos', 'NO', 'A foremost Nigerian college, promoting unity in diversity and nurturing globally competitive and chivalrous gentlemen, worthy in character and learning.', '', 5, 1, 'All boys Secondary school, boarding and day school', 'pending'),
(40, 'queen\'s college lagos', '', 'www.queenscollegelagos.com', '2016-07-12 13:17:22', '2016-07-12 13:17:22', 5, '3.0', 0, 'queens-college-lagos', 'NO', 'A girls secondary school leading in academics and character, achieved through sound moral, quality and sustainable education.', '', 5, 1, 'All girls secondary school, boarding and day facilities', 'pending'),
(41, 'ikoyi club', '', 'www.ikoyiclub1938.net', '2016-07-12 13:36:46', '2016-07-12 13:36:46', 5, '3.0', 0, 'ikoyi-club', 'NO', '', '', 5, 1, 'Sports and leisure, private members sports and leisure club', 'pending'),
(42, 'sweet sensation', '', 'www.swagger2sweetsensation.com', '2016-07-12 14:09:35', '2016-07-12 14:09:35', 5, '3.0', 0, 'sweet-sensation', 'NO', 'A relaxing restaurant serving great food and variety of drinks.', '', 5, 1, 'Fast food, Eatery', 'pending'),
(43, 'sweet sensation', '', 'www.swagger2sweetsensation.com', '2016-07-12 14:19:10', '2016-07-12 14:19:10', 5, '3.0', 0, 'sweet-sensation', 'NO', 'A relaxing restaurant serving great food and variety of drinks.', '', 5, 1, 'Fast food, Eatery', 'pending'),
(44, 'sweet sensation', '', 'www.swagger2sweetsensation.com', '2016-07-12 14:25:42', '2016-07-12 14:25:42', 5, '3.0', 0, 'sweet-sensation', 'NO', 'A relaxing restaurant serving great food and variety of drinks.', '', 5, 1, 'Fast food, Eatery', 'pending'),
(45, 'sweet sensation', '', 'www.swagger2sweetsensation.com', '2016-07-12 14:40:41', '2016-07-12 14:40:41', 5, '3.0', 0, 'sweet-sensation', 'NO', 'A relaxing restaurant serving great food and variety of drinks.', '', 5, 1, 'Fast food, Eatery', 'pending'),
(46, 'sweet sensation', '', 'www.swagger2sweetsensation.com', '2016-07-12 14:48:49', '2016-07-12 14:48:49', 5, '3.0', 0, 'sweet-sensation', 'NO', 'A relaxing restaurant serving great food and variety of drinks.', '', 5, 1, 'Fast food, Eatery', 'pending'),
(47, 'sweet sensation', '', 'www.swagger2sweetsensation.com', '2016-07-12 14:52:57', '2016-07-12 14:52:57', 5, '3.0', 0, 'sweet-sensation', 'NO', 'A relaxing restaurant serving great food and variety of drinks.', '', 5, 1, 'Fast food, Eatery', 'pending'),
(48, 'sweet sensation', '', 'www.swagger2sweetsensation.com', '2016-07-12 15:00:27', '2016-07-12 15:00:27', 5, '3.0', 0, 'sweet-sensation', 'NO', 'A relaxing restaurant serving great food and variety of drinks.', '', 5, 1, 'Fast food, Eatery', 'pending'),
(49, 'sweet sensation', '', 'www.swagger2sweetsensation.com', '2016-07-12 15:05:08', '2016-07-12 15:05:08', 5, '3.0', 0, 'sweet-sensation', 'NO', 'A relaxing restaurant serving great food and variety of drinks.', '', 5, 1, 'Fast food, Eatery', 'pending'),
(50, 'jagzee chow', 'Mr L. Ajagun', '', '2016-07-21 11:53:31', '2016-07-21 11:53:31', 5, '3.0', 0, 'jagzee-chow', 'NO', 'Chinese restaurant and takeaway', '', 5, 1, 'Chinese restaurant, takeaway, fast food', 'pending'),
(51, 'ivory health club', '', 'ihc-ng.com', '2016-07-21 12:19:17', '2016-07-21 12:19:17', 5, '3.0', 0, 'ivory-health-club', 'NO', 'Premier spa, fitness and wellness solutions company', '', 5, 1, 'Spa, gym, event halls, food, fitness, yoga, aerobics', 'pending'),
(52, 'ekene dili chukwu ', '', '', '2016-07-21 12:43:52', '2016-07-21 12:43:52', 5, '3.0', 0, 'ekene-dili-chukwu', 'NO', 'Intercity Bus Transport company', '', 5, 1, 'Intercity bus transport, luxurious bus transport services', 'pending'),
(53, 'ekene dili chukwu ', '', '', '2016-07-21 12:52:15', '2016-07-21 12:52:15', 5, '3.0', 0, 'ekene-dili-chukwu', 'NO', 'Intercity Bus Transport company', '', 5, 1, 'Intercity bus transport, luxurious bus transport services', 'pending'),
(54, 'lagos country club', '', 'www.lagoscountryclub.net', '2016-07-21 13:11:43', '2016-07-21 13:11:43', 5, '3.0', 0, 'lagos-country-club', 'NO', 'Private members health and fitness club', '', 5, 1, 'Health and leisure private members club', 'pending'),
(55, 'shoprite', '', 'www.shoprite.com.ng', '2016-07-21 13:34:03', '2016-07-21 13:34:03', 5, '3.0', 0, 'shoprite', 'NO', 'Shopping mall ', '', 5, 1, 'Shopping mall, groceries, fast food, restaurants and bars', 'pending'),
(56, 'shoprite', '', 'www.shoprite.com.ng', '2016-07-21 13:38:16', '2016-07-21 13:38:16', 5, '3.0', 0, 'shoprite', 'NO', 'Shopping mall ', '', 5, 1, 'Shopping mall, groceries, fast food, restaurants and bars', 'pending'),
(57, 'okunoren', '', 'www.okunoren.com', '2016-07-23 17:27:54', '2016-07-23 17:27:55', 5, '3.0', 0, 'okunoren', 'NO', 'Bespoke menswear fashion label', '', 5, 1, 'Menswear fashion, bespoke fashion, suits, kaftan', 'pending'),
(58, 'british high commission.  lagos', '', 'www.britishcouncil.org.ng', '2016-07-24 22:21:52', '2016-07-24 22:21:52', 5, '3.0', 0, 'british-high-commission-lagos', 'NO', 'U.K. Embassy', '', 5, 1, 'Embassy, UK Visa, Consular ', 'pending'),
(59, 'british high commission.  abuja.', '', 'https://www.gov.uk/government/world/organisations/british-high-commission-abuja/office/british-high-commission-abuja', '2016-07-24 22:33:16', '2016-07-24 22:33:16', 5, '3.0', 0, 'british-high-commission-abuja', 'NO', 'U.K. Embassy', '', 5, 1, 'Embassy, UK Visa, Consular ', 'pending'),
(60, 'united states of america embassy abuja', 'Admin', 'http://nigeria.usembassy.gov', '2016-07-24 22:51:49', '2016-09-14 17:25:23', 5, '3.0', 0, 'united-states-of-america-embassy-abuja', 'NO', 'U.S Embassy', '', 5, 1, 'Embassy, US Visa, Consular ', 'pending'),
(62, 'united states of america embassy lagos', 'Admin', 'http://nigeria.usembassy.gov', '2016-07-26 09:05:52', '2016-09-14 17:24:57', 5, '3.0', 0, 'united-states-of-america-embassy-lagos', 'NO', 'U.S Embassy', '', 5, 1, 'Embassy, US Visa, Consular ', 'pending'),
(63, 'clear essence resort lagos', '', 'www.clearessencecaliforniaspa.com', '2016-07-30 11:25:25', '2016-07-30 11:25:26', 5, '3.0', 0, 'clear-essence-resort-lagos', 'NO', 'Spa and wellness resort', '', 5, 1, 'Spa, sauna, accomodation, resort, wellness, weekend break', 'pending'),
(64, 'aiico insurance', '', 'www.aiicoplc.com', '2016-07-31 20:15:33', '2016-07-31 20:15:33', 5, '3.0', 0, 'aiico-insurance', 'NO', 'Insurance company', '', 5, 1, 'Insurance, Education, Annuity, term assurance ', 'pending'),
(65, 'rhythm radio network', '', 'www.rhythm937.com', '2016-07-31 20:49:36', '2016-07-31 20:49:36', 5, '3.0', 0, 'rhythm-radio-network', 'NO', 'Radio station', '', 5, 1, 'Radio station, entertainment, oaps, djs, ', 'pending'),
(66, 'channels tv', '', 'www.channelstv.com', '2016-07-31 21:37:03', '2016-07-31 21:37:03', 5, '3.0', 0, 'channels-tv', 'NO', 'Independent and multiple award winning 24-hour news and media television channel', '', 5, 1, '24hour news channel, information, journalism, media', 'pending'),
(67, 'lagos state government secretariat ', 'Secretary to the State Government', 'www.lagosstate.gov.ng', '2016-08-17 11:47:50', '2016-08-17 11:47:50', 5, '3.0', 0, 'lagos-state-government-secretariat', 'NO', 'Lagos State Governors\' office', '', 5, 1, 'Lagos State government, administration, ', 'pending'),
(68, 'university of nigeria.  nsukka', 'Admin', 'www.unn.edu.ng', '2016-08-17 12:02:26', '2016-09-14 17:22:11', 5, '3.0', 0, 'university-of-nigeria-nsukka', 'NO', 'Leading African / Nigerian tertiary institution', '', 5, 1, 'University degree, education, tertiary institution', 'pending'),
(70, 'reddington hospital', '', 'www.reddingtonhospital.com', '2016-08-28 11:24:49', '2016-08-28 11:24:49', 5, '3.0', 0, 'reddington-hospital', 'NO', 'The Reddington Multi-specialist Hospital built on nine floors provides fully comprehensive tertiary hospital solutions in most medical areas. Our journey as a healthcare provider began in March 2006 with the establishment of the Cardiac Centre, in Victoria Island, in association with the renowned Cromwell Hospital in London.', '', 5, 1, 'Medical, healthcare, A&E, doctors, nurses', 'pending'),
(71, 'babcock university', '', 'www.babcock.edu.ng', '2016-08-30 20:44:49', '2016-09-05 12:49:46', 5, '4.0', 1, 'babcock-university', 'NO', 'Babcock University is a private Christian co-educational Nigerian university owned and operated by the Seventh-day Adventist Church in Nigeria. The university is located equidistant between Ibadan and Lagos.', '', 5, 1, 'University degree, education, tertiary institution', 'pending'),
(72, 'igbenidion university', '', 'www.iuokada.edu.ng', '2016-08-30 21:33:42', '2016-08-30 21:33:42', 5, '3.0', 0, 'igbenidion-university', 'NO', 'A leading centre of academic excellence through pro-active and responsive entrepreneurship, research in line with the dynamics of national and global development and knowledge production in response to contextualized national and global needs.', '', 5, 1, 'Private University degree, education, tertiary institution', 'pending'),
(73, 'ember creek', '', 'http://www.embercreek.com/', '2016-09-17 03:17:44', '2016-09-17 03:17:44', 1, '3.0', 0, 'ember-creek', 'NO', 'For outdoor event, waterfront and pool', '', NULL, 0, '', 'public'),
(74, 'quilox night club', '', 'http://www.clubquilox.com/', '2016-09-17 04:12:43', '2016-09-17 04:12:43', 2, '3.0', 0, 'quilox-night-club', 'NO', 'Quilox is your one-stop hub for grandee relaxation and nightlife activity. Get addicted to the magical moments, electrifying vibes, extraordinary hang outs and late-night clubbing guaranteed to leave you asking for more', '', 2, 1, 'where luxery becomes a lifestyle', 'pending'),
(75, '4 seasons hotel', '', '', '2016-09-29 16:58:43', '2016-09-29 16:58:43', 5, '3.0', 0, '4-seasons-hotel', 'NO', 'A pleasant and relaxing hotel with friendly staff.', '', 5, 1, 'Hotel, lodging, accomodation, tourist', 'pending'),
(76, 'aerol hotel', '', '', '2016-09-29 17:02:35', '2016-09-29 17:02:35', 5, '3.0', 0, 'aerol-hotel', 'NO', 'A friendly and relaxing hotel with friendly staff', '', 5, 1, 'Hotel, lodging, accomodation, tourist', 'pending'),
(77, 'beila garden residential hotel', '', '', '2016-09-29 17:08:26', '2016-09-29 17:08:26', 5, '3.0', 0, 'beila-garden-residential-hotel', 'NO', 'A friendly and relaxing hotel with friendly staff', '', 5, 1, 'Hotel, lodging, accommodation, tourist', 'pending'),
(78, 'best connection hotel', '', '', '2016-09-29 17:26:52', '2016-09-29 17:26:52', 5, '3.0', 0, 'best-connection-hotel', 'NO', 'A friendly and relaxing hotel with friendly staff', '', 5, 1, 'Hotel, lodging, accommodation, tourist', 'pending'),
(79, 'bluenest hotel', '', '', '2016-09-29 17:40:51', '2016-09-29 17:40:51', 5, '3.0', 0, 'bluenest-hotel', 'NO', 'A friendly and relaxing hotel with friendly staff.', '', 5, 1, 'Hotel, accommodation, lodging, tourist', 'pending'),
(80, 'bomario suites', '', '', '2016-09-29 17:46:07', '2016-09-29 17:46:07', 5, '3.0', 0, 'bomario-suites', 'NO', 'Providing a high standard of hospitality services.', '', 5, 1, 'Hospitality', 'pending'),
(81, 'cameo suites', '', '', '2016-09-29 17:50:17', '2016-09-29 17:50:17', 5, '3.0', 0, 'cameo-suites', 'NO', 'A friendly and relaxing hotel with friendly staff.', '', 5, 1, 'Hotel, accommodation, lodging, tourist', 'pending'),
(82, 'century hotels limited', '', '', '2016-09-29 17:59:05', '2016-09-29 17:59:05', 5, '3.0', 0, 'century-hotels-limited', 'NO', 'A friendly and relaxing hotel with friendly staff.', '', 5, 1, 'Hotel, accommodation, lodging, tourist, hospitality', 'pending'),
(83, 'cf hotels, bar & restaurant', '', '', '2016-09-29 18:03:20', '2016-09-29 18:03:20', 5, '3.0', 0, 'cf-hotels-bar-restaurant', 'NO', 'A friendly and relaxing hotel with friendly staff.', '', 5, 1, 'Hotel, bar, restaurant, lodging, food, tourist', 'pending'),
(84, 'chamcce hotel', '', '', '2016-09-29 18:08:48', '2016-09-29 18:08:48', 5, '3.0', 0, 'chamcce-hotel', 'NO', 'A friendly and relaxing environment with friendly staff', '', 5, 1, 'Hotel, accommodation, lodging, tourist, hospitality', 'pending'),
(85, 'charity hotel', '', '', '2016-09-30 16:37:06', '2016-09-30 16:37:06', 5, '3.0', 0, 'charity-hotel', 'NO', 'A friendly and relaxing hotel with friendly staff.', '', 5, 1, 'Hotel, lodging, accomodation, tourist, hospitality', 'pending'),
(86, 'david\'s place', '', '', '2016-09-30 16:42:11', '2016-09-30 16:42:11', 5, '3.0', 0, 'davids-place', 'NO', 'A friendly and relaxing bar and restaurant with friendly staff.', '', 5, 1, 'Bar, restaurant, food, hospitality', 'pending'),
(87, 'de-camaria bar', '', '', '2016-09-30 16:50:32', '2016-09-30 16:50:32', 5, '3.0', 0, 'de-camaria-bar', 'NO', 'A friendly and relaxing bar with friendly staff', '', 5, 1, 'Bar', 'pending'),
(88, 'de next centre & suites', '', '', '2016-09-30 16:53:36', '2016-09-30 16:53:36', 5, '3.0', 0, 'de-next-centre-suites', 'NO', 'A freindly and relaxing hotel with friendly staff', '', 5, 1, 'Hotel, hospitality, lodging, accomodation', 'pending'),
(89, 'd\'palms airport hotel', '', '', '2016-09-30 16:56:53', '2016-09-30 16:56:53', 5, '3.0', 0, 'dpalms-airport-hotel', 'NO', 'A nice and relaxing hotel with friendly staff', '', 5, 1, 'Hotel, bar, restaurant, lodging, accomodation, tourist', 'pending'),
(90, 'de rose guest house', '', '', '2016-09-30 16:59:39', '2016-09-30 16:59:39', 5, '3.0', 0, 'de-rose-guest-house', 'NO', 'A nice and relaxing hotel with friendly staff.', '', 5, 1, 'Guest house, lodging, accomodation, tourist', 'pending'),
(91, 'de boss garden hotel', '', '', '2016-09-30 17:02:59', '2016-09-30 17:02:59', 5, '3.0', 0, 'de-boss-garden-hotel', 'NO', 'A nice and relaxing hotel with friendly staff.                       ', '', 5, 1, 'Hotel, accomodation, lodging, tourist, bar', 'pending'),
(92, 'delicious treat ', '', '', '2016-09-30 17:08:06', '2016-09-30 17:08:06', 5, '3.0', 0, 'delicious-treat', 'NO', 'A nice and relaxing eatery with friendly staff.              ', '', 5, 1, 'Eatery, fast food', 'pending'),
(93, 'de-silver grandeur hotel', '', '', '2016-09-30 17:12:48', '2016-09-30 17:12:48', 5, '3.0', 0, 'de-silver-grandeur-hotel', 'NO', 'A nice and relaxing hotel with friendly staff.                 ', '', 5, 1, 'Hotel, lodging, accomodation, tourist', 'pending'),
(94, 'dialyzer specialist medical centre', '', '', '2016-09-30 17:17:26', '2016-09-30 17:17:26', 5, '3.0', 0, 'dialyzer-specialist-medical-centre', 'NO', 'A nice medical centre with friendly staff.                          ', '', 5, 1, 'Medical centre,  doctors, Emergency, First Aid', 'pending'),
(95, 'divine grace medical centre', '', '', '2016-09-30 17:20:24', '2016-09-30 17:20:24', 5, '3.0', 0, 'divine-grace-medical-centre', 'NO', 'A nice medical centre with friendly staff                          ', '', 5, 1, 'Medical centre, doctors, first aid', 'pending'),
(96, 'dola day school', '', '', '2016-09-30 17:25:10', '2016-09-30 17:25:10', 5, '3.0', 0, 'dola-day-school', 'NO', ' A nice primary school with friendly staff.                         ', '', 5, 1, 'Primary education, Teachers, ', 'pending'),
(97, 'dolu hospital', '', '', '2016-09-30 17:28:36', '2016-09-30 17:28:36', 5, '3.0', 0, 'dolu-hospital', 'NO', 'A nice medical centre with friendly staff.                          ', '', 5, 1, 'Medical centre, doctors, first aid', 'pending'),
(98, 'dominican nursery and primary school', '', '', '2016-09-30 17:34:44', '2016-09-30 17:35:25', 5, '3.0', 0, 'dominican-nursery-and-primary-school', 'NO', ' A nice school with friendly staff.                         \r\n                          ', '', 5, 1, 'Nursery, primary education, teachers', 'pending'),
(99, 'dream nursery and primary school', '', '', '2016-09-30 17:39:07', '2016-09-30 17:39:07', 5, '3.0', 0, 'dream-nursery-and-primary-school', 'NO', 'A nice school with friendly staff.                          ', '', 5, 1, 'Nursery, primary education, teachers', 'pending'),
(100, 'dynamic private school', '', '', '2016-09-30 17:41:53', '2016-09-30 17:41:53', 5, '3.0', 0, 'dynamic-private-school', 'NO', '  A nice school with friendly staff                        ', '', 5, 1, 'Private education, primary education', 'pending'),
(101, 'emerald college', '', '', '2016-09-30 17:47:35', '2016-09-30 17:47:35', 5, '3.0', 0, 'emerald-college', 'NO', 'A nice college with friendly staff.                        ', '', 5, 1, 'Secondary education, teachers, College', 'pending'),
(102, 'emmathel pharm health care production.', '', '', '2016-09-30 18:03:54', '2016-09-30 18:03:54', 5, '3.0', 0, 'emmathel-pharm-health-care-production', 'NO', 'Packaged water company.                    ', '', 5, 1, 'Pure water production', 'pending'),
(103, 'emzor pharmacy', '', '', '2016-10-01 17:22:09', '2016-10-01 17:22:09', 5, '3.0', 0, 'emzor-pharmacy', 'NO', 'A nice pharmacy with friendly staff.                          ', '', 5, 1, 'Pharmacy', 'pending'),
(104, 'ennis place limited', '', '', '2016-10-01 17:26:37', '2016-10-01 17:26:37', 5, '3.0', 0, 'ennis-place-limited', 'NO', 'A nice eatery with friendly staff.                          ', '', 5, 1, 'Eatery, fast food', 'pending'),
(105, 'en core lagos hotel & suites', '', '', '2016-10-01 17:30:35', '2016-10-01 17:30:35', 5, '3.0', 0, 'en-core-lagos-hotel-suites', 'NO', 'A nice hotel with friendly staff                  ', '', 5, 1, 'Hotel, lodging, accomodation, tourist', 'pending'),
(106, 'esteem clinics limited', '', '', '2016-10-01 17:34:01', '2016-10-01 17:34:01', 5, '3.0', 0, 'esteem-clinics-limited', 'NO', 'A nice clinic with friendly staff                          ', '', 5, 1, 'Clinic, medical centre, doctors, nurses, medication', 'pending'),
(107, 'ewenla school', '', '', '2016-10-01 17:38:02', '2016-10-01 17:38:02', 5, '3.0', 0, 'ewenla-school', 'NO', 'A nice school with friendly staff                          ', '', 5, 1, 'Education, teachers, students', 'pending'),
(108, 'excel oriental hotel & suites', '', '', '2016-10-01 17:42:16', '2016-10-01 17:42:16', 5, '3.0', 0, 'excel-oriental-hotel-suites', 'NO', 'A nice hotel with friendly staff                          ', '', 5, 1, 'Hotel, accomodation, lodging, tourist', 'pending'),
(109, 'faith city hospital limited', '', '', '2016-10-01 17:45:38', '2016-10-01 17:45:38', 5, '3.0', 0, 'faith-city-hospital-limited', 'NO', 'A nice hospital with friendly staff                          ', '', 5, 1, 'Hospital, doctors, nurses, first aid', 'pending'),
(110, 'faith heritage international school', '', '', '2016-10-01 17:48:43', '2016-10-01 17:48:43', 5, '3.0', 0, 'faith-heritage-international-school', 'NO', 'A nice school with friendly staff                          ', '', 5, 1, 'Education, teachers, students, academics', 'pending'),
(111, 'faithgane school', '', '', '2016-10-01 17:52:06', '2016-10-01 17:52:06', 5, '3.0', 0, 'faithgane-school', 'NO', 'A nice school with friendly staff                          ', '', 5, 1, 'Education, teachers, stuents, academics', 'pending'),
(112, 'famous laboratory', '', '', '2016-10-01 17:55:10', '2016-10-01 17:55:10', 5, '3.0', 0, 'famous-laboratory', 'NO', 'A nice laboratory with friendly staff                          ', '', 5, 1, 'Laboratory', 'pending'),
(113, 'fce international school', '', '', '2016-10-01 17:57:33', '2016-10-01 17:57:33', 5, '3.0', 0, 'fce-international-school', 'NO', 'A nice school with friendly staff                          ', '', 5, 1, 'Education, teachers, students, academics', 'pending'),
(114, 'fe viva montessori school', '', '', '2016-10-01 18:00:41', '2016-10-01 18:00:41', 5, '3.0', 0, 'fe-viva-montessori-school', 'NO', ' A nice school with friendly staff                         ', '', 5, 1, 'Education, teachers, students', 'pending'),
(115, 'first islamic education foundation', '', '', '2016-10-01 18:03:45', '2016-10-01 18:03:45', 5, '3.0', 0, 'first-islamic-education-foundation', 'NO', 'A nice Islamic educational foundation with friendly staff                          ', '', 5, 1, 'Islamic study, education, teachers, students, Islamic education', 'pending'),
(116, 'first model baptist nursery / primary school', '', '', '2016-10-01 18:07:47', '2016-10-01 18:07:47', 5, '3.0', 0, 'first-model-baptist-nursery-primary-school', 'NO', 'A nice religious nursery and primary school                          ', '', 5, 1, 'Education, teachers, students, nursery, primary', 'pending'),
(117, 'florida motel', '', '', '2016-10-01 18:10:29', '2016-10-01 18:10:29', 5, '3.0', 0, 'florida-motel', 'NO', 'A nice motel with friendly staff                          ', '', 5, 1, 'Accomodation, motel, lodging, short stay, long stay, tourist', 'pending'),
(118, 'folaz memorial nursery / primary school', '', '', '2016-10-01 18:13:39', '2016-10-01 18:13:39', 5, '3.0', 0, 'folaz-memorial-nursery-primary-school', 'NO', 'A nice nursery and primary school with friendly staff                          ', '', 5, 1, 'Education, teachers, students, academics, nursery, primary', 'pending'),
(119, 'fresh myrtle international school', '', '', '2016-10-01 18:16:24', '2016-10-01 18:16:24', 5, '3.0', 0, 'fresh-myrtle-international-school', 'NO', 'A nice school with friendly staff                          ', '', 5, 1, 'Education, teachers, students, academics', 'pending'),
(120, 'future link learning centre', '', '', '2016-10-01 18:18:59', '2016-10-01 18:18:59', 5, '3.0', 0, 'future-link-learning-centre', 'NO', 'A nice learning centre with friendly staff                          ', '', 5, 1, 'Tutors, Learning centre', 'pending'),
(121, 'g. success foundation international school', '', '', '2016-10-01 18:24:17', '2016-10-01 18:24:17', 5, '3.0', 0, 'g-success-foundation-international-school', 'NO', 'A nice school with friendly staff                          ', '', 5, 1, 'Education, teachers, students, academics', 'pending'),
(122, 'gbolahan high school', '', '', '2016-10-01 18:30:16', '2016-10-01 18:30:16', 5, '3.0', 0, 'gbolahan-high-school', 'NO', 'A nice school with friendly staff                        ', '', 5, 1, 'Education, teachers, students', 'pending'),
(123, 'german friendship specialist klinik limited', '', '', '2016-10-01 18:33:24', '2016-10-01 18:33:24', 5, '3.0', 0, 'german-friendship-specialist-klinik-limited', 'NO', 'A nice hospital with friendly staff                          ', '', 5, 1, 'Specialist clinic, hospital, doctors, nurses', 'pending'),
(124, 'giamtech trainers global', '', '', '2016-10-01 18:39:02', '2016-10-01 18:39:02', 5, '3.0', 0, 'giamtech-trainers-global', 'NO', 'Maritime support                          ', '', 5, 1, 'Maritime', 'pending'),
(125, 'god leads nursery /primary school', '', '', '2016-10-01 18:47:59', '2016-10-01 18:47:59', 5, '3.0', 0, 'god-leads-nursery-primary-school', 'NO', 'A nice school with friendly staff                          ', '', 5, 1, 'Education, nursery, primary, teachers, students', 'pending'),
(126, 'god\'s care maternity home', '', '', '2016-10-01 18:53:24', '2016-10-01 18:53:24', 5, '3.0', 0, 'gods-care-maternity-home', 'NO', 'A nice maternity home with friendly staff                          ', '', 5, 1, 'Maternity home, doctors, nurses', 'pending'),
(127, 'golden bunch school', '', '', '2016-10-01 20:09:24', '2016-10-01 20:09:24', 5, '3.0', 0, 'golden-bunch-school', 'NO', ' A nice school with friendly staff                         ', '', 5, 1, 'Education, teachers, students, academics', 'pending'),
(128, 'golden destiny interrnational hotel', '', '', '2016-10-01 20:13:37', '2016-10-01 20:13:37', 5, '3.0', 0, 'golden-destiny-interrnational-hotel', 'NO', 'A nice hotel with friendly staff                          ', '', 5, 1, 'Hotel, accomodation, lodging, tourist', 'pending'),
(129, 'goldenville montessori school', '', '', '2016-10-01 20:21:57', '2016-10-01 20:21:57', 5, '3.0', 0, 'goldenville-montessori-school', 'NO', 'A nice school with friendly staff                          ', '', 5, 1, 'Education, teachers, students', 'pending'),
(130, 'goodhealth medical centre', '', '', '2016-10-01 20:25:55', '2016-10-01 20:25:55', 5, '3.0', 0, 'goodhealth-medical-centre', 'NO', 'A nice medical centre with friendly staff                          ', '', 5, 1, 'Medical centre, doctors, nurses, hospital', 'pending'),
(131, 'grace paradise hotel limited', '', '', '2016-10-01 20:29:43', '2016-10-01 20:29:43', 5, '3.0', 0, 'grace-paradise-hotel-limited', 'NO', 'A nice hotel with friendly staff                          ', '', 5, 1, 'Hotel, accomodation, lodging, tourist', 'pending'),
(132, 'graceland children nursery / primary school', '', '', '2016-10-01 20:33:37', '2016-10-01 20:33:37', 5, '3.0', 0, 'graceland-children-nursery-primary-school', 'NO', 'A nice nursery and primary school with friendly staff                          ', '', 5, 1, 'Education, teachers, students, academics', 'pending'),
(133, 'grand motel limited', '', '', '2016-10-01 20:38:17', '2016-10-01 20:38:17', 5, '3.0', 0, 'grand-motel-limited', 'NO', 'A nice motel with friendly staff                          ', '', 5, 1, 'Motel, accomodation, lodging, tourist', 'pending'),
(134, 'grand rose continental hotel', '', '', '2016-10-01 20:45:55', '2016-10-01 20:45:55', 5, '3.0', 0, 'grand-rose-continental-hotel', 'NO', 'A nice hotel with friendly staff                          ', '', 5, 1, 'Hotel, accomodation, lodging, tourist', 'pending'),
(135, 'great cambridge high school', '', '', '2016-10-24 14:34:49', '2016-10-24 14:34:49', 5, '3.0', 0, 'great-cambridge-high-school', 'NO', 'A very nice high school with friendly staff                          ', '', 5, 1, 'Secondary school, college, education, teachers, students, academics', 'pending'),
(136, 'great heritage school', '', '', '2016-10-24 14:39:06', '2016-10-24 14:39:06', 5, '3.0', 0, 'great-heritage-school', 'NO', 'A very nice school with friendly staff                          ', '', 5, 1, 'Academics, education, teachers, students', 'pending'),
(137, 'green bells international school', '', '', '2016-10-24 14:42:07', '2016-10-24 14:42:07', 5, '3.0', 0, 'green-bells-international-school', 'NO', 'A very nice school with friendly staff                          ', '', 5, 1, 'Academics, education, teachers, students', 'pending'),
(138, 'greenhand guest house', '', '', '2016-10-24 14:46:39', '2016-10-24 14:46:39', 5, '3.0', 0, 'greenhand-guest-house', 'NO', 'A very nice Guest house with friendly staff                          ', '', 5, 1, 'Lodging, accomodation, guest house, hospitality, tourist  information', 'pending'),
(139, 'guinea royal nursery / primary school', '', '', '2016-10-24 14:49:34', '2016-10-24 14:51:51', 5, '3.0', 0, 'guinea-royal-nursery-primary-school', 'NO', 'A very nice nursery and primary school with friendly staff                    \r\n                          \r\n                          \r\n                          ', '', 5, 1, 'Academics, education, teachers, students, nursery, primary', 'pending'),
(140, 'gyna international school', '', '', '2016-10-24 14:54:45', '2016-10-24 14:54:45', 5, '3.0', 0, 'gyna-international-school', 'NO', 'A very nice school with friendly staff                      ', '', 5, 1, 'Academics, education, teachers, students', 'pending'),
(141, 'havila crest private school', '', '', '2016-10-24 14:58:46', '2016-10-24 14:58:46', 5, '3.0', 0, 'havila-crest-private-school', 'NO', 'A very nice school with friendly staff                         ', '', 5, 1, 'Education, academics, teachers, students', 'pending'),
(142, 'havilah trend international limited', '', '', '2016-10-24 15:07:46', '2016-10-24 15:07:46', 5, '3.0', 0, 'havilah-trend-international-limited', 'NO', 'A very good engineering company                          ', '', 5, 1, 'Engineering ', 'pending'),
(143, 'headstart private school', '', '', '2016-10-24 15:13:48', '2016-10-24 15:13:48', 5, '3.0', 0, 'headstart-private-school', 'NO', 'A very nice school with friendly staff                          ', '', 5, 1, 'Academics, education, teachers, students', 'pending'),
(144, 'healing field clinic', '', '', '2016-10-24 15:16:23', '2016-10-24 15:16:23', 5, '3.0', 0, 'healing-field-clinic', 'NO', 'A very nice clinic with friendly staff                          ', '', 5, 1, 'Healthcare, hospitals, clinics, doctors, nurses', 'pending'),
(145, 'heals specialist clinic', '', '', '2016-10-24 15:18:35', '2016-10-24 15:18:35', 5, '3.0', 0, 'heals-specialist-clinic', 'NO', 'A very nice clinic with friendly staff                          ', '', 5, 1, 'Hospitals, Clinics, doctors, nurses, healthcare', 'pending'),
(146, 'heda clinic', '', '', '2016-10-24 15:21:22', '2016-10-24 15:21:22', 5, '3.0', 0, 'heda-clinic', 'NO', 'A very nice clinic with friendly staff                          ', '', 5, 1, 'Clinic, first aid, doctors, nurses', 'pending'),
(147, 'heritage house square', '', '', '2016-10-24 15:26:31', '2016-10-24 15:26:31', 5, '3.0', 0, 'heritage-house-square', 'NO', 'A very efficient hospitality company.                         ', '', 5, 1, 'Hospitality', 'pending'),
(148, 'high rock hospital', '', '', '2016-10-24 15:29:23', '2016-10-24 15:29:23', 5, '3.0', 0, 'high-rock-hospital', 'NO', 'A very nice hospital with friendly staff                          ', '', 5, 1, 'Hospital, doctors, nurses, first aid', 'pending'),
(149, 'high point hotel', '', '', '2016-10-24 15:32:35', '2016-10-24 15:32:35', 5, '3.0', 0, 'high-point-hotel', 'NO', ' A very nice hotel with friendly staff                         ', '', 5, 1, 'Hospitality, lodging, accomodation, tourist', 'pending'),
(150, 'high gate nursery / primary school', '', '', '2016-10-24 15:35:36', '2016-10-24 15:35:36', 5, '3.0', 0, 'high-gate-nursery-primary-school', 'NO', 'A very nice nursery and primary school with friendly staff                          ', '', 5, 1, 'Academics, education, teachers, students', 'pending'),
(151, 'highlight comprehensive college', '', '', '2016-10-24 15:37:47', '2016-10-24 15:37:47', 5, '3.0', 0, 'highlight-comprehensive-college', 'NO', ' A very nice college with friendly staff                         ', '', 5, 1, 'Academics, education, teachers, students', 'pending'),
(152, 'highque secondary school', '', '', '2016-10-24 15:40:51', '2016-10-24 15:40:51', 5, '3.0', 0, 'highque-secondary-school', 'NO', 'A very nice secondary school with friendly staff                          ', '', 5, 1, 'Academics, education, teachers, students', 'pending'),
(153, 'hill crest school', '', '', '2016-10-24 15:43:12', '2016-10-24 15:43:12', 5, '3.0', 0, 'hill-crest-school', 'NO', 'A very nice school with friendly staff                          ', '', 5, 1, 'Academics, education, teachers, students', 'pending'),
(154, 'hillcroft school', '', '', '2016-10-24 15:46:17', '2016-10-24 15:46:17', 5, '3.0', 0, 'hillcroft-school', 'NO', ' A very nice school with friendly staff                         ', '', 5, 1, 'Academics, education, teachers, students', 'pending'),
(155, 'honeyfields nursery /primary school', '', '', '2016-10-24 15:46:18', '2016-10-24 15:48:48', 5, '3.0', 0, 'hillcroft-school', 'NO', ' A very nice school with friendly staff                         \r\n                          ', '', 5, 1, 'Academics, education, teachers, students', 'pending'),
(156, 'hot mortas', '', '', '2016-10-24 15:52:26', '2016-10-24 15:52:26', 5, '3.0', 0, 'hot-mortas', 'NO', 'A very nice hotel with friendly staff                          ', '', 5, 1, 'Hotel, hospitality, accomodation, lodging, restaurant and bar, food', 'pending'),
(157, 'hotel felona', '', '', '2016-10-24 15:55:40', '2016-10-24 15:55:40', 5, '3.0', 0, 'hotel-felona', 'NO', 'A very nice hotel with friendly staff                          ', '', 5, 1, 'Hotel, hospitality, accomodation, loddging, tourist, restaurant and bar', 'pending'),
(158, 'hotel ibis royal', '', '', '2016-10-24 15:59:10', '2016-10-24 15:59:10', 5, '3.0', 0, 'hotel-ibis-royal', 'NO', 'A very nice hotel with friendly staff                          ', '', 5, 1, 'Hotel, hospitality, accomodation, lodging, restaurant and bar, tourist', 'pending'),
(159, 'humble city hotel', '', '', '2016-10-25 15:16:58', '2016-10-25 15:16:58', 5, '3.0', 0, 'humble-city-hotel', 'NO', 'A very nice hotel with friendly staff                       ', '', 5, 1, 'Hotel, accomodation, lodging, restaurant and bar, tourist', 'pending'),
(160, 'humble star hotel', '', '', '2016-10-25 15:20:53', '2016-10-25 15:20:53', 5, '3.0', 0, 'humble-star-hotel', 'NO', 'A very nice hotel with friendly staff                          ', '', 5, 1, 'Hotel, accomodation, lodging, restaurant and bar, tourist', 'pending'),
(161, 'ibis hotel', '', '', '2016-10-25 15:23:50', '2016-10-25 15:23:50', 5, '3.0', 0, 'ibis-hotel', 'NO', ' A very nice hotel with friendly staff                         ', '', 5, 1, 'Hotel, accomodation, lodging, restaurant and bar, tourist', 'pending'),
(162, 'ibukuno nursery / primary school', '', '', '2016-10-25 15:27:27', '2016-10-25 15:27:27', 5, '3.0', 0, 'ibukuno-nursery-primary-school', 'NO', 'A very nice nursery and primary school with friendly staff                          ', '', 5, 1, 'Academics, education, teachers, students, nursery, primary', 'pending'),
(163, 'ikwan nursery, primary & college', '', '', '2016-10-25 15:32:52', '2016-10-25 15:32:52', 5, '3.0', 0, 'ikwan-nursery-primary-college', 'NO', 'A very nice nursery, primary and college with friendly staff                    ', '', 5, 1, 'Academics, education, teachers, students,nursery, primary, college, secondary education', 'pending'),
(164, 'impeccable global service', '', '', '2016-10-25 15:43:54', '2016-10-25 15:43:54', 5, '3.0', 0, 'impeccable-global-service', 'NO', 'An efficient global courier service                          ', '', 5, 1, 'Courier service, delivery, exports, imports, ', 'pending');
INSERT INTO `biz` (`id`, `name`, `contactname`, `website`, `created_at`, `updated_at`, `user_id`, `rating_cache`, `rating_count`, `slug`, `featured`, `description`, `icon`, `owner`, `claimed`, `tagline`, `status`) VALUES
(165, 'imperial international nursery and primary school', '', '', '2016-10-25 15:47:38', '2016-10-25 15:47:38', 5, '3.0', 0, 'imperial-international-nursery-and-primary-school', 'NO', 'A very nice nursery and primary school                          ', '', 5, 1, 'Academics, education, nursery, primary, teachers, students', 'pending'),
(166, 'incentive centre limited (radison suites) ', '', '', '2016-10-25 15:51:21', '2016-10-25 15:51:21', 5, '3.0', 0, 'incentive-centre-limited-radison-suites', 'NO', 'A very nice events centre with friendly staff                          ', '', 5, 1, 'Hospitality, event centre', 'pending'),
(167, 'investors nursery and primary school', '', '', '2016-10-25 15:54:29', '2016-10-25 15:54:29', 5, '3.0', 0, 'investors-nursery-and-primary-school', 'NO', 'A very nice nursery and primary school with friendly staff                          ', '', 5, 1, 'Academics, nursery, primary, teachers, students', 'pending'),
(168, 'isno hotels nigeria limited', '', '', '2016-10-25 15:58:45', '2016-10-25 15:58:45', 5, '3.0', 0, 'isno-hotels-nigeria-limited', 'NO', ' A very nice hotel with friendly staff                        ', '', 5, 1, 'Hotels, accomodation, lodging, restaurant and bar, tourist', 'pending'),
(169, 'isolo estate clinic', '', '', '2016-10-25 16:13:23', '2016-10-25 16:13:23', 5, '3.0', 0, 'isolo-estate-clinic', 'NO', 'A very nice clinic with friendly staff              ', '', 5, 1, 'Hospital, clinic, doctors, nurses', 'pending'),
(170, 'jack n jill school', '', '', '2016-10-25 16:17:59', '2016-10-25 16:17:59', 5, '3.0', 0, 'jack-n-jill-school', 'NO', 'A very nice school with friendly staff                          ', '', 5, 1, 'Academics, education, teachers, students', 'pending'),
(171, 'jacob memorial hospital', '', '', '2016-10-25 16:21:07', '2016-10-25 16:21:07', 5, '3.0', 0, 'jacob-memorial-hospital', 'NO', 'A very nice hospital with friendly staff                          ', '', 5, 1, 'Hospital, doctors, nurses, first aid', 'pending'),
(172, 'jaimurie nursery and primary school', '', '', '2016-10-25 16:25:05', '2016-10-25 16:25:05', 5, '3.0', 0, 'jaimurie-nursery-and-primary-school', 'NO', 'A very nice nursery and primary school                         ', '', 5, 1, 'Academics, education, nursery, primary, teachers, students', 'pending'),
(173, 'jeed trinity nursery and primary school', '', '', '2016-10-25 16:28:41', '2016-10-25 16:28:41', 5, '3.0', 0, 'jeed-trinity-nursery-and-primary-school', 'NO', 'A very nice nursery and primary school with friendly staff                          ', '', 5, 1, 'Academics, education, nursery, primary, teachers, students', 'pending'),
(174, 'jitol deluxe school', '', '', '2016-10-25 16:33:29', '2016-10-25 16:33:29', 5, '3.0', 0, 'jitol-deluxe-school', 'NO', 'A very nice school with friendly staff                          ', '', 5, 1, 'Academics, education, teachers, students', 'pending'),
(175, 'kamlad ghazlak school', '', '', '2016-10-25 16:37:05', '2016-10-25 16:42:59', 5, '3.0', 0, 'joanah-nursery-and-primary-school', 'NO', 'A very school with friendly staff                          \r\n                          ', '', 5, 1, 'Academics, education, nursery, primary, teachers, students', 'pending'),
(176, 'joanah memorial nursery and primary school', '', '', '2016-10-25 16:40:19', '2016-10-25 16:40:19', 5, '3.0', 0, 'joanah-memorial-nursery-and-primary-school', 'NO', 'A very nice nursery and primary school with friendly staff                          ', '', 5, 1, 'Academics, education, nursery, primary, teachers, students', 'pending'),
(177, 'kamlad ghazlak school', '', '', '2016-10-25 16:45:12', '2016-10-25 16:45:12', 5, '3.0', 0, 'kamlad-ghazlak-school', 'NO', 'A very nice school with friendly staff                        ', '', 5, 1, 'Academics, eduucation, teachers, students', 'pending'),
(178, 'kamsy montessori school', '', '', '2016-10-25 16:47:51', '2016-10-25 16:48:31', 5, '3.0', 0, 'kamsy-montessori-school', 'NO', 'A very nice school with friendly staff                          \r\n                          ', '', 5, 1, 'Academics, education, teachers, students, montessori', 'pending'),
(179, 'kembos private school', '', '', '2016-10-25 16:51:37', '2016-10-25 16:51:37', 5, '3.0', 0, 'kembos-private-school', 'NO', 'A very nice school with friendly staff                          ', '', 5, 1, 'Academics, education, teachers, students', 'pending'),
(180, 'kembos private school', '', '', '2016-10-25 16:51:37', '2016-10-25 16:51:37', 5, '3.0', 0, 'kembos-private-school', 'NO', 'A very nice school with friendly staff                          ', '', 5, 1, 'Academics, education, teachers, students', 'pending'),
(181, 'khan specialist', '', '', '2016-10-25 16:56:33', '2016-10-25 16:56:33', 5, '3.0', 0, 'khan-specialist', 'NO', 'A very nice hospital with friendly staff                          ', '', 5, 1, 'Hospital, doctors, nurses, first aid', 'pending'),
(182, 'kiddies kingdom private school', '', '', '2016-10-25 17:01:38', '2016-10-25 17:01:38', 5, '3.0', 0, 'kiddies-kingdom-private-school', 'NO', 'A very nice school with friendly staff                          ', '', 5, 1, 'Academics, education, teachers, students', 'pending'),
(183, 'kiddies kingdom private school', '', '', '2016-10-25 17:01:52', '2016-10-25 17:01:52', 5, '3.0', 0, 'kiddies-kingdom-private-school', 'NO', 'A very nice school with friendly staff                          ', '', 5, 1, 'Academics, education, teachers, students', 'pending'),
(184, 'kingdom of god education school', '', '', '2016-10-25 17:04:29', '2016-10-25 17:04:29', 5, '3.0', 0, 'kingdom-of-god-education-school', 'NO', 'A very nice school with friendly staff                      ', '', 5, 1, 'Academics, education, teachers, students', 'pending'),
(185, 'kingston jo nigeria limited', '', '', '2016-10-25 17:08:15', '2016-10-25 17:08:15', 5, '3.0', 0, 'kingston-jo-nigeria-limited', 'NO', 'A very nice eatery with friendly staff                          ', '', 5, 1, 'Eatery, fast food, takeaway, snacks, ', 'pending'),
(186, 'knight food & beverage nigeria limited', '', '', '2016-10-28 12:55:00', '2016-10-28 12:55:00', 5, '3.0', 0, 'knight-food-beverage-nigeria-limited', 'NO', 'An efficient food and beverage manufacturing company                          ', '', 5, 1, 'Manufacturing, food production, food packaging', 'pending'),
(187, 'kole best international school', '', '', '2016-10-28 12:57:25', '2016-10-28 12:57:25', 5, '3.0', 0, 'kole-best-international-school', 'NO', 'A nice school with friendly staff                          ', '', 5, 1, 'Academics, education, teachers, students', 'pending'),
(188, 'kupa medical centre nigeria limited', '', '', '2016-10-28 13:00:16', '2016-10-28 13:00:16', 5, '3.0', 0, 'kupa-medical-centre-nigeria-limited', 'NO', 'A nice medical centre with friendly staff                           ', '', 5, 1, 'Drug tests, healthcare, doctors, nurses, medication, prescription', 'pending'),
(189, 'lasal hotel', '', '', '2016-10-28 13:02:35', '2016-10-28 13:02:35', 5, '3.0', 0, 'lasal-hotel', 'NO', 'A nice hotel with friendly staff                          ', '', 5, 1, 'Hotel, accomodation, restaurant and bar, food', 'pending'),
(190, 'laureates college', '', '', '2016-10-28 13:05:55', '2016-10-28 13:05:55', 5, '3.0', 0, 'laureates-college', 'NO', ' A nice school with friendly staff                         ', '', 5, 1, 'Academics, training, education, Lesson, teachers, students', 'pending'),
(191, 'le genue private school', '', '', '2016-10-28 13:08:19', '2016-10-28 13:08:19', 5, '3.0', 0, 'le-genue-private-school', 'NO', 'A nice school with friendly staff                          ', '', 5, 1, 'Academics, education, teachers, students', 'pending'),
(192, 'leila\'s place', '', '', '2016-10-28 13:11:51', '2016-10-28 13:11:51', 5, '3.0', 0, 'leilas-place', 'NO', '  A nice restaurant and bar with friendly staff                        ', '', 5, 1, 'Bar, lounge, restaurant', 'pending'),
(193, 'leoplast industries limited', '', '', '2016-10-28 13:14:29', '2016-10-28 13:14:29', 5, '3.0', 0, 'leoplast-industries-limited', 'NO', 'A nice manufacturing company                          ', '', 5, 1, 'Manufacturing, production', 'pending'),
(194, 'liberty hall and accomodation', '', '', '2016-10-28 13:17:33', '2016-10-28 13:17:33', 5, '3.0', 0, 'liberty-hall-and-accomodation', 'NO', 'A nice hall with accommodation facilities                          ', '', 5, 1, 'Hospitality, event centre, party venue, accomodation', 'pending'),
(195, 'light nursery and primary school', '', '', '2016-10-28 14:10:10', '2016-10-28 14:10:10', 5, '3.0', 0, 'light-nursery-and-primary-school', 'NO', 'A nice nursery and primary school with friendly staff                          ', '', 5, 1, 'Academics, education, teachers, students, nursery, primary', 'pending'),
(196, 'linton host hotel', '', '', '2016-10-28 14:12:36', '2016-10-28 14:12:36', 5, '3.0', 0, 'linton-host-hotel', 'NO', 'A nice hotel with friendly staff                          ', '', 5, 1, 'Hotel, accomodation, lodging, restaurant and bar, hospitality', 'pending'),
(197, 'live fountain medicare', '', '', '2016-10-28 14:15:10', '2016-10-28 14:15:10', 5, '3.0', 0, 'live-fountain-medicare', 'NO', 'A nice medical centre with friendly staff                          ', '', 5, 1, 'Medication, drug tests, doctors, nurses, healthcare', 'pending'),
(198, 'living spring hi grade college', '', '', '2016-10-28 14:17:50', '2016-10-28 14:18:36', 5, '3.0', 0, 'living-spring-hi-grade-college', 'NO', 'A nice college with friendly staff                          \r\n                          ', '', 5, 1, 'Academics, education, teachers, students', 'pending'),
(199, 'livingspring montessori school', '', '', '2016-10-28 14:21:10', '2016-10-28 14:21:10', 5, '3.0', 0, 'livingspring-montessori-school', 'NO', 'A nice school with friendly staff                          ', '', 5, 1, 'Academics, education, teachers, students, nursery, primary', 'pending'),
(200, 'longlife mataernity & hospital (clinic)', '', '', '2016-10-28 14:23:48', '2016-10-28 14:23:48', 5, '3.0', 0, 'longlife-mataernity-hospital-clinic', 'NO', 'A nice clinic with friendly staff                          ', '', 5, 1, 'Drug tests, healthcare, doctors, nurses, prescription', 'pending'),
(201, 'lord shepherd school', '', '', '2016-10-28 14:25:54', '2016-10-28 14:25:54', 5, '3.0', 0, 'lord-shepherd-school', 'NO', 'A nice school with friendly staff                          ', '', 5, 1, 'Academics, education, teachers, students', 'pending'),
(202, 'lucy private school', '', '', '2016-10-28 14:28:32', '2016-10-28 14:28:32', 5, '3.0', 0, 'lucy-private-school', 'NO', 'A nice school with friendly staff                          ', '', 5, 1, 'Acadmics, education, teachers, students', 'pending'),
(203, 'lucy private school', '', '', '2016-10-28 14:28:33', '2016-10-28 14:28:33', 5, '3.0', 0, 'lucy-private-school', 'NO', 'A nice school with friendly staff                          ', '', 5, 1, 'Acadmics, education, teachers, students', 'pending'),
(204, 'lucy memorial hospital & maternity', '', '', '2016-10-28 14:31:10', '2016-10-28 14:31:10', 5, '3.0', 0, 'lucy-memorial-hospital-maternity', 'NO', 'A nice hospital with friendly staff                          ', '', 5, 1, 'Hospital, doctos, nurses', 'pending'),
(205, 'mac iva hotel', '', '', '2016-10-28 14:33:28', '2016-10-28 14:33:28', 5, '3.0', 0, 'mac-iva-hotel', 'NO', 'A nice hotel with friendly staff                          ', '', 5, 1, 'Hotel, accomodation, lodging, restaurant and bar', 'pending'),
(206, 'malambo guest house', '', '', '2016-10-28 14:35:58', '2016-10-28 14:35:58', 5, '3.0', 0, 'malambo-guest-house', 'NO', 'A nice hotel with friendly staff                          ', '', 5, 1, 'Accomodation, guest house, loddging, restaurant and bar', 'pending'),
(207, 'mama\'s kitchen', '', '', '2016-10-28 14:38:35', '2016-10-28 14:38:35', 5, '3.0', 0, 'mamas-kitchen', 'NO', 'A nice restaurant with friendly staff                          ', '', 5, 1, 'Restaurant and bar, food, takeaway', 'pending'),
(208, 'mandela hospital', '', '', '2016-10-28 14:40:38', '2016-10-28 14:40:38', 5, '3.0', 0, 'mandela-hospital', 'NO', ' A nice hospital with friendly staff                    ', '', 5, 1, 'Hospital, doctors, nurses, healthcare, drug tests', 'pending'),
(209, 'marblefield hotel & event centre', '', '', '2016-10-28 14:43:35', '2016-10-28 14:43:35', 5, '3.0', 0, 'marblefield-hotel-event-centre', 'NO', 'A nice hotel and event centre with friendly staff                           ', '', 5, 1, 'Hotel, event centre, accomodation, lodging, party venue', 'pending'),
(210, 'maria suites limited', '', '', '2016-10-28 14:46:13', '2016-10-28 14:46:13', 5, '3.0', 0, 'maria-suites-limited', 'NO', ' A nice hotel with friendly staff                         ', '', 5, 1, 'Accomodation, lodging, touist, restaurant and bar', 'pending'),
(211, 'mario international school', '', '', '2016-10-28 14:48:23', '2016-10-28 14:48:23', 5, '3.0', 0, 'mario-international-school', 'NO', 'A nice school with friendly staff                          ', '', 5, 1, 'Academics, education, teachers, students', 'pending'),
(212, 'markids nursery and primary school', '', '', '2016-10-28 14:50:12', '2016-10-28 14:50:12', 5, '3.0', 0, 'markids-nursery-and-primary-school', 'NO', 'A nice school with friendly staff                          ', '', 5, 1, 'Academics, education, teachers, students, nursery, primary', 'pending'),
(213, 'markids nursery and primary school', '', '', '2016-11-10 17:47:57', '2016-11-10 17:47:58', 5, '3.0', 0, 'markids-nursery-and-primary-school', 'NO', 'A nice nursery and primary school with friendly staff                          ', '', 5, 1, 'Academics, education, teachers, students, nursery, primary', 'pending'),
(214, 'marvelle private school', '', '', '2016-11-10 17:50:13', '2016-11-10 17:50:13', 5, '3.0', 0, 'marvelle-private-school', 'NO', 'A nice school with friendly staff                          ', '', 5, 1, 'Academics, education, teachers, students', 'pending'),
(215, 'masters children school', '', '', '2016-11-10 17:52:16', '2016-11-10 17:52:16', 5, '3.0', 0, 'masters-children-school', 'NO', 'A nice school with friendly staff                          ', '', 5, 1, 'Academics, education, nursery, primary', 'pending'),
(216, 'matbeny hotel limited', '', '', '2016-11-10 17:54:45', '2016-11-10 17:54:45', 5, '3.0', 0, 'matbeny-hotel-limited', 'NO', 'A nice hotel with friendly staff                          ', '', 5, 1, 'Accomodation, hotel, lodging, short stay, long stay', 'pending'),
(217, 'matol nursery and primary school', '', '', '2016-11-10 17:57:30', '2016-11-10 17:57:30', 5, '3.0', 0, 'matol-nursery-and-primary-school', 'NO', 'A nice school with friendly staff                          ', '', 5, 1, 'Academics, education, nursery, primary, teachers, students', 'pending'),
(218, 'mayday school', '', '', '2016-11-10 17:59:29', '2016-11-10 17:59:29', 5, '3.0', 0, 'mayday-school', 'NO', ' A nice school with friendly staff                         ', '', 5, 1, 'Academics, education, nursery, primary, tecahers, students', 'pending'),
(219, 'maysun international spot hotel', '', '', '2016-11-10 18:01:40', '2016-11-10 18:01:40', 5, '3.0', 0, 'maysun-international-spot-hotel', 'NO', 'A nice hotel with friendly staff                          ', '', 5, 1, 'Accomodation, hotel, lodging, short stay, long stay', 'pending'),
(220, 'mclilyville consulting firm', '', '', '2016-11-10 18:04:38', '2016-11-10 18:04:38', 5, '3.0', 0, 'mclilyville-consulting-firm', 'NO', 'A nice consultancy firm                          ', '', 5, 1, 'Academics, education, nursery , primary', 'pending'),
(221, 'mei hotel', '', '', '2016-11-10 18:06:47', '2016-11-10 18:07:27', 5, '3.0', 0, 'meu-hotel', 'NO', 'A nice hotel with friendly staff                          \r\n                          ', '', 5, 1, 'Accomodation, hotel, lodging, short stay, long stay', 'pending'),
(222, 'melia comfort hotel', '', '', '2016-11-10 18:18:32', '2016-11-10 18:18:32', 5, '3.0', 0, 'melia-comfort-hotel', 'NO', 'A nice hotel with friendly staff                          ', '', 5, 1, 'Accomodation, hotel, lodging, short stay, long stay', 'pending'),
(223, 'mimmy gifted children school', '', '', '2016-11-10 18:20:29', '2016-11-10 18:20:29', 5, '3.0', 0, 'mimmy-gifted-children-school', 'NO', 'A nice school with friendly staff                          ', '', 5, 1, 'Academics, education, nursery,primary', 'pending'),
(224, 'mirror suites limited', '', '', '2016-11-10 18:28:10', '2016-11-10 18:28:10', 5, '3.0', 0, 'mirror-suites-limited', 'NO', 'A nice hotel with friendly staff                          ', '', 5, 1, 'Accomodation, lodging, short stay, long stay', 'pending'),
(225, 'modex restaurant and motel', '', '', '2016-11-10 18:32:41', '2016-11-10 18:32:41', 5, '3.0', 0, 'modex-restaurant-and-motel', 'NO', 'A nice motel and restaurant with friendly staff                          ', '', 5, 1, 'Accomodation, lodging, hotel, restaurant and bar', 'pending'),
(226, 'morem nursery and primary school', '', '', '2016-11-10 18:35:23', '2016-11-10 18:35:23', 5, '3.0', 0, 'morem-nursery-and-primary-school', 'NO', 'A nice nursery and primary school with friendly staff                          ', '', 5, 1, 'Academics, education, nursery and primary', 'pending'),
(227, 'mosagee clinics', '', '', '2016-11-10 18:37:25', '2016-11-10 18:37:25', 5, '3.0', 0, 'mosagee-clinics', 'NO', 'A nice clinic with friendly staff                          ', '', 5, 1, 'Hospital, clinics, doctors, nurses', 'pending'),
(228, 'moslado hotel nigeria limited', '', '', '2016-11-10 18:40:20', '2016-11-10 18:40:20', 5, '3.0', 0, 'moslado-hotel-nigeria-limited', 'NO', 'A nice hotel with friendly staff                          ', '', 5, 1, 'Accomodation, hotel, lodging, short stay, long stay', 'pending'),
(229, 'mount zion academy', '', '', '2016-11-10 18:42:15', '2016-11-10 18:42:56', 5, '3.0', 0, 'mount-zion-academy', 'NO', ' A nice school with friendly staff                         \r\n                          ', '', 5, 1, 'Academics, education, tecahers, students', 'pending'),
(230, 'moyosola children school', '', '', '2016-11-10 18:45:54', '2016-11-10 18:45:54', 5, '3.0', 0, 'moyosola-children-school', 'NO', 'A nice school with friendly staff                          ', '', 5, 1, 'Academics, education, nursery, primary', 'pending'),
(231, 'mozed medical diagnostic centre limited', '', '', '2016-11-10 18:49:32', '2016-11-10 18:49:32', 5, '3.0', 0, 'mozed-medical-diagnostic-centre-limited', 'NO', 'A nice medical centre with friendly staff                           ', '', 5, 1, 'Doctors, nurses, hospitals, drug tests', 'pending'),
(232, 'native cuisine catering services', '', '', '2016-11-10 18:53:39', '2016-11-10 18:53:39', 5, '3.0', 0, 'native-cuisine-catering-services', 'NO', 'A nice catering service with friendly staff                          ', '', 5, 1, 'Hospitality, catering, food, ', 'pending'),
(233, 'neniv hotel', '', '', '2016-11-10 18:55:36', '2016-11-10 18:55:36', 5, '3.0', 0, 'neniv-hotel', 'NO', 'A nice hotel with friendly staff                          ', '', 5, 1, 'Accomodation, hotel, lodging, short stay, long stay', 'pending'),
(234, 'newland school', '', '', '2016-11-10 18:59:03', '2016-11-10 18:59:03', 5, '3.0', 0, 'newland-school', 'NO', 'A nice school with friendly staff                          ', '', 5, 1, 'Academics, education, nursery, primary, teachers, students', 'pending'),
(235, 'nice up hotel', '', '', '2016-11-10 19:01:08', '2016-11-10 19:01:08', 5, '3.0', 0, 'nice-up-hotel', 'NO', ' A nice hotel with friendly staff                         ', '', 5, 1, 'Accomodation, hotel, lodging, short stay, long stay', 'pending'),
(236, 'nobel medical', '', '', '2016-11-10 19:03:35', '2016-11-10 19:03:35', 5, '3.0', 0, 'nobel-medical', 'NO', 'A nice medical centre with friendly staff                           ', '', 5, 1, 'Clinic, medical centre, doctors, nurses ', 'pending');

-- --------------------------------------------------------

--
-- Table structure for table `biz_cat_pivot`
--

CREATE TABLE `biz_cat_pivot` (
  `id` int(10) UNSIGNED NOT NULL,
  `biz_id` int(10) UNSIGNED NOT NULL,
  `cat_id` int(10) UNSIGNED NOT NULL
) ENGINE=InnoDB DEFAULT CHARSET=latin1;

--
-- Dumping data for table `biz_cat_pivot`
--

INSERT INTO `biz_cat_pivot` (`id`, `biz_id`, `cat_id`) VALUES
(16, 1, 51),
(17, 2, 51),
(18, 3, 51),
(19, 4, 51),
(20, 5, 51),
(21, 6, 51),
(22, 7, 51),
(23, 8, 51),
(24, 9, 51),
(25, 10, 51),
(26, 11, 51),
(27, 12, 51),
(28, 13, 51),
(29, 14, 51),
(30, 15, 51),
(31, 16, 51),
(32, 17, 51),
(33, 18, 51),
(34, 19, 51),
(35, 20, 51),
(36, 21, 51),
(37, 22, 51),
(38, 23, 51),
(39, 24, 51),
(40, 25, 51),
(41, 26, 51),
(42, 27, 51),
(43, 28, 51),
(44, 29, 51),
(45, 30, 51),
(46, 31, 51),
(47, 32, 51),
(48, 33, 51),
(49, 34, 53),
(50, 35, 50),
(51, 35, 65),
(52, 35, 59),
(53, 35, 53),
(54, 36, 49),
(55, 37, 49),
(56, 38, 52),
(57, 39, 49),
(58, 40, 49),
(59, 41, 53),
(60, 41, 62),
(61, 42, 65),
(62, 42, 53),
(63, 43, 65),
(64, 43, 53),
(65, 44, 65),
(66, 44, 53),
(67, 45, 65),
(68, 45, 53),
(69, 46, 65),
(70, 46, 53),
(71, 47, 65),
(72, 47, 53),
(73, 48, 65),
(74, 48, 53),
(75, 49, 65),
(76, 49, 53),
(77, 50, 65),
(78, 50, 59),
(79, 50, 53),
(80, 51, 48),
(81, 51, 50),
(82, 51, 65),
(83, 51, 59),
(84, 51, 62),
(85, 52, 47),
(86, 53, 47),
(87, 54, 62),
(88, 55, 52),
(89, 55, 65),
(90, 55, 59),
(91, 55, 53),
(92, 56, 52),
(93, 56, 65),
(94, 56, 59),
(95, 56, 53),
(96, 57, 52),
(97, 58, 49),
(98, 58, 56),
(99, 59, 49),
(100, 59, 56),
(101, 60, 49),
(102, 60, 56),
(105, 62, 49),
(106, 62, 56),
(107, 63, 48),
(108, 63, 65),
(109, 63, 53),
(110, 64, 51),
(111, 65, 50),
(112, 66, 60),
(113, 67, 56),
(114, 68, 49),
(116, 70, 49),
(117, 71, 49),
(118, 72, 49),
(119, 73, 59),
(120, 74, 59),
(121, 75, 54),
(122, 76, 54),
(123, 77, 54),
(124, 78, 54),
(125, 79, 66),
(126, 80, 66),
(127, 81, 66),
(128, 82, 66),
(129, 83, 66),
(130, 84, 66),
(131, 85, 66),
(132, 86, 65),
(133, 86, 59),
(134, 86, 53),
(135, 87, 59),
(136, 88, 66),
(137, 89, 66),
(138, 90, 66),
(139, 91, 66),
(140, 92, 65),
(141, 92, 59),
(142, 93, 66),
(143, 94, 49),
(144, 95, 49),
(145, 96, 49),
(146, 97, 49),
(147, 98, 49),
(148, 99, 49),
(149, 100, 49),
(150, 101, 49),
(151, 102, 67),
(152, 103, 49),
(153, 104, 65),
(154, 104, 59),
(155, 105, 66),
(156, 106, 49),
(157, 107, 49),
(158, 108, 66),
(159, 109, 49),
(160, 110, 49),
(161, 111, 49),
(162, 112, 49),
(163, 113, 49),
(164, 114, 49),
(165, 115, 49),
(166, 116, 49),
(167, 117, 66),
(168, 118, 49),
(169, 119, 49),
(170, 120, 49),
(171, 121, 49),
(172, 122, 49),
(173, 123, 49),
(174, 124, 47),
(175, 125, 49),
(176, 126, 49),
(177, 127, 49),
(178, 128, 66),
(179, 129, 49),
(180, 130, 49),
(181, 131, 66),
(182, 132, 49),
(183, 133, 66),
(184, 134, 66),
(185, 135, 49),
(186, 136, 49),
(187, 137, 49),
(188, 138, 66),
(189, 138, 53),
(190, 139, 49),
(191, 140, 49),
(192, 141, 49),
(193, 142, 54),
(194, 143, 49),
(195, 144, 49),
(196, 145, 49),
(197, 146, 49),
(198, 147, 50),
(199, 148, 49),
(200, 149, 66),
(201, 150, 49),
(202, 151, 49),
(203, 152, 49),
(204, 153, 49),
(205, 154, 49),
(206, 155, 49),
(207, 156, 66),
(208, 157, 66),
(209, 158, 66),
(210, 159, 66),
(211, 160, 66),
(212, 161, 66),
(213, 162, 49),
(214, 163, 49),
(215, 164, 69),
(216, 165, 49),
(217, 166, 50),
(218, 167, 49),
(219, 168, 66),
(220, 169, 70),
(221, 170, 49),
(222, 171, 70),
(223, 172, 49),
(224, 173, 49),
(225, 174, 49),
(226, 175, 49),
(227, 176, 49),
(228, 177, 49),
(229, 178, 49),
(230, 179, 49),
(231, 180, 49),
(232, 181, 70),
(233, 182, 49),
(234, 183, 49),
(235, 184, 49),
(236, 185, 49),
(237, 186, 65),
(238, 186, 67),
(239, 187, 49),
(240, 188, 70),
(241, 189, 66),
(242, 190, 49),
(243, 191, 49),
(244, 192, 59),
(245, 193, 67),
(246, 194, 50),
(247, 194, 66),
(248, 195, 49),
(249, 196, 66),
(250, 197, 70),
(251, 198, 49),
(252, 199, 49),
(253, 200, 70),
(254, 201, 49),
(255, 202, 49),
(256, 203, 49),
(257, 204, 70),
(258, 205, 66),
(259, 206, 66),
(260, 207, 53),
(261, 208, 70),
(262, 209, 50),
(263, 209, 66),
(264, 210, 66),
(265, 211, 49),
(266, 212, 49),
(267, 213, 49),
(268, 214, 49),
(269, 215, 49),
(270, 216, 66),
(271, 217, 49),
(272, 218, 49),
(273, 219, 66),
(274, 220, 57),
(275, 221, 66),
(276, 222, 66),
(277, 223, 49),
(278, 224, 66),
(279, 225, 66),
(280, 226, 49),
(281, 227, 70),
(282, 228, 66),
(283, 229, 49),
(284, 230, 49),
(285, 231, 70),
(286, 232, 50),
(287, 233, 66),
(288, 234, 49),
(289, 235, 66),
(290, 236, 70);

-- --------------------------------------------------------

--
-- Table structure for table `biz_lga_pivot`
--

CREATE TABLE `biz_lga_pivot` (
  `id` int(10) UNSIGNED NOT NULL,
  `lga_id` int(10) UNSIGNED NOT NULL,
  `biz_id` int(10) UNSIGNED NOT NULL
) ENGINE=InnoDB DEFAULT CHARSET=latin1;

--
-- Dumping data for table `biz_lga_pivot`
--

INSERT INTO `biz_lga_pivot` (`id`, `lga_id`, `biz_id`) VALUES
(16, 873, 1),
(17, 874, 2),
(18, 875, 3),
(19, 876, 4),
(20, 877, 5),
(21, 878, 6),
(22, 879, 7),
(23, 80, 8),
(24, 880, 9),
(25, 881, 10),
(26, 85, 11),
(27, 882, 12),
(28, 94, 13),
(29, 28, 14),
(30, 883, 15),
(31, 884, 16),
(32, 84, 17),
(33, 885, 18),
(34, 886, 19),
(35, 29, 20),
(36, 887, 21),
(37, 888, 22),
(38, 84, 23),
(39, 889, 24),
(40, 890, 25),
(41, 671, 26),
(42, 891, 27),
(43, 892, 28),
(44, 893, 29),
(45, 894, 30),
(46, 895, 31),
(47, 896, 32),
(48, 897, 33),
(49, 28, 34),
(50, 877, 35),
(51, 835, 36),
(52, 877, 37),
(53, 877, 38),
(54, 131, 39),
(55, 130, 40),
(56, 29, 41),
(57, 28, 42),
(58, 873, 43),
(59, 130, 44),
(60, 877, 45),
(61, 1, 46),
(62, 877, 47),
(63, 91, 48),
(64, 877, 49),
(65, 131, 50),
(66, 877, 51),
(67, 130, 52),
(68, 749, 53),
(69, 130, 54),
(70, 877, 55),
(71, 28, 56),
(72, 29, 57),
(73, 28, 58),
(74, 830, 59),
(75, 827, 60),
(77, 28, 62),
(78, 29, 63),
(79, 28, 64),
(80, 28, 65),
(81, 130, 66),
(82, 877, 67),
(83, 708, 68),
(85, 28, 70),
(86, 333, 71),
(87, 824, 72),
(88, 708, 68),
(89, 28, 62),
(90, 827, 60),
(91, 827, 60),
(92, 28, 42),
(93, 873, 43),
(94, 28, 42),
(95, 28, 42),
(96, 130, 44),
(97, 28, 42),
(98, 28, 42),
(99, 28, 42),
(100, 1, 46),
(101, 28, 42),
(102, 874, 2),
(103, 897, 33),
(104, 29, 73),
(105, 28, 74),
(106, 877, 55),
(107, 877, 55),
(108, 877, 35),
(109, 130, 40),
(110, 877, 38),
(111, 130, 75),
(112, 131, 76),
(113, 130, 77),
(114, 131, 76),
(115, 574, 78),
(116, 130, 79),
(117, 878, 80),
(118, 878, 81),
(119, 130, 82),
(120, 878, 83),
(121, 130, 84),
(122, 130, 85),
(123, 878, 86),
(124, 130, 87),
(125, 130, 88),
(126, 130, 89),
(127, 574, 90),
(128, 130, 91),
(129, 878, 92),
(130, 130, 93),
(131, 130, 94),
(132, 130, 95),
(133, 575, 96),
(134, 130, 97),
(135, 130, 98),
(136, 130, 98),
(137, 130, 99),
(138, 130, 100),
(139, 130, 101),
(140, 130, 102),
(141, 878, 103),
(142, 574, 104),
(143, 130, 105),
(144, 574, 106),
(145, 574, 107),
(146, 130, 108),
(147, 130, 109),
(148, 574, 110),
(149, 130, 111),
(150, 130, 112),
(151, 130, 113),
(152, 130, 114),
(153, 878, 115),
(154, 130, 116),
(155, 130, 117),
(156, 130, 118),
(157, 130, 119),
(158, 130, 120),
(159, 130, 121),
(160, 130, 122),
(161, 130, 123),
(162, 130, 124),
(163, 130, 125),
(164, 130, 126),
(165, 130, 127),
(166, 130, 128),
(167, 130, 129),
(168, 130, 130),
(169, 130, 131),
(170, 878, 132),
(171, 130, 133),
(172, 130, 134),
(173, 130, 135),
(174, 130, 136),
(175, 130, 137),
(176, 130, 138),
(177, 878, 139),
(178, 878, 139),
(179, 878, 139),
(180, 878, 139),
(181, 130, 140),
(182, 130, 141),
(183, 131, 142),
(184, 878, 143),
(185, 878, 144),
(186, 878, 145),
(187, 130, 146),
(188, 130, 147),
(189, 130, 148),
(190, 130, 149),
(191, 130, 150),
(192, 130, 151),
(193, 130, 152),
(194, 130, 153),
(195, 130, 154),
(196, 130, 155),
(197, 130, 155),
(198, 130, 156),
(199, 130, 157),
(200, 130, 158),
(201, 130, 159),
(202, 130, 160),
(203, 130, 161),
(204, 130, 162),
(205, 130, 163),
(206, 130, 164),
(207, 130, 165),
(208, 130, 166),
(209, 130, 167),
(210, 130, 168),
(211, 130, 169),
(212, 130, 170),
(213, 130, 171),
(214, 130, 172),
(215, 130, 173),
(216, 130, 174),
(217, 130, 175),
(218, 130, 176),
(219, 130, 175),
(220, 130, 177),
(221, 130, 178),
(222, 130, 178),
(223, 130, 178),
(224, 130, 179),
(225, 130, 180),
(226, 130, 181),
(227, 130, 182),
(228, 130, 183),
(229, 130, 184),
(230, 130, 185),
(231, 130, 186),
(232, 130, 187),
(233, 130, 188),
(234, 130, 189),
(235, 130, 190),
(236, 130, 191),
(237, 130, 192),
(238, 130, 193),
(239, 130, 194),
(240, 130, 195),
(241, 130, 196),
(242, 130, 197),
(243, 130, 198),
(244, 130, 198),
(245, 130, 199),
(246, 130, 200),
(247, 130, 201),
(248, 130, 202),
(249, 130, 203),
(250, 130, 204),
(251, 130, 205),
(252, 130, 206),
(253, 130, 207),
(254, 130, 208),
(255, 130, 209),
(256, 130, 210),
(257, 130, 211),
(258, 130, 212),
(259, 130, 213),
(260, 130, 214),
(261, 130, 215),
(262, 130, 216),
(263, 130, 217),
(264, 130, 218),
(265, 130, 219),
(266, 130, 220),
(267, 130, 221),
(268, 130, 221),
(269, 130, 222),
(270, 130, 223),
(271, 130, 224),
(272, 130, 225),
(273, 130, 226),
(274, 130, 227),
(275, 130, 228),
(276, 130, 229),
(277, 130, 229),
(278, 130, 230),
(279, 130, 231),
(280, 130, 232),
(281, 130, 233),
(282, 130, 234),
(283, 130, 235),
(284, 130, 236);

-- --------------------------------------------------------

--
-- Table structure for table `biz_photos`
--

CREATE TABLE `biz_photos` (
  `id` int(10) UNSIGNED NOT NULL,
  `biz_id` int(10) UNSIGNED NOT NULL,
  `path` varchar(100) NOT NULL,
  `created_at` datetime NOT NULL,
  `updated_at` timestamp NOT NULL DEFAULT CURRENT_TIMESTAMP ON UPDATE CURRENT_TIMESTAMP
) ENGINE=InnoDB DEFAULT CHARSET=latin1;

-- --------------------------------------------------------

--
-- Table structure for table `biz_profile_photos`
--

CREATE TABLE `biz_profile_photos` (
  `id` int(10) UNSIGNED NOT NULL,
  `image` varchar(100) NOT NULL,
  `biz_id` int(10) UNSIGNED NOT NULL,
  `created_at` datetime NOT NULL,
  `updated_at` timestamp NOT NULL DEFAULT CURRENT_TIMESTAMP ON UPDATE CURRENT_TIMESTAMP
) ENGINE=InnoDB DEFAULT CHARSET=latin1;

--
-- Dumping data for table `biz_profile_photos`
--

INSERT INTO `biz_profile_photos` (`id`, `image`, `biz_id`, `created_at`, `updated_at`) VALUES
(1, 'bizz/profile/1473873731UNN_Logo.jpg', 68, '2016-09-14 18:22:11', '2016-09-14 17:22:11'),
(2, 'bizz/profile/1473873897us-embassy.png', 62, '2016-09-14 18:24:57', '2016-09-14 17:24:57'),
(3, 'bizz/profile/1473873923us-embassy.png', 60, '2016-09-14 18:25:23', '2016-09-14 17:25:23'),
(5, 'bizz/profile/1474080625Sweet-Sensation-logo.jpg', 42, '2016-09-14 18:34:02', '2016-09-17 02:50:25'),
(6, 'bizz/profile/1474080625Sweet-Sensation-logo.jpg', 43, '2016-09-17 01:40:25', '2016-09-17 02:50:25'),
(8, 'bizz/profile/1474080625Sweet-Sensation-logo.jpg', 49, '2016-09-17 01:59:56', '2016-09-17 02:50:25'),
(9, 'bizz/profile/1474080625Sweet-Sensation-logo.jpg', 48, '2016-09-17 02:00:43', '2016-09-17 02:50:25'),
(10, 'bizz/profile/1474080625Sweet-Sensation-logo.jpg', 47, '2016-09-17 02:08:02', '2016-09-17 02:50:25'),
(11, 'bizz/profile/1474080625Sweet-Sensation-logo.jpg', 46, '2016-09-17 02:34:44', '2016-09-17 02:50:25'),
(13, 'bizz/profile/1474080625Sweet-Sensation-logo.jpg', 44, '2016-09-17 03:50:25', '2016-09-17 02:50:25'),
(14, 'bizz/profile/1474080625Sweet-Sensation-logo.jpg', 45, '2016-09-17 03:50:25', '2016-09-17 02:50:25'),
(15, 'bizz/profile/1474080760Guaranty_Trust_Bank.jpg', 1, '2016-09-17 03:52:40', '2016-09-17 02:52:40'),
(16, 'bizz/profile/1474080760Guaranty_Trust_Bank.jpg', 2, '2016-09-17 03:52:40', '2016-09-17 02:52:40'),
(17, 'bizz/profile/1474080760Guaranty_Trust_Bank.jpg', 3, '2016-09-17 03:52:40', '2016-09-17 02:52:40'),
(18, 'bizz/profile/1474080760Guaranty_Trust_Bank.jpg', 4, '2016-09-17 03:52:40', '2016-09-17 02:52:40'),
(19, 'bizz/profile/1474080760Guaranty_Trust_Bank.jpg', 5, '2016-09-17 03:52:40', '2016-09-17 02:52:40'),
(20, 'bizz/profile/1474080760Guaranty_Trust_Bank.jpg', 6, '2016-09-17 03:52:40', '2016-09-17 02:52:40'),
(21, 'bizz/profile/1474080760Guaranty_Trust_Bank.jpg', 7, '2016-09-17 03:52:40', '2016-09-17 02:52:40'),
(22, 'bizz/profile/1474080760Guaranty_Trust_Bank.jpg', 8, '2016-09-17 03:52:40', '2016-09-17 02:52:40'),
(23, 'bizz/profile/1474080760Guaranty_Trust_Bank.jpg', 9, '2016-09-17 03:52:40', '2016-09-17 02:52:40'),
(24, 'bizz/profile/1474080760Guaranty_Trust_Bank.jpg', 10, '2016-09-17 03:52:40', '2016-09-17 02:52:40'),
(25, 'bizz/profile/1474080760Guaranty_Trust_Bank.jpg', 11, '2016-09-17 03:52:40', '2016-09-17 02:52:40'),
(26, 'bizz/profile/1474080760Guaranty_Trust_Bank.jpg', 12, '2016-09-17 03:52:40', '2016-09-17 02:52:40'),
(27, 'bizz/profile/1474080760Guaranty_Trust_Bank.jpg', 13, '2016-09-17 03:52:40', '2016-09-17 02:52:40'),
(28, 'bizz/profile/1474080760Guaranty_Trust_Bank.jpg', 14, '2016-09-17 03:52:40', '2016-09-17 02:52:40'),
(29, 'bizz/profile/1474080760Guaranty_Trust_Bank.jpg', 15, '2016-09-17 03:52:40', '2016-09-17 02:52:40'),
(30, 'bizz/profile/1474080760Guaranty_Trust_Bank.jpg', 16, '2016-09-17 03:52:40', '2016-09-17 02:52:40'),
(31, 'bizz/profile/1474080760Guaranty_Trust_Bank.jpg', 17, '2016-09-17 03:52:40', '2016-09-17 02:52:40'),
(32, 'bizz/profile/1474080760Guaranty_Trust_Bank.jpg', 18, '2016-09-17 03:52:40', '2016-09-17 02:52:40'),
(33, 'bizz/profile/1474080760Guaranty_Trust_Bank.jpg', 19, '2016-09-17 03:52:40', '2016-09-17 02:52:40'),
(34, 'bizz/profile/1474080760Guaranty_Trust_Bank.jpg', 20, '2016-09-17 03:52:40', '2016-09-17 02:52:40'),
(35, 'bizz/profile/1474080760Guaranty_Trust_Bank.jpg', 21, '2016-09-17 03:52:40', '2016-09-17 02:52:40'),
(36, 'bizz/profile/1474080760Guaranty_Trust_Bank.jpg', 22, '2016-09-17 03:52:40', '2016-09-17 02:52:40'),
(37, 'bizz/profile/1474080760Guaranty_Trust_Bank.jpg', 23, '2016-09-17 03:52:40', '2016-09-17 02:52:40'),
(38, 'bizz/profile/1474080902Access-Bank-Logo.jpg', 24, '2016-09-17 03:55:02', '2016-09-17 02:55:02'),
(39, 'bizz/profile/1474080902Access-Bank-Logo.jpg', 25, '2016-09-17 03:55:02', '2016-09-17 02:55:02'),
(40, 'bizz/profile/1474080902Access-Bank-Logo.jpg', 26, '2016-09-17 03:55:02', '2016-09-17 02:55:02'),
(41, 'bizz/profile/1474080902Access-Bank-Logo.jpg', 27, '2016-09-17 03:55:02', '2016-09-17 02:55:02'),
(42, 'bizz/profile/1474080902Access-Bank-Logo.jpg', 28, '2016-09-17 03:55:02', '2016-09-17 02:55:02'),
(43, 'bizz/profile/1474080902Access-Bank-Logo.jpg', 29, '2016-09-17 03:55:02', '2016-09-17 02:55:02'),
(44, 'bizz/profile/1474080902Access-Bank-Logo.jpg', 30, '2016-09-17 03:55:02', '2016-09-17 02:55:02'),
(45, 'bizz/profile/1474080902Access-Bank-Logo.jpg', 31, '2016-09-17 03:55:02', '2016-09-17 02:55:02'),
(46, 'bizz/profile/1474080902Access-Bank-Logo.jpg', 32, '2016-09-17 03:55:02', '2016-09-17 02:55:02'),
(47, 'bizz/profile/1474080902Access-Bank-Logo.jpg', 33, '2016-09-17 03:55:02', '2016-09-17 02:55:02'),
(48, 'bizz/profile/1474082265ember-creek.jpg', 73, '2016-09-17 04:17:45', '2016-09-17 03:17:45'),
(49, 'bizz/profile/1474085563quilox.png', 74, '2016-09-17 05:12:43', '2016-09-17 04:12:43'),
(50, 'bizz/profile/1474821894image.jpeg', 55, '2016-09-25 17:41:51', '2016-09-25 16:44:54'),
(51, 'bizz/profile/1474821894image.jpeg', 56, '2016-09-25 17:41:51', '2016-09-25 16:44:54'),
(52, 'bizz/profile/1474821927image.png', 35, '2016-09-25 17:45:27', '2016-09-25 16:45:27'),
(53, 'bizz/profile/1474821961image.jpeg', 40, '2016-09-25 17:46:01', '2016-09-25 16:46:01'),
(54, 'bizz/profile/1474822199image.jpeg', 38, '2016-09-25 17:49:59', '2016-09-25 16:49:59');

-- --------------------------------------------------------

--
-- Table structure for table `biz_state_pivot`
--

CREATE TABLE `biz_state_pivot` (
  `id` int(10) UNSIGNED NOT NULL,
  `state_id` int(10) UNSIGNED NOT NULL,
  `biz_id` int(10) UNSIGNED NOT NULL
) ENGINE=InnoDB DEFAULT CHARSET=latin1;

--
-- Dumping data for table `biz_state_pivot`
--

INSERT INTO `biz_state_pivot` (`id`, `state_id`, `biz_id`) VALUES
(16, 25, 1),
(17, 25, 2),
(18, 25, 3),
(19, 25, 4),
(20, 25, 5),
(21, 25, 6),
(22, 25, 7),
(23, 25, 8),
(24, 25, 9),
(25, 25, 10),
(26, 25, 11),
(27, 25, 12),
(28, 25, 13),
(29, 25, 14),
(30, 25, 15),
(31, 25, 16),
(32, 25, 17),
(33, 25, 18),
(34, 25, 19),
(35, 25, 20),
(36, 25, 21),
(37, 25, 22),
(38, 25, 23),
(39, 10, 24),
(40, 10, 25),
(41, 10, 26),
(42, 11, 27),
(43, 11, 28),
(44, 11, 29),
(45, 11, 30),
(46, 11, 31),
(47, 12, 32),
(48, 13, 33),
(49, 25, 34),
(50, 25, 35),
(51, 2, 36),
(52, 25, 37),
(53, 25, 38),
(54, 25, 39),
(55, 25, 40),
(56, 25, 41),
(57, 25, 42),
(58, 25, 43),
(59, 25, 44),
(60, 25, 45),
(61, 25, 46),
(62, 25, 47),
(63, 25, 48),
(64, 25, 49),
(65, 25, 50),
(66, 25, 51),
(67, 25, 52),
(68, 5, 53),
(69, 25, 54),
(70, 25, 55),
(71, 25, 56),
(72, 25, 57),
(73, 25, 58),
(74, 2, 59),
(75, 2, 60),
(77, 25, 62),
(78, 25, 63),
(79, 25, 64),
(80, 25, 65),
(81, 25, 66),
(82, 25, 67),
(83, 15, 68),
(85, 25, 70),
(86, 28, 71),
(87, 13, 72),
(88, 15, 68),
(89, 25, 62),
(90, 2, 60),
(91, 2, 60),
(92, 25, 42),
(93, 25, 43),
(94, 25, 42),
(95, 25, 42),
(96, 25, 44),
(97, 25, 42),
(98, 25, 42),
(99, 25, 42),
(100, 25, 46),
(101, 25, 42),
(102, 25, 2),
(103, 13, 33),
(104, 25, 73),
(105, 25, 74),
(106, 25, 55),
(107, 25, 55),
(108, 25, 35),
(109, 25, 40),
(110, 25, 38),
(111, 25, 75),
(112, 25, 76),
(113, 25, 77),
(114, 25, 76),
(115, 25, 78),
(116, 25, 79),
(117, 25, 80),
(118, 25, 81),
(119, 25, 82),
(120, 25, 83),
(121, 25, 84),
(122, 25, 85),
(123, 25, 86),
(124, 25, 87),
(125, 25, 88),
(126, 25, 89),
(127, 25, 90),
(128, 25, 91),
(129, 25, 92),
(130, 25, 93),
(131, 25, 94),
(132, 25, 95),
(133, 25, 96),
(134, 25, 97),
(135, 25, 98),
(136, 25, 98),
(137, 25, 99),
(138, 25, 100),
(139, 25, 101),
(140, 25, 102),
(141, 25, 103),
(142, 25, 104),
(143, 25, 105),
(144, 25, 106),
(145, 25, 107),
(146, 25, 108),
(147, 25, 109),
(148, 25, 110),
(149, 25, 111),
(150, 25, 112),
(151, 25, 113),
(152, 25, 114),
(153, 25, 115),
(154, 25, 116),
(155, 25, 117),
(156, 25, 118),
(157, 25, 119),
(158, 25, 120),
(159, 25, 121),
(160, 25, 122),
(161, 25, 123),
(162, 25, 124),
(163, 25, 125),
(164, 25, 126),
(165, 25, 127),
(166, 25, 128),
(167, 25, 129),
(168, 25, 130),
(169, 25, 131),
(170, 25, 132),
(171, 25, 133),
(172, 25, 134),
(173, 25, 135),
(174, 25, 136),
(175, 25, 137),
(176, 25, 138),
(177, 25, 139),
(178, 25, 139),
(179, 25, 139),
(180, 25, 139),
(181, 25, 140),
(182, 25, 141),
(183, 25, 142),
(184, 25, 143),
(185, 25, 144),
(186, 25, 145),
(187, 25, 146),
(188, 25, 147),
(189, 25, 148),
(190, 25, 149),
(191, 25, 150),
(192, 25, 151),
(193, 25, 152),
(194, 25, 153),
(195, 25, 154),
(196, 25, 155),
(197, 25, 155),
(198, 25, 156),
(199, 25, 157),
(200, 25, 158),
(201, 25, 159),
(202, 25, 160),
(203, 25, 161),
(204, 25, 162),
(205, 25, 163),
(206, 25, 164),
(207, 25, 165),
(208, 25, 166),
(209, 25, 167),
(210, 25, 168),
(211, 25, 169),
(212, 25, 170),
(213, 25, 171),
(214, 25, 172),
(215, 25, 173),
(216, 25, 174),
(217, 25, 175),
(218, 25, 176),
(219, 25, 175),
(220, 25, 177),
(221, 25, 178),
(222, 25, 178),
(223, 25, 178),
(224, 25, 179),
(225, 25, 180),
(226, 25, 181),
(227, 25, 182),
(228, 25, 183),
(229, 25, 184),
(230, 25, 185),
(231, 25, 186),
(232, 25, 187),
(233, 25, 188),
(234, 25, 189),
(235, 25, 190),
(236, 25, 191),
(237, 25, 192),
(238, 25, 193),
(239, 25, 194),
(240, 25, 195),
(241, 25, 196),
(242, 25, 197),
(243, 25, 198),
(244, 25, 198),
(245, 25, 199),
(246, 25, 200),
(247, 25, 201),
(248, 25, 202),
(249, 25, 203),
(250, 25, 204),
(251, 25, 205),
(252, 25, 206),
(253, 25, 207),
(254, 25, 208),
(255, 25, 209),
(256, 25, 210),
(257, 25, 211),
(258, 25, 212),
(259, 25, 213),
(260, 25, 214),
(261, 25, 215),
(262, 25, 216),
(263, 25, 217),
(264, 25, 218),
(265, 25, 219),
(266, 25, 220),
(267, 25, 221),
(268, 25, 221),
(269, 25, 222),
(270, 25, 223),
(271, 25, 224),
(272, 25, 225),
(273, 25, 226),
(274, 25, 227),
(275, 25, 228),
(276, 25, 229),
(277, 25, 229),
(278, 25, 230),
(279, 25, 231),
(280, 25, 232),
(281, 25, 233),
(282, 25, 234),
(283, 25, 235),
(284, 25, 236);

-- --------------------------------------------------------

--
-- Table structure for table `biz_subcat_pivot`
--

CREATE TABLE `biz_subcat_pivot` (
  `id` int(10) UNSIGNED NOT NULL,
  `subcat_id` int(10) UNSIGNED NOT NULL,
  `biz_id` int(10) UNSIGNED NOT NULL
) ENGINE=InnoDB DEFAULT CHARSET=latin1;

--
-- Dumping data for table `biz_subcat_pivot`
--

INSERT INTO `biz_subcat_pivot` (`id`, `subcat_id`, `biz_id`) VALUES
(101, 252, 1),
(102, 254, 1),
(103, 252, 2),
(104, 253, 2),
(105, 256, 2),
(106, 252, 3),
(107, 255, 3),
(108, 256, 3),
(109, 252, 4),
(110, 255, 4),
(111, 252, 5),
(112, 254, 5),
(113, 256, 5),
(114, 252, 6),
(115, 256, 6),
(116, 252, 7),
(117, 253, 7),
(118, 256, 7),
(119, 253, 8),
(120, 254, 8),
(121, 255, 8),
(122, 252, 9),
(123, 253, 9),
(124, 254, 9),
(125, 252, 10),
(126, 253, 10),
(127, 256, 10),
(128, 252, 11),
(129, 253, 11),
(130, 256, 11),
(131, 252, 12),
(132, 253, 12),
(133, 252, 13),
(134, 253, 13),
(135, 256, 13),
(136, 252, 14),
(137, 253, 14),
(138, 256, 14),
(139, 252, 15),
(140, 253, 15),
(141, 256, 15),
(142, 252, 16),
(143, 253, 16),
(144, 256, 16),
(145, 252, 17),
(146, 253, 17),
(147, 256, 17),
(148, 252, 18),
(149, 253, 18),
(150, 256, 18),
(151, 252, 19),
(152, 253, 19),
(153, 254, 19),
(154, 252, 20),
(155, 253, 20),
(156, 256, 20),
(157, 252, 21),
(158, 253, 21),
(159, 256, 21),
(160, 252, 22),
(161, 253, 22),
(162, 256, 22),
(163, 252, 23),
(164, 253, 23),
(165, 256, 23),
(166, 252, 24),
(167, 253, 24),
(168, 256, 24),
(169, 252, 25),
(170, 253, 25),
(171, 256, 25),
(172, 252, 26),
(173, 253, 26),
(174, 256, 26),
(175, 252, 27),
(176, 253, 27),
(177, 256, 27),
(178, 252, 28),
(179, 253, 28),
(180, 256, 28),
(181, 252, 29),
(182, 253, 29),
(183, 256, 29),
(184, 252, 30),
(185, 253, 30),
(186, 256, 30),
(187, 252, 31),
(188, 253, 31),
(189, 256, 31),
(190, 252, 32),
(191, 253, 32),
(192, 256, 32),
(193, 252, 33),
(194, 253, 33),
(195, 256, 33),
(196, 280, 34),
(197, 297, 34),
(198, 300, 34),
(199, 237, 35),
(200, 246, 35),
(201, 250, 35),
(202, 464, 35),
(203, 465, 35),
(204, 468, 35),
(205, 352, 35),
(206, 353, 35),
(207, 279, 35),
(208, 280, 35),
(209, 284, 35),
(210, 216, 36),
(211, 216, 37),
(212, 217, 37),
(213, 258, 38),
(214, 261, 38),
(215, 262, 38),
(216, 266, 38),
(217, 268, 38),
(218, 269, 38),
(219, 273, 38),
(220, 217, 39),
(221, 217, 40),
(222, 377, 41),
(223, 379, 41),
(224, 385, 41),
(225, 404, 41),
(226, 408, 41),
(227, 409, 41),
(228, 282, 42),
(229, 464, 43),
(230, 469, 43),
(231, 282, 43),
(232, 464, 44),
(233, 469, 44),
(234, 282, 44),
(235, 464, 45),
(236, 469, 45),
(237, 282, 45),
(238, 464, 46),
(239, 469, 46),
(240, 282, 46),
(241, 464, 47),
(242, 469, 47),
(243, 282, 47),
(244, 464, 48),
(245, 469, 48),
(246, 282, 48),
(247, 464, 49),
(248, 469, 49),
(249, 282, 49),
(250, 468, 50),
(251, 285, 50),
(252, 196, 51),
(253, 250, 51),
(254, 353, 51),
(255, 354, 51),
(256, 379, 51),
(257, 381, 51),
(258, 382, 51),
(259, 383, 51),
(260, 404, 51),
(261, 408, 51),
(262, 409, 51),
(263, 187, 52),
(264, 187, 53),
(265, 377, 54),
(266, 379, 54),
(267, 381, 54),
(268, 382, 54),
(269, 404, 54),
(270, 408, 54),
(271, 409, 54),
(272, 259, 55),
(273, 260, 55),
(274, 266, 55),
(275, 268, 55),
(276, 273, 55),
(277, 457, 55),
(278, 458, 55),
(279, 459, 55),
(280, 461, 55),
(281, 466, 55),
(282, 259, 56),
(283, 260, 56),
(284, 266, 56),
(285, 268, 56),
(286, 273, 56),
(287, 457, 56),
(288, 458, 56),
(289, 459, 56),
(290, 461, 56),
(291, 466, 56),
(292, 353, 56),
(293, 261, 57),
(294, 266, 57),
(295, 268, 57),
(296, 320, 58),
(297, 325, 58),
(298, 320, 59),
(299, 320, 60),
(301, 320, 62),
(302, 195, 63),
(303, 196, 63),
(304, 205, 63),
(305, 210, 63),
(306, 465, 63),
(307, 255, 64),
(308, 241, 65),
(309, 244, 65),
(310, 362, 66),
(311, 322, 67),
(312, 215, 68),
(314, 226, 70),
(315, 215, 71),
(316, 215, 72),
(317, 352, 73),
(318, 353, 73),
(319, 352, 74),
(320, 353, 74),
(321, 358, 74),
(322, 359, 74),
(323, 305, 75),
(324, 305, 76),
(325, 305, 77),
(326, 305, 78),
(327, 470, 79),
(328, 471, 79),
(329, 472, 79),
(330, 472, 80),
(331, 470, 81),
(332, 471, 81),
(333, 472, 81),
(334, 470, 82),
(335, 471, 82),
(336, 472, 82),
(337, 470, 83),
(338, 471, 83),
(339, 472, 83),
(340, 470, 84),
(341, 471, 84),
(342, 472, 84),
(343, 470, 85),
(344, 471, 85),
(345, 472, 85),
(346, 468, 86),
(347, 352, 86),
(348, 353, 86),
(349, 352, 87),
(350, 353, 87),
(351, 470, 88),
(352, 471, 88),
(353, 472, 88),
(354, 470, 89),
(355, 471, 89),
(356, 472, 89),
(357, 470, 90),
(358, 471, 90),
(359, 472, 90),
(360, 470, 91),
(361, 471, 91),
(362, 472, 91),
(363, 464, 92),
(364, 470, 93),
(365, 471, 93),
(366, 472, 93),
(367, 226, 94),
(368, 226, 95),
(369, 216, 96),
(370, 218, 96),
(371, 226, 97),
(372, 216, 98),
(373, 218, 98),
(374, 216, 99),
(375, 218, 99),
(376, 216, 100),
(377, 218, 100),
(378, 215, 101),
(379, 217, 101),
(380, 475, 102),
(381, 226, 103),
(382, 464, 104),
(383, 465, 104),
(384, 468, 104),
(385, 470, 105),
(386, 471, 105),
(387, 472, 105),
(388, 226, 106),
(389, 216, 107),
(390, 470, 108),
(391, 471, 108),
(392, 472, 108),
(393, 226, 109),
(394, 217, 110),
(395, 217, 111),
(396, 226, 112),
(397, 217, 113),
(398, 217, 114),
(399, 219, 115),
(400, 216, 116),
(401, 217, 116),
(402, 218, 116),
(403, 219, 116),
(404, 470, 117),
(405, 471, 117),
(406, 472, 117),
(407, 216, 118),
(408, 217, 118),
(409, 218, 118),
(410, 217, 119),
(411, 217, 120),
(412, 217, 121),
(413, 217, 122),
(414, 226, 123),
(415, 178, 124),
(416, 217, 125),
(417, 226, 126),
(418, 216, 127),
(419, 218, 127),
(420, 470, 128),
(421, 471, 128),
(422, 472, 128),
(423, 216, 129),
(424, 218, 129),
(425, 226, 130),
(426, 470, 131),
(427, 471, 131),
(428, 472, 131),
(429, 216, 132),
(430, 217, 132),
(431, 218, 132),
(432, 470, 133),
(433, 471, 133),
(434, 472, 133),
(435, 470, 134),
(436, 471, 134),
(437, 472, 134),
(438, 217, 135),
(439, 233, 135),
(440, 217, 136),
(441, 218, 136),
(442, 216, 137),
(443, 217, 137),
(444, 470, 138),
(445, 471, 138),
(446, 472, 138),
(447, 277, 138),
(448, 216, 139),
(449, 217, 139),
(450, 218, 139),
(451, 216, 140),
(452, 217, 140),
(453, 216, 141),
(454, 308, 142),
(455, 216, 143),
(456, 217, 143),
(457, 226, 144),
(458, 226, 145),
(459, 226, 146),
(460, 237, 147),
(461, 238, 147),
(462, 240, 147),
(463, 226, 148),
(464, 470, 149),
(465, 471, 149),
(466, 472, 149),
(467, 216, 150),
(468, 217, 150),
(469, 215, 151),
(470, 217, 151),
(471, 215, 152),
(472, 217, 152),
(473, 217, 153),
(474, 217, 154),
(475, 217, 155),
(476, 470, 156),
(477, 471, 156),
(478, 472, 156),
(479, 470, 157),
(480, 471, 157),
(481, 472, 157),
(482, 470, 158),
(483, 471, 158),
(484, 472, 158),
(485, 470, 159),
(486, 471, 159),
(487, 472, 159),
(488, 470, 160),
(489, 471, 160),
(490, 472, 160),
(491, 470, 161),
(492, 471, 161),
(493, 472, 161),
(494, 216, 162),
(495, 217, 162),
(496, 216, 163),
(497, 217, 163),
(498, 484, 164),
(499, 216, 165),
(500, 217, 165),
(501, 238, 166),
(502, 240, 166),
(503, 216, 167),
(504, 217, 167),
(505, 470, 168),
(506, 471, 168),
(507, 472, 168),
(508, 486, 169),
(509, 216, 170),
(510, 485, 171),
(511, 216, 172),
(512, 217, 172),
(513, 216, 173),
(514, 217, 173),
(515, 216, 174),
(516, 217, 174),
(517, 216, 175),
(519, 216, 176),
(520, 217, 176),
(521, 219, 175),
(522, 216, 177),
(523, 219, 177),
(524, 216, 178),
(525, 218, 178),
(526, 216, 179),
(527, 216, 180),
(528, 485, 181),
(529, 216, 182),
(530, 216, 183),
(531, 216, 184),
(532, 216, 185),
(533, 462, 186),
(534, 216, 187),
(535, 217, 187),
(536, 486, 188),
(537, 470, 189),
(538, 471, 189),
(539, 472, 189),
(540, 215, 190),
(541, 216, 190),
(542, 217, 190),
(543, 216, 191),
(544, 217, 191),
(545, 352, 192),
(546, 353, 192),
(547, 476, 193),
(548, 238, 194),
(549, 240, 194),
(550, 470, 194),
(551, 471, 194),
(552, 472, 194),
(553, 216, 195),
(554, 217, 195),
(555, 470, 196),
(556, 471, 196),
(557, 472, 196),
(558, 486, 197),
(559, 216, 198),
(560, 217, 198),
(561, 216, 199),
(562, 217, 199),
(563, 486, 200),
(564, 216, 201),
(565, 217, 201),
(566, 216, 202),
(567, 217, 202),
(568, 216, 203),
(569, 217, 203),
(570, 485, 204),
(571, 470, 205),
(572, 471, 205),
(573, 472, 205),
(574, 470, 206),
(575, 471, 206),
(576, 472, 206),
(577, 275, 207),
(578, 485, 208),
(579, 238, 209),
(580, 240, 209),
(581, 470, 209),
(582, 471, 209),
(583, 472, 209),
(584, 470, 210),
(585, 471, 210),
(586, 472, 210),
(587, 216, 211),
(588, 217, 211),
(589, 216, 212),
(590, 217, 212),
(591, 216, 213),
(592, 218, 213),
(593, 216, 214),
(594, 218, 214),
(595, 216, 215),
(596, 218, 215),
(597, 470, 216),
(598, 471, 216),
(599, 472, 216),
(600, 216, 217),
(601, 218, 217),
(602, 216, 218),
(603, 218, 218),
(604, 470, 219),
(605, 471, 219),
(606, 472, 219),
(607, 334, 220),
(608, 470, 221),
(609, 471, 221),
(610, 472, 221),
(611, 470, 222),
(612, 471, 222),
(613, 472, 222),
(614, 216, 223),
(615, 218, 223),
(616, 470, 224),
(617, 471, 224),
(618, 472, 224),
(619, 470, 225),
(620, 471, 225),
(621, 472, 225),
(622, 216, 226),
(623, 218, 226),
(624, 486, 227),
(625, 470, 228),
(626, 471, 228),
(627, 472, 228),
(628, 216, 229),
(629, 218, 229),
(630, 216, 230),
(631, 218, 230),
(632, 486, 231),
(633, 237, 232),
(634, 246, 232),
(635, 470, 233),
(636, 471, 233),
(637, 472, 233),
(638, 216, 234),
(639, 218, 234),
(640, 470, 235),
(641, 471, 235),
(642, 472, 235),
(643, 486, 236);

-- --------------------------------------------------------

--
-- Table structure for table `biz_user_pivot`
--

CREATE TABLE `biz_user_pivot` (
  `id` int(10) UNSIGNED NOT NULL,
  `biz_id` int(10) UNSIGNED NOT NULL,
  `user_id` int(10) UNSIGNED NOT NULL
) ENGINE=InnoDB DEFAULT CHARSET=latin1;

-- --------------------------------------------------------

--
-- Table structure for table `branch`
--

CREATE TABLE `branch` (
  `id` int(10) UNSIGNED NOT NULL,
  `street` text NOT NULL,
  `lga_id` int(10) UNSIGNED NOT NULL,
  `state_id` int(10) UNSIGNED NOT NULL,
  `phone1` varchar(15) NOT NULL,
  `phone2` varchar(15) NOT NULL,
  `email` varchar(150) NOT NULL,
  `biz_id` int(10) UNSIGNED NOT NULL,
  `sortcode` varchar(10) NOT NULL,
  `created_at` timestamp NOT NULL DEFAULT CURRENT_TIMESTAMP ON UPDATE CURRENT_TIMESTAMP,
  `updated_at` timestamp NOT NULL DEFAULT '0000-00-00 00:00:00'
) ENGINE=InnoDB DEFAULT CHARSET=latin1;

-- --------------------------------------------------------

--
-- Table structure for table `business_hours`
--

CREATE TABLE `business_hours` (
  `id` int(10) UNSIGNED NOT NULL,
  `day` varchar(3) NOT NULL,
  `open_time` decimal(4,2) NOT NULL,
  `close_time` decimal(4,2) NOT NULL,
  `biz_id` int(10) UNSIGNED NOT NULL,
  `created_at` timestamp NOT NULL DEFAULT CURRENT_TIMESTAMP ON UPDATE CURRENT_TIMESTAMP,
  `updated_at` timestamp NOT NULL DEFAULT '0000-00-00 00:00:00'
) ENGINE=InnoDB DEFAULT CHARSET=latin1;

-- --------------------------------------------------------

--
-- Table structure for table `cats`
--

CREATE TABLE `cats` (
  `id` int(10) UNSIGNED NOT NULL,
  `name` varchar(200) NOT NULL,
  `image_class` varchar(100) NOT NULL,
  `meta_description` varchar(250) DEFAULT NULL,
  `slug` varchar(250) NOT NULL
) ENGINE=InnoDB DEFAULT CHARSET=latin1;

--
-- Dumping data for table `cats`
--

INSERT INTO `cats` (`id`, `name`, `image_class`, `meta_description`, `slug`) VALUES
(46, 'Arts & Entertainment', 'industry', 'Check out all our categories in Arts & Entertainment category', 'arts-entertainment'),
(47, 'Automotive', 'car', 'Check out all the businesses in Automotive categories', 'automotive'),
(48, 'Beauty & Spas', 'cogs', 'Check out all the business in our Beauty & Spa category', 'beauty-spas'),
(49, 'Education', 'book', 'Check out all the businesses in the Education Category', 'education'),
(50, 'Event Planning & Services', 'birthday-cake', 'Check out all the businesses in our Event Planning & Services', 'event-planning-services'),
(51, 'Banking and Finance', 'money', 'Check out all the businesses in our Financial Services Category', 'banking-and-finance'),
(52, 'Fashion', 'female', 'Check out the businesses in Fashion category', 'fashion'),
(53, 'Restaurants', 'spoon', 'Check out the businesses in Restaurants category', 'restaurants'),
(54, 'Real Estate', 'home', 'Check out all the businesses in Real Estate category', 'real-estate'),
(55, 'Religious Organizations', 'institution', 'Check out the listings in Religious Organizations category', 'religious-organizations'),
(56, 'Public Services & Government', 'institution', 'Check out the listings in Public Services & Government category', 'public-services-government'),
(57, 'Professional Services', '', 'Check out all the listings in Professional Services category', 'professional-services'),
(58, 'IT services', 'paint-brush', 'Check out all the listings in IT Services category', 'it-services'),
(59, 'Nightlife', 'coffee', 'Check out all our listings in Nightlife category', 'nightlife'),
(60, 'Mass Media', 'television', 'Check out the listings in our Mass Media category', 'mass-media'),
(61, 'Repair Services', 'battery-full', 'Check out the all the listings in Repairs Services', 'repair-services'),
(62, 'Sporting And Fun Services', 'futbol-o', 'Check out all the listings in our Sporting Services category', 'sporting-and-fun-services'),
(63, 'Home Appliances & Furnitures', 'television', 'Check out all the listings under Home Appliances & Furniture category', 'home-appliances-furnitures'),
(64, 'Home Services', 'home', 'Check out all the listings under Home Services category', 'home-services'),
(65, 'Food', 'coffee', 'Check out all the listings under Food category', 'food'),
(66, 'Hotel', 'industry', 'Check out the businesses in our hotel category.', 'hotel'),
(67, 'Manufacturer / Production', 'industry', 'Check out the list of businesses in our manufacturing and production category.', 'manufacturer-production'),
(68, 'Engineering', '', 'Civil\r\nMechanical\r\nElectrical\r\nAeronautic', 'engineering'),
(69, 'Delivery service', '', 'Check out the businesses in our delivery service category', 'delivery-service'),
(70, 'Hospitals', '', 'Check out the list of businesses in our hospitals category', 'hospitals');

-- --------------------------------------------------------

--
-- Table structure for table `cat_user_pivot`
--

CREATE TABLE `cat_user_pivot` (
  `id` int(10) UNSIGNED NOT NULL,
  `cat_id` int(10) UNSIGNED NOT NULL,
  `user_id` int(10) UNSIGNED NOT NULL
) ENGINE=InnoDB DEFAULT CHARSET=latin1;

-- --------------------------------------------------------

--
-- Table structure for table `favourites`
--

CREATE TABLE `favourites` (
  `id` int(10) UNSIGNED NOT NULL,
  `biz_id` int(10) UNSIGNED NOT NULL,
  `user_id` int(10) UNSIGNED NOT NULL
) ENGINE=InnoDB DEFAULT CHARSET=latin1;

--
-- Dumping data for table `favourites`
--

INSERT INTO `favourites` (`id`, `biz_id`, `user_id`) VALUES
(1, 40, 3);

-- --------------------------------------------------------

--
-- Table structure for table `lgas`
--

CREATE TABLE `lgas` (
  `id` int(10) UNSIGNED NOT NULL,
  `name` varchar(100) NOT NULL,
  `state_id` int(10) UNSIGNED NOT NULL
) ENGINE=InnoDB DEFAULT CHARSET=latin1;

--
-- Dumping data for table `lgas`
--

INSERT INTO `lgas` (`id`, `name`, `state_id`) VALUES
(1, 'Kosofo', 25),
(2, 'Ikorodu', 25),
(3, 'Agege', 25),
(4, 'Alimosho', 25),
(5, 'Ikwuano', 1),
(6, 'Aba North', 1),
(7, 'Aba South', 1),
(8, 'Arochukwu', 1),
(9, 'Bende', 1),
(10, 'Isiala Ngwa North', 1),
(11, 'Isiala Ngwa South', 1),
(12, 'Isuikwuato', 1),
(13, 'Obi Ngwa', 1),
(14, 'Ohafia', 1),
(15, 'Osisioma Ngwa', 1),
(16, 'Ugwunagbo', 1),
(17, 'Ukwa East', 1),
(18, 'Ukwa West', 1),
(19, 'Umuahia North', 1),
(20, 'Umuahia South', 1),
(21, 'Umu Nneochi', 1),
(22, 'Abaji', 2),
(23, 'Abuja Municipal', 2),
(24, 'Bwari', 2),
(25, 'Gwagwalada', 2),
(26, 'Kuje', 2),
(27, 'Kwali', 2),
(28, 'Victoria Island', 25),
(29, 'Ikoyi', 25),
(30, 'Banana Island', 25),
(31, 'Lekki', 25),
(32, 'Demsa', 3),
(33, 'Fufore', 3),
(34, 'Ganye', 3),
(35, 'Girei', 3),
(36, 'Gombi', 3),
(37, 'Guyuk', 3),
(38, 'Hong', 3),
(39, 'Jada', 3),
(40, 'Lamurde', 3),
(41, 'Madagali', 3),
(42, 'Maiha', 3),
(43, 'Mayo-Belwa', 3),
(44, 'Michika', 3),
(45, 'Mubi North', 3),
(46, 'Mubi South', 3),
(47, 'Numan', 3),
(48, 'Shelleng', 3),
(49, 'Song', 3),
(50, 'Toungo', 3),
(51, 'Yola North', 3),
(52, 'Yola South', 3),
(53, 'Abak', 4),
(54, 'Eastern Obolo', 4),
(55, 'Eket', 4),
(56, 'Ibiono-Ibom', 4),
(57, 'Okobo', 4),
(58, 'Onna', 4),
(59, 'Oron', 4),
(60, 'Oruk Anam', 4),
(61, 'Ukanafun', 4),
(62, 'Udung-Uko', 4),
(63, 'Uruan', 4),
(64, 'Urue-Offong/Oruko', 4),
(65, 'Uyo', 4),
(66, 'Esit-Eket', 4),
(67, 'Ika', 4),
(68, 'Essien Udim', 4),
(69, 'Ikono', 4),
(70, 'Etim-Ekpo', 4),
(71, 'Ikot Abasi', 4),
(72, 'Etinan', 4),
(73, 'Ikot Ekpene', 4),
(74, 'Ibeno', 4),
(75, 'Ini', 4),
(76, 'Ibesikpo-Asutan', 4),
(77, 'Itu', 4),
(78, 'Mbo', 4),
(79, 'Mkpat-Enin', 4),
(80, 'Akowonjo', 25),
(81, 'Sango', 25),
(82, 'Ajegunle', 25),
(83, 'AJEROMI IFELODUN', 25),
(84, 'Apapa', 25),
(85, 'Amuwo Odofin', 25),
(86, 'Epe', 25),
(87, 'ITA-MARU', 25),
(88, 'IGBO-IFON', 25),
(89, 'SURULERE', 25),
(90, 'Ikota', 25),
(91, 'Ifako', 25),
(92, 'EBUTE-METTA', 25),
(93, 'MUSHIN', 25),
(94, 'OJO', 25),
(95, 'SHOMOLU', 25),
(96, 'Aguda', 25),
(97, 'Ejigbo', 25),
(98, 'Bariga', 25),
(111, 'state11', 39),
(112, 'state22', 39),
(113, 'state33', 39),
(118, 'plateau3', 32),
(119, 'plateau4', 32),
(128, 'Anambra East', 5),
(130, 'Lagos Mainland', 25),
(131, 'Lagos Island', 25),
(132, 'Anka', 37),
(133, 'Bakura', 37),
(134, 'Birnin Magaji/Kiyaw', 37),
(135, 'Bukkuyum', 37),
(136, 'Bungudu', 37),
(137, 'Chafe', 37),
(138, 'Gummi', 37),
(139, 'Gusau', 37),
(140, 'Kaura Namoda', 37),
(141, 'Maradun', 37),
(142, 'Maru', 37),
(143, 'Shinkafi', 37),
(144, 'Talata Mafara', 37),
(145, 'Zurmi', 37),
(146, 'Bade', 36),
(147, 'Bursari', 36),
(148, 'Damaturu', 36),
(149, 'Fika', 36),
(150, 'Fune', 36),
(151, 'Geidam', 36),
(152, 'Gujba', 36),
(153, 'Gulani', 36),
(154, 'Jakusko', 36),
(155, 'Karasuwa', 36),
(156, 'Karawa', 36),
(157, 'Machina', 36),
(158, 'Nangere', 36),
(159, 'Nguru Potiskum', 36),
(160, 'Tarmua', 36),
(161, 'Yunusari', 36),
(162, 'Yusufari', 36),
(163, 'Ardo Kola', 35),
(164, 'Bali', 35),
(165, 'Donga', 35),
(166, 'Gashaka', 35),
(167, 'Gassol', 35),
(168, 'Ibi', 35),
(169, 'Jalingo', 35),
(170, 'Karim Lamido', 35),
(171, 'Kurmi', 35),
(172, 'Lau', 35),
(173, 'Sardauna', 35),
(174, 'Takum', 35),
(175, 'Ussa', 35),
(176, 'Wukari', 35),
(177, 'Yorro', 35),
(178, 'Zing', 35),
(179, 'Binji', 34),
(180, 'Bodinga', 34),
(181, 'Dange Shuni', 34),
(182, 'Gada', 34),
(183, 'Goronyo', 34),
(184, 'Gudu', 34),
(185, 'Gwadabawa', 34),
(186, 'Ilele', 34),
(187, 'Isa', 34),
(188, 'Kebbe', 34),
(189, 'Kware', 34),
(190, 'Rabah', 34),
(191, 'Sabon Birni', 34),
(192, 'Shagari', 34),
(193, 'Silame', 34),
(194, 'Sokoto North', 34),
(195, 'Sokoto South', 34),
(196, 'Tambuwal', 34),
(197, 'Tangaza', 34),
(198, 'Tureta', 34),
(199, 'Wamako', 34),
(200, 'Wurno', 34),
(201, 'Yabo', 34),
(202, 'Abua–Odual', 33),
(203, 'Ahoada East', 33),
(204, 'Ahoada West', 33),
(205, 'Andoni', 33),
(206, 'Akuku-Toru', 33),
(207, 'Bonny', 33),
(208, 'Asari-Toru', 33),
(209, 'Degeme', 33),
(210, 'Emohua', 33),
(211, 'Eleme', 33),
(212, 'Etche', 33),
(213, 'Ikwerre', 33),
(214, 'Gokana', 33),
(215, 'Khana', 33),
(216, 'Obio-Akpor', 33),
(217, 'Ogu-bolo', 33),
(218, 'Ogba–Egbema–Ndoni', 33),
(219, 'Omuma', 33),
(220, 'Okrika', 33),
(221, 'Oyigbo', 33),
(222, 'Opobo–Nkoro', 33),
(223, 'Port Harcourt', 33),
(224, 'Tai', 33),
(225, 'Barkin Ladi', 32),
(226, 'Bokkos', 32),
(227, 'Bassa', 32),
(228, 'Jos East', 32),
(229, 'Jos North', 32),
(230, 'Jos South', 32),
(231, 'Langtang North', 32),
(232, 'Kanam', 32),
(233, 'Kanke', 32),
(234, 'Langtang South', 32),
(235, 'Mangu', 32),
(236, 'Mikang', 32),
(237, 'Pankshin', 32),
(238, 'Riyom', 32),
(239, 'Qua\'an Pan', 32),
(240, 'Shendam', 32),
(241, 'Wase', 32),
(242, 'Afijio', 31),
(243, 'Akinyele', 31),
(244, 'Atiba', 31),
(245, 'Egbeda', 31),
(246, 'Atisbo', 31),
(247, 'Ibadan North-East', 31),
(248, 'Ibadan North', 31),
(249, 'Ibadan North-West', 31),
(250, 'Ibadan South-East', 31),
(251, 'Ibadan South-West', 31),
(252, 'Ibarapa Central', 31),
(253, 'Ibarapa East', 31),
(254, 'Ibarapa North', 31),
(255, 'Ido', 31),
(256, 'Irepo', 31),
(257, 'Iseyin', 31),
(258, 'Itesiwaju', 31),
(259, 'Iwajowa', 31),
(260, 'Lagelu', 31),
(261, 'Kajola', 31),
(262, 'Ogbomosho North', 31),
(263, 'Ogbomosho South', 31),
(264, 'Ogo Oluwa', 31),
(265, 'Olorunsogo', 31),
(266, 'Ona Ara', 31),
(267, 'Oluyole', 31),
(268, 'Orelope', 31),
(269, 'Ori Ire', 31),
(270, 'Oyo East', 31),
(271, 'Oyo West', 31),
(272, 'Saki East', 31),
(273, 'Saki West', 31),
(274, 'Surulere', 31),
(275, 'Aiyedaade', 30),
(276, 'Aiyedire', 30),
(277, 'Atakunmosa East', 30),
(278, 'Atakunmosa West', 30),
(279, 'Boripe', 30),
(280, 'Boluwaduro', 30),
(281, 'Ede North', 30),
(282, 'Ede South', 30),
(283, 'Egbedore', 30),
(284, 'Ife Central', 30),
(285, 'Ejigbo', 30),
(286, 'Ife North', 30),
(287, 'Ife South', 30),
(288, 'Ife East', 30),
(289, 'Ifedayo', 30),
(290, 'Ila', 30),
(291, 'Ifelodun', 30),
(292, 'Ilesa East', 30),
(293, 'Ilese West', 30),
(294, 'Irepodun', 30),
(295, 'Irewole', 30),
(296, 'Isokan', 30),
(297, 'Iwo,Osun', 30),
(298, 'Obokun', 30),
(299, 'Odo Otin', 30),
(300, 'Ola Oluwa', 30),
(301, 'Olorunda', 30),
(302, 'Orolu', 30),
(303, 'Oriade', 30),
(304, 'Osogbo', 30),
(305, 'Akoko North-East', 29),
(306, 'Akoko North-West', 29),
(307, 'Akure North', 29),
(308, 'Akure South', 29),
(309, 'Akoko South-East', 29),
(310, 'Akoko South-West', 29),
(311, 'Ese Odo', 29),
(312, 'Idanre', 29),
(313, 'Ifedore', 29),
(314, 'Igbara-oke', 29),
(315, 'Ile Oluji/Okeigbo', 29),
(316, 'Ilaje', 29),
(317, 'Irele', 29),
(318, 'Odigbo', 29),
(319, 'Okitipupa', 29),
(320, 'Ondo East', 29),
(321, 'Ondo West', 29),
(322, 'Ose', 29),
(323, 'Owo', 29),
(324, 'Abeokuta North', 28),
(325, 'Abeokuta South', 28),
(326, 'Ado-Odo/Ota', 28),
(327, 'Ifo', 28),
(328, 'Ewekoro', 28),
(329, 'Ijebu East', 28),
(330, 'Ijebu North', 28),
(331, 'Ijebu North East', 28),
(332, 'Ijebu Ode', 28),
(333, 'Ikenne', 28),
(334, 'Imeko Afon', 28),
(335, 'Iperu, Remo', 28),
(336, 'Ipokia', 28),
(337, 'Itele', 28),
(338, 'Obafemi Owode', 28),
(339, 'Odeda', 28),
(340, 'Odogbolu', 28),
(341, 'Ogere Remo', 28),
(342, 'Ogun Waterside', 28),
(343, 'Remo North', 28),
(344, 'Sagamu', 28),
(345, 'Yewa North', 28),
(346, 'Yewa South', 28),
(347, 'Agwara', 27),
(348, 'Agaie', 27),
(349, 'Borgu', 27),
(350, 'Bosso', 27),
(351, 'Chanchaga', 27),
(352, 'Edati', 27),
(353, 'Gbako', 27),
(354, 'Kontagora', 27),
(355, 'Katcha', 27),
(356, 'Gurara', 27),
(357, 'Lapai', 27),
(358, 'Magama', 27),
(359, 'Lavun', 27),
(360, 'Mariga', 27),
(361, 'Mokwa', 27),
(362, 'Mashegu', 27),
(363, 'Paikoro', 27),
(364, 'Rafi', 27),
(365, 'Rijau', 27),
(366, 'Shiroro', 27),
(367, 'Suleja', 27),
(368, 'Wushishi', 27),
(369, 'Tafa', 27),
(370, 'Bida', 27),
(371, 'Munya', 27),
(372, 'Auyo', 18),
(373, 'Babura', 18),
(374, 'Birnin Kudu', 18),
(375, 'Biriniwa', 18),
(376, 'Dutse', 18),
(377, 'Gagarawa', 18),
(378, 'Garki', 18),
(379, 'Gumel', 18),
(380, 'Guri', 18),
(381, 'Gwaram', 18),
(382, 'Gwiwa', 18),
(383, 'Hadejia', 18),
(384, 'Jahun', 18),
(385, 'Kafin Hausa', 18),
(386, 'Kaugama', 18),
(387, 'Kazaure', 18),
(388, 'Kiri Kasama', 18),
(389, 'Kiyawa', 18),
(390, 'Maigatari', 18),
(391, 'Malam Madori', 18),
(392, 'Miga', 18),
(393, 'Ringim', 18),
(394, 'Sule Tankarkar', 18),
(395, 'Roni', 18),
(396, 'Yankwashi', 18),
(397, 'Taura', 18),
(398, 'Birnin Gwari', 19),
(399, 'Chikun', 19),
(400, 'Giwa', 19),
(401, 'Igabi', 19),
(402, 'Ikara', 19),
(403, 'Jaba', 19),
(404, 'Jema\'a', 19),
(405, 'Kaduna North', 19),
(406, 'Kaduna South', 19),
(407, 'Kachia', 19),
(408, 'Kagarko', 19),
(409, 'Kajuru', 19),
(410, 'Kauru', 19),
(411, 'Kudan', 19),
(412, 'Kubau', 19),
(413, 'Lere', 19),
(414, 'Makarfi', 19),
(415, 'Sabon Gari', 19),
(416, 'Sanga', 19),
(417, 'Soba', 19),
(418, 'Zangon Kataf', 19),
(419, 'Zaria', 19),
(420, 'Kaura', 19),
(421, 'Ajingi', 20),
(422, 'Albasu', 20),
(423, 'Bagwai', 20),
(424, 'Bebeji', 20),
(425, 'Bichi', 20),
(426, 'Bunkure', 20),
(427, 'Dala', 20),
(428, 'Dambatta', 20),
(429, 'Dawakin Kudu', 20),
(430, 'Doguwa', 20),
(431, 'Dawakin Tofa', 20),
(432, 'Fagge', 20),
(433, 'Gabasawa', 20),
(434, 'Garun Mallam', 20),
(435, 'Garko', 20),
(436, 'Gaya', 20),
(437, 'Gwale', 20),
(438, 'Gezawa', 20),
(439, 'Gwarzo', 20),
(440, 'Kabo', 20),
(441, 'Karaye', 20),
(442, 'Kano Municipal', 20),
(443, 'Kiru', 20),
(444, 'Kibiya', 20),
(445, 'Kumbotso', 20),
(446, 'Kunchi', 20),
(447, 'Kura', 20),
(448, 'Madobi', 20),
(449, 'Minjibir', 20),
(450, 'Makoda', 20),
(451, 'Rano', 20),
(452, 'Nasarawa', 20),
(453, 'Rogo', 20),
(454, 'Rimin Gado', 20),
(455, 'Shanono', 20),
(456, 'Sumaila', 20),
(457, 'Takai', 20),
(458, 'Tarauni', 20),
(459, 'Tsanyawa', 20),
(460, 'Ungogo', 20),
(461, 'Tudun Wada', 20),
(462, 'Warawa', 20),
(463, 'Wudil', 20),
(464, 'Tofa', 20),
(465, 'Bakori', 21),
(466, 'Batagarawa', 21),
(467, 'Baure', 21),
(468, 'Batsari', 21),
(469, 'Bindawa', 21),
(470, 'Charanchi', 21),
(471, 'Dan Musa', 21),
(472, 'Dandume', 21),
(473, 'Daura', 21),
(474, 'Danja', 21),
(475, 'Dutsin-Ma', 21),
(476, 'Dutsi', 21),
(477, 'Funtua', 21),
(478, 'Faskari', 21),
(479, 'Jibia', 21),
(480, 'Ingawa', 21),
(481, 'Kaita', 21),
(482, 'Kafur', 21),
(483, 'Kankara', 21),
(484, 'Kankia', 21),
(485, 'Katsina', 21),
(486, 'Kusada', 21),
(487, 'Kurfi', 21),
(488, 'Mai\'Adua', 21),
(489, 'Mani', 21),
(490, 'Malumfashi', 21),
(491, 'Mashi', 21),
(492, 'Musawa', 21),
(493, 'Matazu', 21),
(494, 'Sabuwa', 21),
(495, 'Rimi', 21),
(496, 'Safana', 21),
(497, 'Sandamu', 21),
(498, 'Zango', 21),
(499, 'Asa Kwara', 24),
(500, 'Edu Kwara', 24),
(501, 'Baruten', 24),
(502, 'Ekiti Kwara', 24),
(503, 'Ifelodun', 24),
(504, 'Ilorin East', 24),
(505, 'Ilorin South', 24),
(506, 'Ilorin West', 24),
(507, 'Irepodun', 24),
(508, 'Isin Kwara', 24),
(509, 'Kaiama', 24),
(510, 'Moro  Kwara', 24),
(511, 'Oke Ero', 24),
(512, 'Offa Kwara', 24),
(513, 'Pategi', 24),
(514, 'Oyun', 24),
(515, 'Aleiro', 22),
(516, 'Arewa Dandi', 22),
(517, 'Argungu', 22),
(518, 'Bagudo', 22),
(519, 'Augie', 22),
(520, 'Bunza', 22),
(521, 'Birnin Kebbi', 22),
(522, 'Fakai', 22),
(523, 'Dandi', 22),
(524, 'Jega', 22),
(525, 'Gwandu', 22),
(526, 'Kalgo', 22),
(527, 'Koko/Besse', 22),
(528, 'Ngaski', 22),
(529, 'Maiyama', 22),
(530, 'Sakaba', 22),
(531, 'Shanga', 22),
(532, 'Suru', 22),
(533, 'Wasagu/Danko', 22),
(534, 'Yauri', 22),
(535, 'Zuru', 22),
(536, 'Adavi', 23),
(537, 'Ajaokuta', 23),
(538, 'Ankpa', 23),
(539, 'Bassa', 23),
(540, 'Dekina', 23),
(541, 'Ibaji', 23),
(542, 'Idah', 23),
(543, 'Igalamela-Odolu', 23),
(544, 'Ijumu', 23),
(545, 'Kabba/Bunu', 23),
(546, 'Lokoja', 23),
(547, 'Mopa-Muro', 23),
(548, 'Ofu', 23),
(549, 'Okehi', 23),
(550, 'Okene', 23),
(551, 'Olamaboro', 23),
(552, 'Yagba East', 23),
(553, 'Yagba West', 23),
(554, 'Omala', 23),
(555, 'Kogi', 23),
(556, 'Akwanga', 26),
(557, 'Doma', 26),
(558, 'Keana', 26),
(559, 'Karu', 26),
(560, 'Kokona', 26),
(561, 'Keffi', 26),
(562, 'Nasarawa Egon', 26),
(563, 'Lafia', 26),
(564, 'Nasarawa', 26),
(565, 'Obi', 26),
(566, 'Toto', 26),
(567, 'Wamba', 26),
(568, 'Badagri', 25),
(569, 'Eti-Osa', 25),
(570, 'Eti-Osa East', 25),
(571, 'Ibeju-Lekki', 25),
(573, 'Ojuwoye, Mushin', 25),
(574, 'Oshodi-Isolo', 25),
(575, 'Somolu', 25),
(576, 'Aboh Mbaise', 17),
(577, 'Ahiazu Mbaise', 17),
(578, 'Awo-Omamma', 17),
(579, 'Ehime Mbano', 17),
(580, 'Ezinihitte Mbaise', 17),
(581, 'Ideato North', 17),
(582, 'Ideato South', 17),
(583, 'Ihitte/Uboma', 17),
(584, 'Ikeduru', 17),
(585, 'Isiala Mbano', 17),
(586, 'Izombe', 17),
(587, 'Isu', 17),
(588, 'Mbaitoli', 17),
(589, 'Mgbidi', 17),
(590, 'Ngor Okpala', 17),
(591, 'Njaba', 17),
(592, 'Nkwerre', 17),
(593, 'Nwangele', 17),
(594, 'Oguta', 17),
(595, 'Obowo', 17),
(596, 'Ohaji/Egbema', 17),
(597, 'Onuimo', 17),
(598, 'Okigwe', 17),
(599, 'Orlu', 17),
(600, 'Orsu', 17),
(601, 'Oru East', 17),
(602, 'Oru West', 17),
(603, 'Owerri Municipal', 17),
(604, 'Owerri North', 17),
(605, 'Owerri West', 17),
(606, 'Umuaka', 17),
(607, 'Agatu', 8),
(608, 'Buruku', 8),
(609, 'Apa', 8),
(610, 'Guma', 8),
(611, 'Gboko', 8),
(612, 'Gwer East', 8),
(613, 'Gwer West', 8),
(614, 'Katsina-Ala', 8),
(615, 'Konshisha', 8),
(616, 'Kwande', 8),
(617, 'Logo', 8),
(618, 'Makurdi', 8),
(619, 'Obi', 8),
(620, 'Ogbadibo', 8),
(621, 'Ohimini', 8),
(622, 'Oju', 8),
(623, 'Okpokwu', 8),
(624, 'Otukpo', 8),
(625, 'Tarko', 8),
(626, 'Ukum', 8),
(627, 'Ushongo', 8),
(628, 'Vandeikya', 8),
(629, 'Ado', 8),
(630, 'Askira/Uba', 9),
(631, 'Abadam', 9),
(632, 'Bama', 9),
(633, 'Bayo', 9),
(634, 'Chibok', 9),
(635, 'Biu', 9),
(636, 'Damboa', 9),
(637, 'Dikwa', 9),
(638, 'Gubio', 9),
(639, 'Guzamala', 9),
(640, 'Hawul', 9),
(641, 'Kaga', 9),
(642, 'Jere', 9),
(643, 'Kala/Balge', 9),
(644, 'Kukawa', 9),
(645, 'Konduga', 9),
(646, 'Mafa', 9),
(647, 'Kwaya Kusar', 9),
(648, 'Magumeri', 9),
(649, 'Maiduguri', 9),
(650, 'Mobbar', 9),
(651, 'Monguno', 9),
(652, 'Ngala', 9),
(653, 'Nganzai', 9),
(654, 'Shani', 9),
(655, 'Gwoza', 9),
(656, 'Marte', 9),
(657, 'Akamkpa', 10),
(658, 'Abi', 10),
(659, 'Akpabuyo', 10),
(660, 'Bekwarra', 10),
(661, 'Biase', 10),
(662, 'Boki', 10),
(663, 'Calabar Municipal', 10),
(664, 'Calabar South', 10),
(665, 'Etung', 10),
(666, 'Ikom', 10),
(667, 'Obanliku', 10),
(668, 'Obubra', 10),
(669, 'Obudu', 10),
(670, 'Odukpani', 10),
(671, 'Ogoja', 10),
(672, 'Yakuur', 10),
(673, 'Yakurr', 10),
(674, 'Yala', 10),
(675, 'Akko', 16),
(676, 'Balanga', 16),
(677, 'Billiri', 16),
(678, 'Dukku', 16),
(679, 'Gombe', 16),
(680, 'Funakaye', 16),
(681, 'Kumo', 16),
(682, 'Kaltungo', 16),
(683, 'Nafada', 16),
(684, 'Kwami', 16),
(685, 'Shongom', 16),
(686, 'Yamaltu/Deba', 16),
(687, 'Ekeremor', 7),
(688, 'Brass', 7),
(689, 'Kolokuma/Opokuma', 7),
(690, 'Nembe', 7),
(691, 'Ogbia', 7),
(692, 'Sagbama', 7),
(693, 'Southern Ijaw', 7),
(694, 'Yenagoa', 7),
(695, 'Aninri', 15),
(696, 'Awgu', 15),
(697, 'Enugu East', 15),
(698, 'Edem', 15),
(699, 'Enugu North', 15),
(700, 'Enugu South', 15),
(701, 'gbo Etiti', 15),
(702, 'Ezeagu', 15),
(703, 'Igbo Eze North', 15),
(704, 'Igbo Eze South', 15),
(705, 'Nkanu East', 15),
(706, 'Isi Uzo', 15),
(707, 'Nkanu West', 15),
(708, 'Nsukka', 15),
(709, 'Udi', 15),
(710, 'Oji River', 15),
(711, 'Unadu', 15),
(712, 'Udenu', 15),
(713, 'Uzo Uwani', 15),
(714, 'Alkaleri', 6),
(715, 'Bauchi', 6),
(716, 'Bogoro', 6),
(717, 'Damban', 6),
(718, 'Darazo', 6),
(719, 'Dass', 6),
(720, 'Gamawa', 6),
(721, 'Ganjuwa', 6),
(722, 'Itas/Gadau', 6),
(723, 'Giade', 6),
(724, 'Jama\'are', 6),
(725, 'Katagum', 6),
(726, 'Misau', 6),
(727, 'Kirfi', 6),
(728, 'Ninji', 6),
(729, 'Shira', 6),
(730, 'Tafawa Balewa', 6),
(731, 'Toro', 6),
(732, 'Zaki', 6),
(733, 'Warji', 6),
(734, 'Aguata', 5),
(735, 'Anaocha', 5),
(736, 'Anambra West', 5),
(737, 'Awka North', 5),
(738, 'Awka South', 5),
(739, 'Ayamelum', 5),
(740, 'Dunukofia', 5),
(741, 'Ekwusigo', 5),
(742, 'Idemili North', 5),
(743, 'Ihiala', 5),
(744, 'Idemili South', 5),
(745, 'Nnewi North', 5),
(746, 'Njikoka', 5),
(747, 'Nnewi South', 5),
(748, 'Ogbaru', 5),
(749, 'Onitsha North', 5),
(750, 'Onitsha South', 5),
(751, 'Oyi', 5),
(752, 'Orumba North', 5),
(753, 'Orumba South', 5),
(754, 'Ado Ekiti', 14),
(755, 'Efon', 14),
(756, 'Ekiti East', 14),
(757, 'Ekiti South-West', 14),
(758, 'Ekiti West', 14),
(759, 'Emure', 14),
(760, 'Gbonyin', 14),
(761, 'Ido-Osi', 14),
(762, 'Ikere-Ekiti', 14),
(763, 'Ikole', 14),
(764, 'Ilejemeje', 14),
(765, 'Irepodun/Ifelodun', 14),
(766, 'Ise/Orun', 14),
(767, 'Itapa Ekiti', 14),
(768, 'Moba', 14),
(769, 'Oye', 14),
(770, 'Aniocha North', 11),
(771, 'Aniocha South', 11),
(772, 'Burutu', 11),
(773, 'Bomodi', 11),
(774, 'Ethiope East', 11),
(775, 'Ethiope West', 11),
(776, 'Ika North East', 11),
(777, 'Ika South', 11),
(778, 'Isoko North', 11),
(779, 'Isoko South', 11),
(780, 'Ndokwa East', 11),
(781, 'Ndokwa West', 11),
(782, 'Oshimili North', 11),
(783, 'Oshimili South', 11),
(784, 'Patani', 11),
(785, 'Sapele', 11),
(786, 'Udu', 11),
(787, 'Ughelli North', 11),
(788, 'Ughelli South', 11),
(789, 'Uvwie', 11),
(790, 'Ukwuani', 11),
(791, 'Warri', 11),
(792, 'Warri North', 11),
(793, 'Warri South', 11),
(794, 'Warri South West', 11),
(795, 'Abakaliki', 12),
(796, 'Afikpo North', 12),
(797, 'Afikpo South', 12),
(798, 'Ebonyi', 12),
(799, 'Ezza North', 12),
(800, 'Ezza South', 12),
(801, 'Ikwo', 12),
(802, 'Ishielu', 12),
(803, 'Ivo', 12),
(804, 'Izzi', 12),
(805, 'Ohaozara', 12),
(806, 'Onicha', 12),
(807, 'Ohaukwu', 12),
(808, 'Akoko Edo', 13),
(809, 'Egor', 13),
(810, 'Esan North-East', 13),
(811, 'Esan South-East', 13),
(812, 'Esan West', 13),
(813, 'Etsako Central', 13),
(814, 'Etsako East', 13),
(815, 'Etsako West', 13),
(816, 'Igueben', 13),
(817, 'Ikpoba Okha', 13),
(818, 'Oredo', 13),
(819, 'Orhionmwon', 13),
(820, 'Ovia North-East', 13),
(821, 'Ovia South-West', 13),
(822, 'Owan East', 13),
(823, 'Owan West', 13),
(824, 'Uhunmwonde', 13),
(825, 'Esan Central', 13),
(826, 'Asokoro District', 2),
(827, 'Central Business District', 2),
(828, 'Garki 1 District', 2),
(829, 'Garki II District', 2),
(830, 'Maitama District', 2),
(831, 'Wuse District', 2),
(832, 'Wuse II District', 2),
(833, 'Guzape District', 2),
(834, 'Gudu', 2),
(835, 'Durumi', 2),
(836, 'Wuye', 2),
(837, 'Kado', 2),
(838, 'Mabuchi', 2),
(839, 'Katampe', 2),
(840, 'Jahi', 2),
(841, 'Dakibiya', 2),
(842, 'Kaura', 2),
(843, 'Duboyi', 2),
(844, 'Gaduwa', 2),
(845, 'Dutse Abuja', 2),
(846, 'Galadimawa', 2),
(847, 'Dakwo', 2),
(848, 'Lokogoma', 2),
(849, 'Wumba', 2),
(850, 'Saraji', 2),
(851, 'Kabusa', 2),
(852, 'Okanji', 2),
(853, 'Pyakasa', 2),
(854, 'Nbora', 2),
(855, 'Karma', 2),
(856, 'Karsana', 2),
(857, 'Sabo Gida', 2),
(858, 'Idu', 2),
(859, 'Idogwari', 2),
(860, 'Gwagwa', 2),
(861, 'Kaba', 2),
(862, 'Kajini', 2),
(863, 'Ketti', 2),
(864, 'Shertti cheche', 2),
(865, 'Waru-Pouma', 2),
(866, 'Gwari', 2),
(867, 'Bude', 2),
(868, 'Chafe', 2),
(869, 'Jaite', 2),
(870, 'Mamusa', 2),
(871, 'Burun', 2),
(872, 'Purfun', 2),
(873, 'Abule Egba', 25),
(874, 'Adeola Odeku', 25),
(875, 'Adetokunbo Ademola', 25),
(876, 'Ajose Adeogun', 25),
(877, 'ikeja', 25),
(878, 'Isolo', 25),
(879, 'Ajah', 25),
(880, 'Alaba', 25),
(881, 'Alausa', 25),
(882, 'Anthony Village', 25),
(883, 'Adeyemo Alakija', 25),
(884, 'Allen Avenue', 25),
(885, 'Awolowo Road', 25),
(886, 'Oba Akran', 25),
(887, 'Bode Thomas', 25),
(888, 'Broad street', 25),
(889, 'Bogobiri Road', 10),
(890, 'Calabar Road', 10),
(891, 'Old Asaba Road', 11),
(892, 'Nnebisi Road', 11),
(893, 'Sapele/Warri Road', 11),
(894, 'Deco road', 11),
(895, 'Effurun Sapele Road', 11),
(896, 'Ogoja road', 12),
(897, 'Poly road', 13);

-- --------------------------------------------------------

--
-- Table structure for table `messages`
--

CREATE TABLE `messages` (
  `id` int(10) UNSIGNED NOT NULL,
  `name` varchar(100) NOT NULL,
  `email` varchar(100) NOT NULL,
  `website` varchar(200) NOT NULL,
  `comment` varchar(400) NOT NULL,
  `user_id` int(10) UNSIGNED NOT NULL
) ENGINE=InnoDB DEFAULT CHARSET=latin1;

-- --------------------------------------------------------

--
-- Table structure for table `migrations`
--

CREATE TABLE `migrations` (
  `migration` varchar(255) COLLATE utf8_unicode_ci NOT NULL,
  `batch` int(11) NOT NULL
) ENGINE=InnoDB DEFAULT CHARSET=utf8 COLLATE=utf8_unicode_ci;

--
-- Dumping data for table `migrations`
--

INSERT INTO `migrations` (`migration`, `batch`) VALUES
('2014_10_12_000000_create_users_table', 1),
('2014_10_12_100000_create_password_resets_table', 1),
('2015_07_31_225910_create_businessprofile_table', 1);

-- --------------------------------------------------------

--
-- Table structure for table `owners`
--

CREATE TABLE `owners` (
  `id` int(10) UNSIGNED NOT NULL,
  `user_id` int(10) UNSIGNED NOT NULL,
  `biz_id` int(10) UNSIGNED NOT NULL,
  `status` tinyint(2) NOT NULL DEFAULT '0',
  `created_at` datetime NOT NULL,
  `updated_at` timestamp NOT NULL DEFAULT CURRENT_TIMESTAMP ON UPDATE CURRENT_TIMESTAMP,
  `ownership` tinyint(4) NOT NULL,
  `proof` varchar(300) NOT NULL,
  `fullname` varchar(200) NOT NULL,
  `email` varchar(200) NOT NULL
) ENGINE=InnoDB DEFAULT CHARSET=latin1;

-- --------------------------------------------------------

--
-- Table structure for table `password_resets`
--

CREATE TABLE `password_resets` (
  `email` varchar(255) COLLATE utf8_unicode_ci NOT NULL,
  `token` varchar(255) COLLATE utf8_unicode_ci NOT NULL,
  `created_at` timestamp NOT NULL DEFAULT '0000-00-00 00:00:00'
) ENGINE=InnoDB DEFAULT CHARSET=utf8 COLLATE=utf8_unicode_ci;

--
-- Dumping data for table `password_resets`
--

INSERT INTO `password_resets` (`email`, `token`, `created_at`) VALUES
('olisaamobi111@gmail.com', '6317b7319923d7487ef60e653aeac4e76cb49ca3047e61f2e878d090d1621745', '2016-07-25 17:41:16');

-- --------------------------------------------------------

--
-- Table structure for table `photos`
--

CREATE TABLE `photos` (
  `id` int(10) NOT NULL,
  `path` int(11) NOT NULL
) ENGINE=InnoDB DEFAULT CHARSET=latin1;

-- --------------------------------------------------------

--
-- Table structure for table `photo_user`
--

CREATE TABLE `photo_user` (
  `id` int(10) UNSIGNED NOT NULL,
  `user_id` int(10) UNSIGNED NOT NULL,
  `path` varchar(100) NOT NULL,
  `created_at` datetime NOT NULL,
  `updated_at` timestamp NOT NULL DEFAULT CURRENT_TIMESTAMP ON UPDATE CURRENT_TIMESTAMP
) ENGINE=InnoDB DEFAULT CHARSET=latin1;

-- --------------------------------------------------------

--
-- Table structure for table `profile_photos`
--

CREATE TABLE `profile_photos` (
  `id` int(10) UNSIGNED NOT NULL,
  `image` varchar(200) COLLATE utf8_unicode_ci NOT NULL,
  `user_id` int(10) UNSIGNED NOT NULL,
  `created_at` timestamp NOT NULL DEFAULT '0000-00-00 00:00:00',
  `updated_at` timestamp NOT NULL DEFAULT '0000-00-00 00:00:00'
) ENGINE=InnoDB DEFAULT CHARSET=utf8 COLLATE=utf8_unicode_ci;

--
-- Dumping data for table `profile_photos`
--

INSERT INTO `profile_photos` (`id`, `image`, `user_id`, `created_at`, `updated_at`) VALUES
(1, 'https://graph.facebook.com/v2.6/1622165258100557/picture?width=1920', 18, '2016-06-07 00:29:39', '2016-06-07 00:29:39'),
(2, 'https://graph.facebook.com/v2.6/280679322282024/picture?width=1920', 2, '2016-06-15 07:54:52', '2016-09-17 03:51:38'),
(3, 'https://graph.facebook.com/v2.6/280679322282024/picture?width=1920', 20, '2016-06-15 08:11:44', '2016-06-15 08:11:44'),
(4, 'https://graph.facebook.com/v2.6/280679322282024/picture?width=1920', 21, '2016-06-15 08:27:27', '2016-06-15 08:27:27'),
(5, 'https://graph.facebook.com/v2.6/280679322282024/picture?width=1920', 22, '2016-06-15 08:31:27', '2016-06-15 08:31:27'),
(6, 'https://graph.facebook.com/v2.6/1626515047665578/picture?width=1920', 23, '2016-06-15 08:34:24', '2016-06-15 08:34:24'),
(7, 'https://graph.facebook.com/v2.6/280679322282024/picture?width=1920', 24, '2016-06-15 08:58:38', '2016-06-15 08:58:38'),
(8, 'https://graph.facebook.com/v2.6/280679322282024/picture?width=1920', 25, '2016-06-15 09:02:46', '2016-06-15 09:02:46'),
(9, 'https://graph.facebook.com/v2.6/1626515047665578/picture?width=1920', 26, '2016-06-15 09:04:11', '2016-06-15 09:04:11'),
(10, 'https://graph.facebook.com/v2.6/280679322282024/picture?width=1920', 2, '2016-06-15 11:29:26', '2016-06-15 11:29:26'),
(11, 'https://graph.facebook.com/v2.6/1626515047665578/picture?width=1920', 3, '2016-06-15 11:40:58', '2016-06-15 11:40:58'),
(12, 'https://graph.facebook.com/v2.6/10154659025359188/picture?width=1920', 7, '2016-11-13 22:27:55', '2016-11-13 22:27:55');

-- --------------------------------------------------------

--
-- Table structure for table `public_subscribe`
--

CREATE TABLE `public_subscribe` (
  `id` int(10) NOT NULL,
  `email` varchar(200) NOT NULL,
  `created_at` timestamp NOT NULL DEFAULT CURRENT_TIMESTAMP ON UPDATE CURRENT_TIMESTAMP,
  `updated_at` timestamp NOT NULL DEFAULT '0000-00-00 00:00:00'
) ENGINE=InnoDB DEFAULT CHARSET=latin1;

--
-- Dumping data for table `public_subscribe`
--

INSERT INTO `public_subscribe` (`id`, `email`, `created_at`, `updated_at`) VALUES
(1, 'efeeke@yaoo.com', '2016-11-13 22:14:03', '2016-11-13 22:14:03'),
(2, 'efeeke@yahoo.com', '2016-11-13 22:15:15', '2016-11-13 22:15:15');

-- --------------------------------------------------------

--
-- Table structure for table `reports`
--

CREATE TABLE `reports` (
  `id` int(10) NOT NULL,
  `complaint` varchar(300) NOT NULL,
  `explain` text NOT NULL,
  `user_id` int(10) NOT NULL,
  `biz_id` int(10) NOT NULL,
  `contact_email` varchar(300) NOT NULL,
  `created_at` timestamp NOT NULL DEFAULT CURRENT_TIMESTAMP ON UPDATE CURRENT_TIMESTAMP,
  `updated_at` timestamp NOT NULL DEFAULT '0000-00-00 00:00:00'
) ENGINE=InnoDB DEFAULT CHARSET=latin1;

-- --------------------------------------------------------

--
-- Table structure for table `reviews`
--

CREATE TABLE `reviews` (
  `id` int(10) UNSIGNED NOT NULL,
  `biz_id` int(10) UNSIGNED NOT NULL,
  `user_id` int(10) UNSIGNED NOT NULL,
  `rating` int(10) NOT NULL,
  `comment` text NOT NULL,
  `approved` tinyint(1) UNSIGNED NOT NULL DEFAULT '1',
  `spam` tinyint(1) UNSIGNED NOT NULL DEFAULT '0',
  `created_at` datetime NOT NULL,
  `updated_at` datetime NOT NULL
) ENGINE=InnoDB DEFAULT CHARSET=latin1;

--
-- Dumping data for table `reviews`
--

INSERT INTO `reviews` (`id`, `biz_id`, `user_id`, `rating`, `comment`, `approved`, `spam`, `created_at`, `updated_at`) VALUES
(1, 71, 1, 4, '                                                                    this is a good one', 1, 0, '2016-09-05 13:49:46', '2016-09-05 13:49:46');

-- --------------------------------------------------------

--
-- Table structure for table `settings`
--

CREATE TABLE `settings` (
  `id` int(10) UNSIGNED NOT NULL,
  `title1` varchar(300) NOT NULL,
  `span1` text NOT NULL,
  `span2` text NOT NULL,
  `span3` text NOT NULL,
  `span4` text NOT NULL,
  `span5` text NOT NULL,
  `title2` varchar(300) NOT NULL,
  `subtitle` text NOT NULL,
  `image` varchar(300) NOT NULL,
  `created_at` timestamp NOT NULL DEFAULT CURRENT_TIMESTAMP ON UPDATE CURRENT_TIMESTAMP,
  `updated_at` timestamp NOT NULL DEFAULT '0000-00-00 00:00:00'
) ENGINE=InnoDB DEFAULT CHARSET=latin1;

--
-- Dumping data for table `settings`
--

INSERT INTO `settings` (`id`, `title1`, `span1`, `span2`, `span3`, `span4`, `span5`, `title2`, `subtitle`, `image`, `created_at`, `updated_at`) VALUES
(1, 'Discover', 'Businesses in Your City', 'Restaurants in Lagos', 'Hotels in Abuja', 'Clubs in Victoria Island', 'Banks near you', 'Discover your city', 'Find great places to stay, eat, shop, or visit from local experts.', 'Settings/bckImg/1452075491lagosnight.jpg', '0000-00-00 00:00:00', '2016-01-06 10:27:33');

-- --------------------------------------------------------

--
-- Table structure for table `states`
--

CREATE TABLE `states` (
  `id` int(10) UNSIGNED NOT NULL,
  `name` varchar(100) NOT NULL
) ENGINE=InnoDB DEFAULT CHARSET=latin1;

--
-- Dumping data for table `states`
--

INSERT INTO `states` (`id`, `name`) VALUES
(1, 'Abia'),
(2, 'Abuja'),
(3, 'Adamawa'),
(4, 'Akwa Ibom'),
(5, 'Anambra'),
(6, 'Bauchi'),
(7, 'Bayelsa'),
(8, 'Benue'),
(9, 'Borno'),
(10, 'Cross River'),
(11, 'Delta'),
(12, 'Ebonyi'),
(13, 'Edo'),
(14, 'Ekiti'),
(15, 'Enugu'),
(16, 'Gombe'),
(17, 'Imo'),
(18, 'Jigawa'),
(19, 'Kaduna'),
(20, 'Kano'),
(21, 'Katsina'),
(22, 'Kebbi'),
(23, 'Kogi'),
(24, 'Kwara'),
(25, 'Lagos'),
(26, 'Nasarawa'),
(27, 'Niger'),
(28, 'Ogun'),
(29, 'Ondo'),
(30, 'Osun'),
(31, 'Oyo'),
(32, 'Plateau'),
(33, 'Rivers'),
(34, 'Sokoto'),
(35, 'Taraba'),
(36, 'Yobe'),
(37, 'Zamfara');

-- --------------------------------------------------------

--
-- Table structure for table `subcategory`
--

CREATE TABLE `subcategory` (
  `id` int(10) UNSIGNED NOT NULL,
  `name` varchar(100) NOT NULL
) ENGINE=InnoDB DEFAULT CHARSET=latin1;

--
-- Dumping data for table `subcategory`
--

INSERT INTO `subcategory` (`id`, `name`) VALUES
(1, 'phone'),
(2, 'battery-full'),
(3, 'black-tie'),
(4, 'commenting'),
(5, 'hourglass'),
(6, 'industry'),
(7, 'map'),
(8, 'map-pin'),
(9, 'mouse-pointer'),
(10, 'opencart'),
(11, 'register'),
(12, 'television'),
(13, 'trademark'),
(14, 'asterisk'),
(15, 'bed'),
(16, 'bear'),
(17, 'bell'),
(18, 'birthday-cake'),
(19, 'bicycle'),
(20, 'book'),
(21, 'briefcase'),
(22, 'bookmark'),
(23, 'building'),
(24, 'bullhorn'),
(25, 'bus'),
(26, 'calender'),
(27, 'camera'),
(28, 'car'),
(29, 'cartificate'),
(30, 'check'),
(31, 'child'),
(32, 'clock-o'),
(33, 'clone'),
(34, 'close'),
(35, 'cloud'),
(36, 'code'),
(37, 'coffee'),
(38, 'cogs'),
(39, 'comment'),
(40, 'compass'),
(41, 'copyright'),
(42, 'credit-card'),
(43, 'cutlery'),
(44, 'dashboard'),
(45, 'database'),
(46, 'desktop'),
(47, 'diamond'),
(48, 'download'),
(49, 'edit'),
(50, 'envelope'),
(51, 'exchange'),
(52, 'eye'),
(53, 'eyedropper'),
(54, 'fax'),
(55, 'female'),
(56, 'fighter-jet'),
(57, 'film'),
(58, 'filter'),
(59, 'fire'),
(60, 'fire-extinguisher'),
(61, 'flag'),
(62, 'flash'),
(63, 'flask'),
(64, 'folder'),
(65, 'futbol-o'),
(66, 'gamepad'),
(67, 'gavel'),
(68, 'gears'),
(69, 'gift'),
(70, 'glass'),
(71, 'globe'),
(72, 'graduation-cap'),
(73, 'group'),
(74, 'handpointer-o'),
(75, 'hdd-o'),
(76, 'headphones'),
(77, 'heart'),
(78, 'home'),
(79, 'hotel'),
(80, 'hourglass'),
(81, 'image'),
(82, 'inbox'),
(83, 'info'),
(84, 'institution'),
(85, 'key'),
(86, 'keyboard-0'),
(87, 'laptop'),
(88, 'leaf'),
(89, 'legal'),
(90, 'lightbulb-o'),
(91, 'location-arrow'),
(92, 'lock'),
(93, 'male'),
(94, 'map-marker'),
(95, 'microphone'),
(96, 'mobile'),
(97, 'money'),
(98, 'moon-o'),
(99, 'motocycle'),
(100, 'music'),
(101, 'newspaper-o'),
(102, 'paint-brush'),
(103, 'pencil'),
(104, 'phone'),
(105, 'photo'),
(106, 'pie-chart'),
(107, 'plane'),
(108, 'plug'),
(109, 'plus'),
(110, 'power-off'),
(111, 'print'),
(112, 'question'),
(113, 'recycle'),
(114, 'refresh'),
(115, 'registered'),
(116, 'remove'),
(117, 'retweet'),
(118, 'road'),
(119, 'rocket'),
(120, 'search'),
(121, 'server'),
(122, 'shield'),
(123, 'ship'),
(124, 'shopping-cart'),
(125, 'signal'),
(126, 'spoon'),
(127, 'medkit'),
(128, 'star'),
(129, 'suitcase'),
(130, 'tablet'),
(131, 'tag'),
(132, 'taxi'),
(133, 'ticket'),
(134, 'trademark'),
(135, 'trash'),
(136, 'tree'),
(137, 'trophy'),
(138, 'truck'),
(139, 'umbrella'),
(140, 'university'),
(141, 'upload'),
(142, 'user'),
(143, 'video-camera'),
(144, 'volume-up'),
(145, 'wheelchair'),
(146, 'wifi'),
(147, 'ambulance'),
(148, 'train'),
(149, 'file'),
(150, 'cc-visa'),
(151, 'paypal'),
(152, 'dollar'),
(153, 'euro'),
(154, 'gbp'),
(155, 'floppy'),
(156, 'andriod'),
(157, 'apple'),
(158, 'facebook'),
(159, 'google'),
(160, 'instagram'),
(161, 'windows'),
(162, 'youtube'),
(163, 'soundcloud'),
(164, 'skype'),
(165, 'cc-mastercard'),
(166, '');

-- --------------------------------------------------------

--
-- Table structure for table `sub_cats`
--

CREATE TABLE `sub_cats` (
  `id` int(10) UNSIGNED NOT NULL,
  `name` varchar(200) NOT NULL,
  `cat_id` int(10) UNSIGNED NOT NULL,
  `image_class` varchar(100) NOT NULL,
  `slug` varchar(200) NOT NULL
) ENGINE=InnoDB DEFAULT CHARSET=latin1;

--
-- Dumping data for table `sub_cats`
--

INSERT INTO `sub_cats` (`id`, `name`, `cat_id`, `image_class`, `slug`) VALUES
(154, 'Arcades', 46, '', ''),
(155, 'Art Galleries', 46, '', ''),
(156, 'Botanical Gardens', 46, '', ''),
(157, 'Casinos', 46, '', ''),
(158, 'Cinema', 46, '', ''),
(159, 'Cultural Center', 46, '', ''),
(160, 'Festivals', 46, '', ''),
(161, 'Jazz & Blues', 46, '', ''),
(162, 'Museums', 46, '', ''),
(163, 'Music Venues', 46, '', ''),
(164, 'Opera & Ballet', 46, '', ''),
(165, 'Performing Arts', 46, '', ''),
(166, 'Professional Sports Teams', 46, '', ''),
(167, 'Psychics & Astrologers', 46, '', ''),
(168, 'Race Tracks', 46, '', ''),
(169, 'Social Clubs', 46, '', ''),
(170, 'Stadiums & Arenas', 46, '', ''),
(171, 'Ticket Sales', 46, '', ''),
(172, 'Wineries', 46, '', ''),
(173, 'Auto Detailing', 47, '', ''),
(174, 'Auto Glass Services', 47, '', ''),
(175, 'Auto Loan Providers', 47, '', ''),
(176, 'Auto Parts & Supplies', 47, '', ''),
(177, 'Auto Repair', 47, '', ''),
(178, 'Boat Dealers', 47, '', ''),
(179, 'Body Shops', 47, '', ''),
(180, 'Car Dealers', 47, '', ''),
(181, 'Car Stereo Installation', 47, '', ''),
(182, 'Car Wash', 47, '', ''),
(183, 'Gas & Service Stations', 47, '', ''),
(184, 'Motorcycle Dealers', 47, '', ''),
(185, 'Motorcycle Repair', 47, '', ''),
(186, 'Oil Change Stations', 47, '', ''),
(187, 'Parking', 47, '', ''),
(188, 'RV Dealers', 47, '', ''),
(189, 'Smog Check Stations', 47, '', ''),
(190, 'Tires', 47, '', ''),
(191, 'Towing', 47, '', ''),
(192, 'Truck Rental', 47, '', ''),
(193, 'Windshield Installation & Repair', 47, '', ''),
(194, 'Barbers', 48, '', ''),
(195, 'Cosmetics & Beauty Supply', 48, '', ''),
(196, 'Day Spas', 48, '', ''),
(197, 'Eyelash Service', 48, '', ''),
(198, 'Hair Extensions', 48, '', ''),
(199, 'Hair Removal', 48, '', ''),
(200, 'Laser Hair Removal', 48, '', ''),
(201, 'Blow Dry/Out Services', 48, '', ''),
(202, 'Hair Stylists', 48, '', ''),
(203, 'Men\'s Hair Salons', 48, '', ''),
(204, 'Makeup Artists', 48, '', ''),
(205, 'Massage', 48, '', ''),
(206, 'Medical Spas', 48, '', ''),
(207, 'Nail Salons', 48, '', ''),
(208, 'Permanent Makeup', 48, '', ''),
(209, 'Piercing', 48, '', ''),
(210, 'Skin care', 48, '', ''),
(211, 'Tanning', 48, '', ''),
(212, 'Tattoo', 48, '', ''),
(213, 'Hair Salon', 48, '', ''),
(214, 'Adult Education', 49, '', ''),
(215, 'Colleges & Universities', 49, '', ''),
(216, 'Elementary Schools', 49, '', ''),
(217, 'Middle Schools & High Schools', 49, '', ''),
(218, 'Preschools', 49, '', ''),
(219, 'Religious Schools', 49, '', ''),
(220, 'Art Schools', 49, '', ''),
(221, 'Special Education', 49, '', ''),
(222, 'Cooking Schools', 49, '', ''),
(223, 'Cosmetology Schools', 49, '', ''),
(224, 'Dance Schools', 49, '', ''),
(225, 'Driving Schools', 49, '', ''),
(226, 'First Aid Classes', 49, '', ''),
(227, 'Flight Instruction', 49, '', ''),
(228, 'Computer Schools', 49, '', ''),
(229, 'Language Schools', 49, '', ''),
(230, 'Massage Schools', 49, '', ''),
(231, 'Swimming Lessons/Schools', 49, '', ''),
(232, 'Vocational & Technical School', 49, '', ''),
(233, 'Tutoring Centers', 49, '', ''),
(234, 'Test Preparation', 49, '', ''),
(235, 'Photographers', 50, '', ''),
(236, 'Chefs', 50, '', ''),
(237, 'Party Supplies', 50, '', ''),
(238, 'Party Equipment Rentals', 50, '', ''),
(239, 'Party Bus Rentals', 50, '', ''),
(240, 'Part & Event Planning', 50, '', ''),
(241, 'Musicians', 50, '', ''),
(242, 'Magicians', 50, '', ''),
(244, 'DJs', 50, '', ''),
(245, 'Clowns', 50, '', ''),
(246, 'Caterers', 50, '', ''),
(247, 'Cards & Stationery', 50, '', ''),
(248, 'Boat Charters', 50, '', ''),
(249, 'Bartenders', 50, '', ''),
(250, 'Venues & Event Spaces', 50, '', ''),
(251, 'Wedding Planners', 50, '', ''),
(252, 'Banks & Credit Unions', 51, '', ''),
(253, 'Check Cashing/Pay-day Loans', 51, '', ''),
(254, 'Financial Advising', 51, '', ''),
(255, 'Insurance', 51, '', ''),
(256, 'Investing', 51, '', ''),
(257, 'Tax Services', 51, '', ''),
(258, 'Accessories', 52, '', ''),
(259, 'Children\'s Clothing', 52, '', ''),
(260, 'Department Stores', 52, '', ''),
(261, 'Formal Wear', 52, '', ''),
(262, 'Hats', 52, '', ''),
(263, 'Leather Goods', 52, '', ''),
(264, 'Lingerie', 52, '', ''),
(265, 'Maternity Wear', 52, '', ''),
(266, 'Men\'s Clothing', 52, '', ''),
(267, 'Plus Size Fashion', 52, '', ''),
(268, 'Shoe Stores', 52, '', ''),
(269, 'Sports Wear', 52, '', ''),
(270, 'Surf Shop', 52, '', ''),
(271, 'Swimwear', 52, '', ''),
(272, 'Used Clothing', 52, '', ''),
(273, 'Women\'s Clothing', 52, '', ''),
(274, 'Wrist Watches', 52, '', ''),
(275, 'African', 53, '', ''),
(276, 'Barbeque', 53, '', ''),
(277, 'Breakfast & Brunch', 53, '', ''),
(278, 'British', 53, '', ''),
(279, 'Buffets', 53, '', ''),
(280, 'Burgers', 53, '', ''),
(281, 'Cafes', 53, '', ''),
(282, 'Cafeteria', 53, '', ''),
(283, 'Caribbean', 53, '', ''),
(284, 'Chicken Wings', 53, '', ''),
(285, 'Chinese', 53, '', ''),
(286, 'Dim Sum', 53, '', ''),
(287, 'Cuban', 53, '', ''),
(288, 'Diners', 53, '', ''),
(289, 'Ethiopian', 53, '', ''),
(290, 'Fish & Chips', 53, '', ''),
(291, 'Filipino', 53, '', ''),
(292, 'Japanese', 53, '', ''),
(293, 'Italian', 53, '', ''),
(294, 'Indian', 53, '', ''),
(295, 'Live/Raw Food', 53, '', ''),
(296, 'Salad', 53, '', ''),
(297, 'Sandwiches', 53, '', ''),
(298, 'Mamaput', 53, '', ''),
(299, 'Bukka food', 53, '', ''),
(300, 'Seafood', 53, '', ''),
(301, 'Singaporean', 53, '', ''),
(302, 'Sushi', 53, '', ''),
(303, 'Thai', 53, '', ''),
(304, 'Vegetarian', 53, '', ''),
(305, 'Apartments', 54, '', ''),
(306, 'Home Staging', 54, '', ''),
(307, 'Mortgage Brokers', 54, '', ''),
(308, 'Property Management', 54, '', ''),
(309, 'Real Estate Agents', 54, '', ''),
(310, 'Real Estate Services', 54, '', ''),
(311, 'Shared Office Spaces', 54, '', ''),
(312, 'University Housing', 54, '', ''),
(313, 'Buddhist Temples', 55, '', ''),
(314, 'Churches', 55, '', ''),
(315, 'Hindu Temples', 55, '', ''),
(316, 'Mosques', 55, '', ''),
(317, 'Synagogues', 55, '', ''),
(318, 'Jehova\'s Witness temples', 55, '', ''),
(319, 'Courthouses', 56, '', ''),
(320, 'Embassy', 56, '', ''),
(321, 'Fire Departments', 56, '', ''),
(322, 'Landmarks & Historical Buildings', 56, '', ''),
(323, 'Police Stations', 56, '', ''),
(324, 'Post Offices', 56, '', ''),
(325, 'Libraries', 56, '', ''),
(326, 'Accountants', 57, '', ''),
(327, 'Advertising', 57, '', ''),
(328, 'Architects', 57, '', ''),
(329, 'Career Counseling', 57, '', ''),
(330, 'Editorial Services', 57, '', ''),
(331, 'Employment Agencies', 57, '', ''),
(332, 'Legal Services', 57, '', ''),
(333, 'Life Coach', 57, '', ''),
(334, 'Marketing', 57, '', ''),
(335, 'Matchmakers', 57, '', ''),
(336, 'Office Cleaning', 57, '', ''),
(337, 'Payroll Services', 57, '', ''),
(338, 'Talent Agencies', 57, '', ''),
(339, 'Taxidermy', 57, '', ''),
(340, 'Translation Services', 57, '', ''),
(341, 'Public Relations', 57, '', ''),
(342, 'Private Investigation', 57, '', ''),
(343, 'Security Services', 57, '', ''),
(344, 'Web design', 58, '', ''),
(345, 'Programmer', 58, '', ''),
(346, 'Video/Film Production', 58, '', ''),
(347, 'Graphic Design', 58, '', ''),
(348, 'Email services', 58, '', ''),
(349, 'Hosting Services', 58, '', ''),
(350, 'Customer Support Services', 58, '', ''),
(351, 'Adult Entertainment', 59, '', ''),
(352, 'Pubs', 59, '', ''),
(353, 'Bars', 59, '', ''),
(354, 'Sports Bars', 59, '', ''),
(355, 'Pool Bars', 59, '', ''),
(356, 'Piano Bars', 59, '', ''),
(357, 'Comedy Clubs', 59, '', ''),
(358, 'Dance Clubs', 59, '', ''),
(359, 'Karaoke', 59, '', ''),
(360, 'Print Media', 60, '', ''),
(361, 'Radio Stations', 60, '', ''),
(362, 'Television Stations', 60, '', ''),
(363, 'Appliances & Repair', 61, '', ''),
(364, 'Electronics Repair', 61, '', ''),
(365, 'Jewelry Repair', 61, '', ''),
(366, 'Watch Repair', 61, '', ''),
(367, 'Shoe Repair', 61, '', ''),
(368, 'Computer Repair', 61, '', ''),
(369, 'Amusement Parks', 62, '', ''),
(370, 'Aquariums', 62, '', ''),
(371, 'Archery Badminton', 62, '', ''),
(372, 'Boating', 62, '', ''),
(373, 'Bowling', 62, '', ''),
(374, 'Climbing', 62, '', ''),
(375, 'Diving', 62, '', ''),
(376, 'Fishing', 62, '', ''),
(377, 'Fitness & Instruction', 62, '', ''),
(378, 'Boxing', 62, '', ''),
(379, 'Gyms', 62, '', ''),
(380, 'Boot Camps', 62, '', ''),
(381, 'Martial Arts', 62, '', ''),
(382, 'Trainers', 62, '', ''),
(383, 'Yoga', 62, '', ''),
(384, 'Go Karts', 62, '', ''),
(385, 'Golf', 62, '', ''),
(386, 'Gun/Rifle Ranges', 62, '', ''),
(387, 'Gymnastics', 62, '', ''),
(388, 'Hiking', 62, '', ''),
(389, 'Horse Racing', 62, '', ''),
(390, 'Hot Air Balloons', 62, '', ''),
(391, 'Mountain Biking', 62, '', ''),
(392, 'Mini Golf', 62, '', ''),
(393, 'Leisure Centers', 62, '', ''),
(394, 'Horseback Riding', 62, '', ''),
(395, 'Kiteboarding', 62, '', ''),
(396, 'Dance studios', 62, '', ''),
(397, 'Paintball', 62, '', ''),
(398, 'parks', 62, '', ''),
(399, 'Playgrounds', 62, '', ''),
(400, 'Rock Climbing', 62, '', ''),
(401, 'Skydiving', 62, '', ''),
(402, 'Soccer', 62, '', ''),
(403, 'Spin Classes', 62, '', ''),
(404, 'Squash', 62, '', ''),
(405, 'sports clubs', 62, '', ''),
(406, 'Summer Camps', 62, '', ''),
(407, 'surfing', 62, '', ''),
(408, 'Swimming Pools', 62, '', ''),
(409, 'Tennis', 62, '', ''),
(410, 'Television', 63, '', ''),
(411, 'Fridges', 63, '', ''),
(412, 'Deep Freezers', 63, '', ''),
(413, 'DVD layer', 63, '', ''),
(414, 'Home Theatre', 63, '', ''),
(415, 'Pots & Frying pans', 63, '', ''),
(416, 'Heaters', 63, '', ''),
(417, 'Air Conditioners', 63, '', ''),
(418, 'Plugs & Sockets', 63, '', ''),
(419, 'Electric Bulbs', 63, '', ''),
(420, 'Enery Savers', 63, '', ''),
(421, 'Electric Iron', 63, '', ''),
(422, 'Toasters', 63, '', ''),
(423, 'Chairs', 63, '', ''),
(424, 'Shelf', 63, '', ''),
(425, 'Dining Table', 63, '', ''),
(426, 'Home Phones', 63, '', ''),
(427, 'Mobile Phones', 63, '', ''),
(428, 'Building Supplies', 64, '', ''),
(429, 'Carpet Installation', 64, '', ''),
(430, 'Flooring', 64, '', ''),
(431, 'Electricians', 64, '', ''),
(432, 'Door Services', 64, '', ''),
(433, 'Gardeners', 64, '', ''),
(434, 'Handyman', 64, '', ''),
(435, 'Air Conditioning Installers', 64, '', ''),
(436, 'Home Cleaning', 64, '', ''),
(437, 'Home Window Tinting', 64, '', ''),
(438, 'Home Theatre Installation', 64, '', ''),
(439, 'Interior Design', 64, '', ''),
(440, 'Internet Service Providers', 64, '', ''),
(441, 'Keys & Locksmith', 64, '', ''),
(442, 'Cable Television Providers', 64, '', ''),
(443, 'Lighting Fixtures & Equipment', 64, '', ''),
(444, 'Masonry/Concrete', 64, '', ''),
(445, 'Movers', 64, '', ''),
(446, 'Painters', 64, '', ''),
(447, 'Plumbing', 64, '', ''),
(448, 'Pool Cleaners', 64, '', ''),
(449, 'Roofing', 64, '', ''),
(450, 'Security Systems', 64, '', ''),
(451, 'Shades & Blinds', 64, '', ''),
(452, 'Solar Installation', 64, '', ''),
(453, 'Television Service Providers', 64, '', ''),
(454, 'Tree Services', 64, '', ''),
(455, 'Windows Installation', 64, '', ''),
(456, 'Seafood Markets', 65, '', ''),
(457, 'Meat Shops', 65, '', ''),
(458, 'Herbs & Spices', 65, '', ''),
(459, 'Fruits & Veggies', 65, '', ''),
(460, 'Street Vendors', 65, '', ''),
(461, 'Grocery', 65, '', ''),
(462, 'Food Delivery Services', 65, '', ''),
(463, 'Convenience Stores', 65, '', ''),
(464, 'Desserts', 65, '', ''),
(465, 'Coffee & Tea', 65, '', ''),
(466, 'Butcher', 65, '', ''),
(467, 'Breweries', 65, '', ''),
(468, 'Beer, Wine & Spirits', 65, '', ''),
(469, 'Bakeries', 65, '', ''),
(470, 'Short stay', 66, '', ''),
(471, 'Long stay', 66, '', ''),
(472, 'Catering', 66, '', ''),
(473, 'Conference venue hire', 66, '', ''),
(474, 'Wedding reception venue hire', 66, '', ''),
(475, 'Pure water production', 67, '', ''),
(476, 'Beverage', 67, '', ''),
(477, 'Smoothie', 67, '', ''),
(478, 'Soft drinks', 67, '', ''),
(479, 'Bread', 67, '', ''),
(480, 'Construction', 68, '', ''),
(481, 'Aerospace', 68, '', ''),
(482, 'Electrical', 68, '', ''),
(483, 'Motoring', 68, '', ''),
(484, 'Courier service', 69, '', ''),
(485, 'Hospital', 70, '', ''),
(486, 'Clinic', 70, '', ''),
(487, 'Dentist', 70, '', ''),
(488, 'Veterinary', 70, '', '');

-- --------------------------------------------------------

--
-- Table structure for table `users`
--

CREATE TABLE `users` (
  `id` int(10) UNSIGNED NOT NULL,
  `name` varchar(255) COLLATE utf8_unicode_ci NOT NULL,
  `username` varchar(255) COLLATE utf8_unicode_ci NOT NULL,
  `email` varchar(255) COLLATE utf8_unicode_ci NOT NULL,
  `password` varchar(60) COLLATE utf8_unicode_ci NOT NULL,
  `confirmation_code` varchar(255) COLLATE utf8_unicode_ci NOT NULL,
  `confirmed` tinyint(1) NOT NULL DEFAULT '0',
  `admin` tinyint(1) NOT NULL DEFAULT '0',
  `remember_token` varchar(100) COLLATE utf8_unicode_ci DEFAULT NULL,
  `created_at` timestamp NOT NULL DEFAULT '0000-00-00 00:00:00',
  `updated_at` timestamp NOT NULL DEFAULT '0000-00-00 00:00:00',
  `deleted_at` timestamp NULL DEFAULT NULL,
  `notify` tinyint(1) NOT NULL DEFAULT '1',
  `city` varchar(100) COLLATE utf8_unicode_ci NOT NULL,
  `first_name` varchar(100) COLLATE utf8_unicode_ci DEFAULT NULL,
  `last_name` varchar(100) COLLATE utf8_unicode_ci DEFAULT NULL,
  `gender` varchar(10) COLLATE utf8_unicode_ci DEFAULT NULL
) ENGINE=InnoDB DEFAULT CHARSET=utf8 COLLATE=utf8_unicode_ci;

--
-- Dumping data for table `users`
--

INSERT INTO `users` (`id`, `name`, `username`, `email`, `password`, `confirmation_code`, `confirmed`, `admin`, `remember_token`, `created_at`, `updated_at`, `deleted_at`, `notify`, `city`, `first_name`, `last_name`, `gender`) VALUES
(1, '', 'samizares', 'samizares@hotmail.com', '$2y$10$AYaaZqEdDCpEne4iLTsIvOSLZnWOPi9/XVg5CLvCgZ3GkyLYYULuG', '', 1, 1, 'qH4S5UQ2eKtvKdLZ9gS6bgc4FsS9DblK5mIIVSb0PPLbsJ0PqFyVXksEAXIP', '2016-06-15 11:27:47', '2016-09-17 03:43:39', NULL, 1, '', NULL, NULL, NULL),
(2, '', 'samuel-junior', 'samizares@beazea.com', '', '', 1, 0, '49O1n3YTBzo1HkOr8M8DAdvfJJyT4IRrQTG01gBxSkom103aLuQQE9sbABf5', '2016-06-15 11:29:26', '2016-06-15 11:35:46', NULL, 1, '', 'Samuel Junior', 'Oghogho', 'male'),
(3, '', 'nick', 'ozigi242@gmail.com', '', '', 1, 0, '145qD0MBbN40BwhPRqxk8TZgW3o9bWBs431BmAqYlPZOVN8DxD0g3jgpe3gq', '2016-06-15 11:40:58', '2016-06-15 11:40:58', NULL, 1, '', 'Nick', 'Osahon', 'male'),
(4, '', 'chuks', 'olisaamobi111@gmail.com', '$2y$10$RbKADmIfgLODUl/3BitJNeJWQg.yju4woY5Je7EmSO97BiGxBHMJq', 'dtzWeXp5A5pGjUWfCCChMulii8KuQA18S0sAN4CF', 0, 0, NULL, '2016-06-16 21:04:09', '2016-06-16 21:04:09', NULL, 1, '', NULL, NULL, NULL),
(5, '', 'david', 'david525220@yahoo.com', '$2y$10$61nRf5rikgUG/MMozWBZFOG2aahYOD2I7GWht.a02.RvCsAlsXoui', '', 1, 0, 'nNFWeuB4ax7u4AvIKy2IzRO6mYS4TVz8VbSg84OgoH1mM67Mh242s46AusxK', '2016-07-07 17:04:20', '2016-11-10 19:05:01', NULL, 1, '', NULL, NULL, NULL),
(6, '', 'david-a', 'david@beazea.com', '$2y$10$D923GiDJzYxxVKb./uSaduoJIQ2RS0Gu3q2Rnx.q6W15NkkPdZyw2', 'Pha5KFCCQIVvivWVBhVI9tLlRUViC6h9XowLdIzy', 0, 1, 'pYItnDTOa7gkyOzFAhC11ykuWHOvw6yqAGDTzSmgcNOc9emcH0jHCL5Iyfjq', '2016-07-26 05:09:22', '2016-11-10 19:10:20', NULL, 1, '', NULL, NULL, NULL),
(7, '', 'efe', 'glennefe2002@yahoo.com', '', '', 1, 0, 'D4uBgLDvKrYXDEspMI8fwydfCUFrU7KImsOYJOwhVxzJ4pbfIicgFtYVDkXO', '2016-11-13 22:27:55', '2016-11-13 22:34:01', NULL, 1, '', 'Efe', 'Eke', 'male'),
(8, '', 'debby', 'gbolahanalade@gmail.com', '$2y$10$NIGzAKF0t3GYO7Db8sGg8OlCkVBGOOPlesUOsiwAqdN8vG.EoYAyu', 'TviWdGcy5dejz1slgKfYKPES05650fClIjHoSdJx', 0, 0, 'xXTjRGN77v8jJUTclqyTeqIFYq2QxDrrkukEbkHh6tUJO9nfojI9NftRSEgB', '2017-02-17 13:26:13', '2017-02-17 13:45:40', NULL, 1, '', NULL, NULL, NULL);

--
-- Indexes for dumped tables
--

--
-- Indexes for table `address`
--
ALTER TABLE `address`
  ADD PRIMARY KEY (`id`);

--
-- Indexes for table `biz`
--
ALTER TABLE `biz`
  ADD PRIMARY KEY (`id`);

--
-- Indexes for table `biz_cat_pivot`
--
ALTER TABLE `biz_cat_pivot`
  ADD PRIMARY KEY (`id`),
  ADD KEY `biz_id` (`biz_id`),
  ADD KEY `cat_id` (`cat_id`);

--
-- Indexes for table `biz_lga_pivot`
--
ALTER TABLE `biz_lga_pivot`
  ADD PRIMARY KEY (`id`);

--
-- Indexes for table `biz_photos`
--
ALTER TABLE `biz_photos`
  ADD PRIMARY KEY (`id`);

--
-- Indexes for table `biz_profile_photos`
--
ALTER TABLE `biz_profile_photos`
  ADD PRIMARY KEY (`id`);

--
-- Indexes for table `biz_state_pivot`
--
ALTER TABLE `biz_state_pivot`
  ADD PRIMARY KEY (`id`);

--
-- Indexes for table `biz_subcat_pivot`
--
ALTER TABLE `biz_subcat_pivot`
  ADD PRIMARY KEY (`id`);

--
-- Indexes for table `biz_user_pivot`
--
ALTER TABLE `biz_user_pivot`
  ADD PRIMARY KEY (`id`);

--
-- Indexes for table `branch`
--
ALTER TABLE `branch`
  ADD PRIMARY KEY (`id`);

--
-- Indexes for table `business_hours`
--
ALTER TABLE `business_hours`
  ADD PRIMARY KEY (`id`);

--
-- Indexes for table `cats`
--
ALTER TABLE `cats`
  ADD PRIMARY KEY (`id`),
  ADD UNIQUE KEY `name` (`name`);

--
-- Indexes for table `cat_user_pivot`
--
ALTER TABLE `cat_user_pivot`
  ADD PRIMARY KEY (`id`);

--
-- Indexes for table `favourites`
--
ALTER TABLE `favourites`
  ADD PRIMARY KEY (`id`);

--
-- Indexes for table `lgas`
--
ALTER TABLE `lgas`
  ADD PRIMARY KEY (`id`);

--
-- Indexes for table `messages`
--
ALTER TABLE `messages`
  ADD PRIMARY KEY (`id`);

--
-- Indexes for table `owners`
--
ALTER TABLE `owners`
  ADD PRIMARY KEY (`id`),
  ADD UNIQUE KEY `biz_id` (`biz_id`);

--
-- Indexes for table `password_resets`
--
ALTER TABLE `password_resets`
  ADD KEY `password_resets_email_index` (`email`),
  ADD KEY `password_resets_token_index` (`token`);

--
-- Indexes for table `photos`
--
ALTER TABLE `photos`
  ADD PRIMARY KEY (`id`);

--
-- Indexes for table `photo_user`
--
ALTER TABLE `photo_user`
  ADD PRIMARY KEY (`id`);

--
-- Indexes for table `profile_photos`
--
ALTER TABLE `profile_photos`
  ADD PRIMARY KEY (`id`),
  ADD KEY `profile_photos_user_id_foreign` (`user_id`);

--
-- Indexes for table `public_subscribe`
--
ALTER TABLE `public_subscribe`
  ADD PRIMARY KEY (`id`);

--
-- Indexes for table `reports`
--
ALTER TABLE `reports`
  ADD PRIMARY KEY (`id`);

--
-- Indexes for table `reviews`
--
ALTER TABLE `reviews`
  ADD PRIMARY KEY (`id`);

--
-- Indexes for table `settings`
--
ALTER TABLE `settings`
  ADD PRIMARY KEY (`id`);

--
-- Indexes for table `states`
--
ALTER TABLE `states`
  ADD PRIMARY KEY (`id`);

--
-- Indexes for table `subcategory`
--
ALTER TABLE `subcategory`
  ADD PRIMARY KEY (`id`);

--
-- Indexes for table `sub_cats`
--
ALTER TABLE `sub_cats`
  ADD PRIMARY KEY (`id`),
  ADD UNIQUE KEY `name` (`name`);

--
-- Indexes for table `users`
--
ALTER TABLE `users`
  ADD PRIMARY KEY (`id`),
  ADD UNIQUE KEY `users_username_unique` (`username`),
  ADD UNIQUE KEY `users_email_unique` (`email`);

--
-- AUTO_INCREMENT for dumped tables
--

--
-- AUTO_INCREMENT for table `address`
--
ALTER TABLE `address`
  MODIFY `id` int(10) UNSIGNED NOT NULL AUTO_INCREMENT, AUTO_INCREMENT=252;
--
-- AUTO_INCREMENT for table `biz`
--
ALTER TABLE `biz`
  MODIFY `id` int(10) UNSIGNED NOT NULL AUTO_INCREMENT, AUTO_INCREMENT=237;
--
-- AUTO_INCREMENT for table `biz_cat_pivot`
--
ALTER TABLE `biz_cat_pivot`
  MODIFY `id` int(10) UNSIGNED NOT NULL AUTO_INCREMENT, AUTO_INCREMENT=291;
--
-- AUTO_INCREMENT for table `biz_lga_pivot`
--
ALTER TABLE `biz_lga_pivot`
  MODIFY `id` int(10) UNSIGNED NOT NULL AUTO_INCREMENT, AUTO_INCREMENT=285;
--
-- AUTO_INCREMENT for table `biz_photos`
--
ALTER TABLE `biz_photos`
  MODIFY `id` int(10) UNSIGNED NOT NULL AUTO_INCREMENT;
--
-- AUTO_INCREMENT for table `biz_profile_photos`
--
ALTER TABLE `biz_profile_photos`
  MODIFY `id` int(10) UNSIGNED NOT NULL AUTO_INCREMENT, AUTO_INCREMENT=55;
--
-- AUTO_INCREMENT for table `biz_state_pivot`
--
ALTER TABLE `biz_state_pivot`
  MODIFY `id` int(10) UNSIGNED NOT NULL AUTO_INCREMENT, AUTO_INCREMENT=285;
--
-- AUTO_INCREMENT for table `biz_subcat_pivot`
--
ALTER TABLE `biz_subcat_pivot`
  MODIFY `id` int(10) UNSIGNED NOT NULL AUTO_INCREMENT, AUTO_INCREMENT=644;
--
-- AUTO_INCREMENT for table `biz_user_pivot`
--
ALTER TABLE `biz_user_pivot`
  MODIFY `id` int(10) UNSIGNED NOT NULL AUTO_INCREMENT;
--
-- AUTO_INCREMENT for table `branch`
--
ALTER TABLE `branch`
  MODIFY `id` int(10) UNSIGNED NOT NULL AUTO_INCREMENT;
--
-- AUTO_INCREMENT for table `business_hours`
--
ALTER TABLE `business_hours`
  MODIFY `id` int(10) UNSIGNED NOT NULL AUTO_INCREMENT;
--
-- AUTO_INCREMENT for table `cats`
--
ALTER TABLE `cats`
  MODIFY `id` int(10) UNSIGNED NOT NULL AUTO_INCREMENT, AUTO_INCREMENT=71;
--
-- AUTO_INCREMENT for table `cat_user_pivot`
--
ALTER TABLE `cat_user_pivot`
  MODIFY `id` int(10) UNSIGNED NOT NULL AUTO_INCREMENT;
--
-- AUTO_INCREMENT for table `favourites`
--
ALTER TABLE `favourites`
  MODIFY `id` int(10) UNSIGNED NOT NULL AUTO_INCREMENT, AUTO_INCREMENT=2;
--
-- AUTO_INCREMENT for table `lgas`
--
ALTER TABLE `lgas`
  MODIFY `id` int(10) UNSIGNED NOT NULL AUTO_INCREMENT, AUTO_INCREMENT=898;
--
-- AUTO_INCREMENT for table `messages`
--
ALTER TABLE `messages`
  MODIFY `id` int(10) UNSIGNED NOT NULL AUTO_INCREMENT;
--
-- AUTO_INCREMENT for table `owners`
--
ALTER TABLE `owners`
  MODIFY `id` int(10) UNSIGNED NOT NULL AUTO_INCREMENT;
--
-- AUTO_INCREMENT for table `photos`
--
ALTER TABLE `photos`
  MODIFY `id` int(10) NOT NULL AUTO_INCREMENT;
--
-- AUTO_INCREMENT for table `photo_user`
--
ALTER TABLE `photo_user`
  MODIFY `id` int(10) UNSIGNED NOT NULL AUTO_INCREMENT;
--
-- AUTO_INCREMENT for table `profile_photos`
--
ALTER TABLE `profile_photos`
  MODIFY `id` int(10) UNSIGNED NOT NULL AUTO_INCREMENT, AUTO_INCREMENT=13;
--
-- AUTO_INCREMENT for table `public_subscribe`
--
ALTER TABLE `public_subscribe`
  MODIFY `id` int(10) NOT NULL AUTO_INCREMENT, AUTO_INCREMENT=3;
--
-- AUTO_INCREMENT for table `reports`
--
ALTER TABLE `reports`
  MODIFY `id` int(10) NOT NULL AUTO_INCREMENT;
--
-- AUTO_INCREMENT for table `reviews`
--
ALTER TABLE `reviews`
  MODIFY `id` int(10) UNSIGNED NOT NULL AUTO_INCREMENT, AUTO_INCREMENT=2;
--
-- AUTO_INCREMENT for table `states`
--
ALTER TABLE `states`
  MODIFY `id` int(10) UNSIGNED NOT NULL AUTO_INCREMENT, AUTO_INCREMENT=38;
--
-- AUTO_INCREMENT for table `subcategory`
--
ALTER TABLE `subcategory`
  MODIFY `id` int(10) UNSIGNED NOT NULL AUTO_INCREMENT, AUTO_INCREMENT=167;
--
-- AUTO_INCREMENT for table `sub_cats`
--
ALTER TABLE `sub_cats`
  MODIFY `id` int(10) UNSIGNED NOT NULL AUTO_INCREMENT, AUTO_INCREMENT=489;
--
-- AUTO_INCREMENT for table `users`
--
ALTER TABLE `users`
  MODIFY `id` int(10) UNSIGNED NOT NULL AUTO_INCREMENT, AUTO_INCREMENT=9;
/*!40101 SET CHARACTER_SET_CLIENT=@OLD_CHARACTER_SET_CLIENT */;
/*!40101 SET CHARACTER_SET_RESULTS=@OLD_CHARACTER_SET_RESULTS */;
/*!40101 SET COLLATION_CONNECTION=@OLD_COLLATION_CONNECTION */;
