-- phpMyAdmin SQL Dump
-- version 4.1.14
-- http://www.phpmyadmin.net
--
-- Host: 127.0.0.1
-- Generation Time: Dec 14, 2015 at 06:35 PM
-- Server version: 5.6.17
-- PHP Version: 5.5.12

SET SQL_MODE = "NO_AUTO_VALUE_ON_ZERO";
SET time_zone = "+00:00";


/*!40101 SET @OLD_CHARACTER_SET_CLIENT=@@CHARACTER_SET_CLIENT */;
/*!40101 SET @OLD_CHARACTER_SET_RESULTS=@@CHARACTER_SET_RESULTS */;
/*!40101 SET @OLD_COLLATION_CONNECTION=@@COLLATION_CONNECTION */;
/*!40101 SET NAMES utf8 */;

--
-- Database: `ndibiz`
--

-- --------------------------------------------------------

--
-- Table structure for table `address`
--

CREATE TABLE IF NOT EXISTS `address` (
  `id` int(10) unsigned NOT NULL AUTO_INCREMENT,
  `street` text NOT NULL,
  `lga_id` int(10) unsigned NOT NULL,
  `state_id` int(10) unsigned NOT NULL,
  `biz_id` int(10) unsigned NOT NULL,
  PRIMARY KEY (`id`)
) ENGINE=InnoDB  DEFAULT CHARSET=latin1 AUTO_INCREMENT=35 ;

--
-- Dumping data for table `address`
--

INSERT INTO `address` (`id`, `street`, `lga_id`, `state_id`, `biz_id`) VALUES
(1, '5,omonile street, off shangisha', 2, 25, 1),
(2, '10,uyi street,off Ikorodu street', 4, 25, 3),
(6, '10,omonile street off shangisha', 2, 25, 8),
(7, '34,notorious street', 1, 25, 9),
(9, '67,federal housing mile 2', 3, 25, 11),
(10, '56,jemila street, off Alaroro', 9, 1, 12),
(12, '45,otodo street off yedheux', 26, 2, 15),
(13, '45,adejomo street, off Elosa avenue', 21, 1, 16),
(14, '56,cofidencial road, off stayoff abenue', 4, 25, 17),
(15, '34,Winston churchii Avenue', 22, 2, 18),
(16, '98,Fadeyi street', 3, 25, 19),
(17, '56, Edumare street, of Ikosi', 4, 25, 20),
(18, '34, etim Iyang crescent', 28, 25, 21),
(19, '34,Toyin street', 31, 25, 22),
(20, '23, shangisha, off Association Avenue', 1, 25, 23),
(21, '23, spare parts road,Spare parts market', 84, 25, 24),
(22, '47,total crescent, off Abulegba street', 94, 25, 25),
(26, '32,Abraham Adosanya crescent, Off Mutiu Lawal Road.', 28, 25, 29),
(27, '20, Temi Ayodele street off Emily Akinola street', 91, 25, 30),
(28, '10,fafawa Oregun street, Banana island.', 30, 25, 32),
(29, '13,Emotan street, off Emotan road', 120, 13, 33),
(30, '34, Osamudiamen street, off okhoro road', 120, 13, 34),
(31, '35, Efosa crescent, Victoria Island', 28, 25, 35),
(32, '39,Eric crescent, Lekki Phase 1', 31, 25, 36),
(33, '23,Etoya street, off Medical Stores road', 120, 13, 37),
(34, '99, Ekett bus stop, Kuje District', 26, 2, 39);

-- --------------------------------------------------------

--
-- Table structure for table `biz`
--

CREATE TABLE IF NOT EXISTS `biz` (
  `id` int(10) unsigned NOT NULL AUTO_INCREMENT,
  `name` text COLLATE utf8_unicode_ci NOT NULL,
  `contactname` varchar(255) COLLATE utf8_unicode_ci NOT NULL,
  `email` varchar(255) COLLATE utf8_unicode_ci NOT NULL,
  `website` varchar(255) COLLATE utf8_unicode_ci NOT NULL,
  `phone1` int(11) DEFAULT NULL,
  `phone2` int(11) DEFAULT NULL,
  `created_at` timestamp NOT NULL DEFAULT '0000-00-00 00:00:00',
  `updated_at` timestamp NOT NULL DEFAULT '0000-00-00 00:00:00',
  `user_id` int(10) unsigned NOT NULL,
  `rating_cache` decimal(2,1) unsigned NOT NULL DEFAULT '3.0',
  `rating_count` int(10) unsigned NOT NULL DEFAULT '0',
  `slug` text COLLATE utf8_unicode_ci NOT NULL,
  `featured` varchar(5) COLLATE utf8_unicode_ci NOT NULL DEFAULT 'NO',
  `description` varchar(255) COLLATE utf8_unicode_ci NOT NULL,
  `icon` varchar(255) COLLATE utf8_unicode_ci NOT NULL,
  `owner` int(10) unsigned DEFAULT NULL,
  `claimed` tinyint(4) NOT NULL DEFAULT '0',
  PRIMARY KEY (`id`),
  UNIQUE KEY `businessprofile_email_unique` (`email`)
) ENGINE=InnoDB  DEFAULT CHARSET=utf8 COLLATE=utf8_unicode_ci AUTO_INCREMENT=40 ;

--
-- Dumping data for table `biz`
--

INSERT INTO `biz` (`id`, `name`, `contactname`, `email`, `website`, `phone1`, `phone2`, `created_at`, `updated_at`, `user_id`, `rating_cache`, `rating_count`, `slug`, `featured`, `description`, `icon`, `owner`, `claimed`) VALUES
(1, 'samizares cab service', 'sammyoryor', 'samizares@gmail.com', 'http://www.samizarescab.com', 2147483647, 2147483647, '2015-08-12 21:17:40', '2015-10-08 16:04:48', 7, '4.3', 2, '', 'YES', '', '', 7, 1),
(3, 'coded Night club', 'Great sammy', 'samizares@yahoo.com', 'http://www.codednightclub.com', 2147483647, 2147483647, '2015-08-12 21:34:57', '2015-10-08 23:36:21', 7, '4.3', 3, '', 'NO', '', '', NULL, 0),
(8, 'Bella''s place', 'Annabell', 'infobella@msn.com', 'http://bellasplace.com', 2147483647, 2147483647, '2015-08-24 11:06:04', '2015-08-24 11:06:04', 7, '3.0', 0, '', 'NO', '', '', NULL, 0),
(9, 'Zares Mealsss', 'Mr Piro', 'info@zares.com', 'http://www.zaresmeals.com', 2147483647, 2147483647, '2015-08-24 13:09:21', '2015-11-05 07:46:53', 10, '4.0', 3, '', 'YES', '', '', NULL, 0),
(11, 'Sammy''s Bank', 'Zares', 'samizares@bank.com', 'http://www.sammysbank.com', 909837637, 2147483647, '2015-08-24 22:00:54', '2015-09-05 12:30:38', 7, '3.0', 0, '', 'YES', '', '', NULL, 0),
(12, 'shanshan cars', 'Mr Phil', 'info@shahshan.com', 'http://www.shanshan.com', 2147483647, 2147483647, '2015-08-25 20:04:54', '2015-11-04 11:05:09', 7, '4.0', 1, '', 'YES', '', '', NULL, 0),
(15, 'Twilight Services', 'Gentle jack', 'info@twillight.com', 'http://www.twilightservices.com', 2147483647, 2147483647, '2015-08-25 21:50:11', '2015-11-05 07:51:22', 10, '3.0', 0, '', 'YES', '', '', NULL, 0),
(16, 'Angry birds', 'Angry man', 'info@angry.com', 'http://angrybirds.com', 9984003, 9489454, '2015-08-25 21:56:13', '2015-08-27 10:46:13', 7, '3.0', 0, '', 'YES', '', '', NULL, 0),
(17, 'Franks home', 'Frank Spiff', 'info@frank.com', 'http://frankshome.com', 2147483647, 2147483647, '2015-08-25 22:06:40', '2015-08-27 12:55:09', 7, '3.0', 0, '', 'YES', '', '', NULL, 0),
(18, 'Janes Super stores', 'Mrs Jane Foster', 'info@jane.com', 'http://janestores.com', 90434850, 94853324, '2015-08-27 17:17:17', '2015-08-27 17:17:17', 7, '3.0', 0, '', 'NO', '', '', NULL, 0),
(19, 'Meegan Exotic cars', 'Mr Meegan Renault', 'info@meegan.com', 'http://meegancars.com', 2147483647, 2147483647, '2015-08-27 17:20:12', '2015-09-05 12:06:56', 7, '3.0', 0, '', 'YES', '', '', NULL, 0),
(20, 'Mo''s Cathering services', 'Mrs Modukpe Uyi', 'info@mocat.com', 'http://mocathering.com', 909876789, 989049857, '2015-08-27 17:34:07', '2015-09-05 21:34:52', 7, '3.0', 0, '', 'YES', '', '', NULL, 0),
(21, 'Fred engines', 'Mr Fred Perry', 'info@fredengines.com', 'http://fredengines.com', 980989485, 890458593, '2015-08-27 17:44:47', '2015-09-24 11:13:25', 7, '3.0', 0, '', 'YES', '', '', NULL, 0),
(22, 'New Bank Biz', 'Gbenga Daniels', 'info@newbank.com', 'http://www.newbank.com', 2147483647, 2147483647, '2015-08-31 23:10:01', '2015-09-24 11:13:16', 7, '3.0', 0, '', 'YES', '', '', NULL, 0),
(23, 'Annabell''s Conglomerate', 'Ann Bella', 'info@anncong.com', 'http://www.annabellsconglomerate.com', 2147483647, 2147483647, '2015-09-11 03:08:21', '2015-09-11 03:08:21', 7, '3.0', 0, '', 'NO', '', '', NULL, 0),
(24, 'Alade''s Auto Empire', 'Alade Bj', 'info@alade.com', 'http://aladeauto.com', 2147483647, 2147483647, '2015-09-11 03:14:41', '2015-09-11 03:14:41', 7, '3.0', 0, '', 'NO', '', '', NULL, 0),
(25, 'Sammy1 testing bizzz', 'Sammy Estrada', 'info@sammytesting.com', 'http://sammytestingone.com', 2147483647, 2147483647, '2015-09-25 14:27:05', '2015-09-25 14:44:40', 7, '3.0', 0, '', 'NO', '', '', NULL, 0),
(29, 'Alagbon Shopping Complex ', 'Mr Desmond Tutu', 'info@alagbon.com', 'http://Alagbonshopping.com', 2147483647, 2147483647, '2015-09-28 06:16:25', '2015-09-28 06:16:25', 7, '3.0', 0, '', 'NO', '', '', NULL, 0),
(30, 'Yellow services', 'Mr. Emgrade ', 'info@yellowservices.com', 'http://yellowservices.com', 2147483647, 2147483647, '2015-11-04 16:22:03', '2015-11-04 16:22:03', 10, '3.0', 0, '', 'NO', '', '', NULL, 0),
(32, 'Musa Delievery Services', 'Mr. Musa Adelaide', 'info@musadelivery.com', 'http://www.musadelievery.com', 2147483647, 2147483647, '2015-11-04 16:32:52', '2015-11-04 16:32:52', 10, '3.0', 0, '', 'NO', '', '', NULL, 0),
(33, 'Osas car wash', 'Mr Osas Emuwahen', 'info@osascarwash.com', 'http://osascarwash.com', 2147483647, 2147483647, '2015-11-04 16:43:27', '2015-11-04 16:43:27', 10, '3.0', 0, '', 'NO', '', '', NULL, 0),
(34, 'Etiosa Karaoke', 'Mr. Etinosa Osadolor', 'info@etinosakaraoke.com', 'http://etinosakaraoke.com', 2147483647, 2147483647, '2015-11-04 16:57:01', '2015-11-04 16:57:01', 10, '3.0', 0, '', 'NO', '', '', NULL, 0),
(35, 'Union Homes', 'Mr. Yaqubu ', 'info@unionhomes.com', 'http://www.unionhomes.com', 2147483647, 2147483647, '2015-11-04 17:01:02', '2015-11-04 17:01:02', 10, '3.0', 0, '', 'NO', '', '', NULL, 0),
(36, 'Bolaji Hotels', 'Mr Bolaji', 'info@bolajihotels.com', 'http://bolajihotels.com', 2147483647, 2147483647, '2015-11-04 17:07:23', '2015-11-04 17:07:23', 10, '3.0', 0, '', 'NO', '', '', NULL, 0),
(37, 'Alade Short lets', 'Mr. Alade ', 'info@aladeshortlet.com', 'http://aladeshortlet.com', 2147483647, 2147483647, '2015-11-04 17:10:19', '2015-11-04 17:10:19', 10, '3.0', 0, '', 'NO', '', '', NULL, 0),
(39, 'Reagent Services', 'Mr komolafe', 'info@reagentservices.com', 'http://www.reagentservices.com', 2147483647, 2147483647, '2015-11-04 17:21:42', '2015-11-04 17:21:42', 10, '3.0', 0, '', 'NO', '', '', NULL, 0);

-- --------------------------------------------------------

--
-- Table structure for table `biz_cat_pivot`
--

CREATE TABLE IF NOT EXISTS `biz_cat_pivot` (
  `id` int(10) unsigned NOT NULL AUTO_INCREMENT,
  `biz_id` int(10) unsigned NOT NULL,
  `cat_id` int(10) unsigned NOT NULL,
  PRIMARY KEY (`id`),
  KEY `biz_id` (`biz_id`),
  KEY `cat_id` (`cat_id`)
) ENGINE=InnoDB  DEFAULT CHARSET=latin1 AUTO_INCREMENT=40 ;

--
-- Dumping data for table `biz_cat_pivot`
--

INSERT INTO `biz_cat_pivot` (`id`, `biz_id`, `cat_id`) VALUES
(2, 3, 8),
(3, 8, 1),
(4, 9, 4),
(6, 11, 34),
(7, 1, 10),
(8, 12, 11),
(11, 16, 1),
(12, 17, 33),
(13, 18, 12),
(14, 19, 10),
(15, 20, 36),
(16, 21, 37),
(17, 22, 34),
(18, 23, 37),
(19, 23, 10),
(20, 24, 10),
(21, 24, 11),
(24, 25, 43),
(25, 25, 44),
(30, 29, 2),
(31, 30, 2),
(32, 32, 5),
(33, 33, 10),
(34, 34, 43),
(35, 35, 44),
(36, 36, 45),
(37, 37, 45),
(38, 39, 45),
(39, 15, 41);

-- --------------------------------------------------------

--
-- Table structure for table `biz_photos`
--

CREATE TABLE IF NOT EXISTS `biz_photos` (
  `id` int(10) unsigned NOT NULL AUTO_INCREMENT,
  `biz_id` int(10) unsigned NOT NULL,
  `path` varchar(100) NOT NULL,
  `created_at` datetime NOT NULL,
  `updated_at` timestamp NOT NULL,
  PRIMARY KEY (`id`)
) ENGINE=InnoDB  DEFAULT CHARSET=latin1 AUTO_INCREMENT=6 ;

--
-- Dumping data for table `biz_photos`
--

INSERT INTO `biz_photos` (`id`, `biz_id`, `path`, `created_at`, `updated_at`) VALUES
(1, 1, '/biz/photos/144977163120110516_025.jpg', '2015-12-10 19:20:31', '2015-12-10 18:20:31'),
(2, 1, '/biz/photos/144977163220110526_008.jpg', '2015-12-10 19:20:33', '2015-12-10 18:20:33'),
(3, 1, '/biz/photos/144977163420110611_006.jpg', '2015-12-10 19:20:34', '2015-12-10 18:20:34'),
(4, 1, '/biz/photos/144977163420110621_006.jpg', '2015-12-10 19:20:34', '2015-12-10 18:20:34'),
(5, 1, '/biz/photos/1449961207(4).jpg', '2015-12-13 00:00:07', '2015-12-12 23:00:07');

-- --------------------------------------------------------

--
-- Table structure for table `biz_profile_photos`
--

CREATE TABLE IF NOT EXISTS `biz_profile_photos` (
  `id` int(10) unsigned NOT NULL AUTO_INCREMENT,
  `image` varchar(100) NOT NULL,
  `biz_id` int(10) unsigned NOT NULL,
  `created_at` datetime NOT NULL,
  `updated_at` timestamp NOT NULL,
  PRIMARY KEY (`id`)
) ENGINE=InnoDB  DEFAULT CHARSET=latin1 AUTO_INCREMENT=2 ;

--
-- Dumping data for table `biz_profile_photos`
--

INSERT INTO `biz_profile_photos` (`id`, `image`, `biz_id`, `created_at`, `updated_at`) VALUES
(1, 'biz/profile/1449961110fountain.jpg', 1, '2015-12-12 23:52:09', '2015-12-12 22:58:30');

-- --------------------------------------------------------

--
-- Table structure for table `biz_state_pivot`
--

CREATE TABLE IF NOT EXISTS `biz_state_pivot` (
  `id` int(10) unsigned NOT NULL AUTO_INCREMENT,
  `state_id` int(10) unsigned NOT NULL,
  `biz_id` int(10) unsigned NOT NULL,
  PRIMARY KEY (`id`)
) ENGINE=InnoDB  DEFAULT CHARSET=latin1 AUTO_INCREMENT=3 ;

--
-- Dumping data for table `biz_state_pivot`
--

INSERT INTO `biz_state_pivot` (`id`, `state_id`, `biz_id`) VALUES
(1, 25, 1),
(2, 25, 3);

-- --------------------------------------------------------

--
-- Table structure for table `biz_subcat_pivot`
--

CREATE TABLE IF NOT EXISTS `biz_subcat_pivot` (
  `id` int(10) unsigned NOT NULL AUTO_INCREMENT,
  `subcat_id` int(10) unsigned NOT NULL,
  `biz_id` int(10) unsigned NOT NULL,
  PRIMARY KEY (`id`)
) ENGINE=InnoDB  DEFAULT CHARSET=latin1 AUTO_INCREMENT=64 ;

--
-- Dumping data for table `biz_subcat_pivot`
--

INSERT INTO `biz_subcat_pivot` (`id`, `subcat_id`, `biz_id`) VALUES
(1, 25, 8),
(2, 26, 8),
(5, 64, 11),
(6, 65, 11),
(7, 66, 11),
(8, 59, 1),
(9, 60, 1),
(10, 29, 3),
(11, 30, 3),
(12, 49, 12),
(14, 25, 16),
(15, 47, 17),
(16, 31, 18),
(17, 61, 19),
(18, 67, 20),
(19, 68, 20),
(20, 70, 21),
(21, 73, 21),
(22, 65, 22),
(23, 70, 23),
(24, 73, 23),
(25, 59, 23),
(26, 59, 24),
(27, 61, 24),
(28, 48, 24),
(32, 93, 25),
(33, 94, 25),
(34, 95, 25),
(35, 96, 25),
(36, 97, 25),
(45, 113, 29),
(46, 114, 29),
(47, 113, 30),
(48, 118, 32),
(49, 60, 33),
(50, 94, 34),
(51, 95, 34),
(52, 135, 35),
(53, 136, 36),
(54, 137, 37),
(55, 138, 39),
(56, 122, 9),
(57, 123, 9),
(58, 124, 9),
(59, 126, 9),
(60, 141, 15),
(61, 142, 15),
(62, 143, 15),
(63, 144, 15);

-- --------------------------------------------------------

--
-- Table structure for table `business_hours`
--

CREATE TABLE IF NOT EXISTS `business_hours` (
  `id` int(10) unsigned NOT NULL AUTO_INCREMENT,
  `day` varchar(3) NOT NULL,
  `open_time` decimal(4,2) NOT NULL,
  `close_time` decimal(4,2) NOT NULL,
  `biz_id` int(10) unsigned NOT NULL,
  `created_at` timestamp NOT NULL,
  `updated_at` timestamp NOT NULL,
  PRIMARY KEY (`id`)
) ENGINE=InnoDB  DEFAULT CHARSET=latin1 AUTO_INCREMENT=808 ;

--
-- Dumping data for table `business_hours`
--

INSERT INTO `business_hours` (`id`, `day`, `open_time`, `close_time`, `biz_id`, `created_at`, `updated_at`) VALUES
(1, 'MON', '8.00', '5.00', 1, '2015-09-29 06:32:45', '2015-09-29 06:32:45'),
(2, 'TUE', '8.00', '6.00', 1, '2015-09-29 06:32:45', '2015-09-29 06:32:45'),
(3, 'WED', '9.00', '5.00', 1, '2015-09-29 06:43:26', '2015-09-29 06:43:26'),
(4, 'THU', '8.00', '4.30', 1, '2015-09-29 06:43:26', '2015-09-29 06:43:26'),
(5, 'FRI', '9.00', '5.00', 1, '2015-09-29 06:43:26', '2015-09-29 06:43:26'),
(6, 'SAT', '9.00', '6.00', 1, '2015-09-29 06:43:26', '2015-09-29 06:43:26'),
(7, 'SUN', '10.00', '4.00', 1, '2015-09-29 06:43:26', '2015-09-29 06:43:26'),
(8, 'MON', '7.30', '4.30', 3, '2015-10-08 21:21:27', '2015-10-08 21:21:27'),
(9, 'TUE', '9.00', '6.00', 3, '2015-10-08 21:21:27', '2015-10-08 21:21:27'),
(10, 'WED', '8.00', '5.30', 3, '2015-10-08 21:21:27', '2015-10-08 21:21:27'),
(11, 'THU', '9.00', '6.00', 3, '2015-10-08 21:21:27', '2015-10-08 21:21:27'),
(12, 'FRI', '5.00', '5.00', 3, '2015-10-08 21:21:27', '2015-10-08 21:21:27'),
(13, 'SAT', '7.30', '5.30', 3, '2015-10-08 21:21:27', '2015-10-08 21:21:27'),
(14, 'SUN', '11.00', '2.30', 3, '2015-10-08 21:24:34', '2015-10-08 21:24:34'),
(31, 'MON', '9.00', '5.00', 8, '2015-10-09 15:11:28', '2015-10-09 15:11:28'),
(32, 'TUE', '9.00', '5.00', 8, '2015-10-09 15:11:28', '2015-10-09 15:11:28'),
(33, 'WED', '9.00', '5.00', 8, '2015-10-09 15:11:28', '2015-10-09 15:11:28'),
(34, 'THU', '9.00', '5.00', 8, '2015-10-09 15:11:28', '2015-10-09 15:11:28'),
(35, 'FRI', '9.00', '5.00', 8, '2015-10-09 15:11:29', '2015-10-09 15:11:29'),
(36, 'SAT', '9.00', '5.00', 8, '2015-10-09 15:11:29', '2015-10-09 15:11:29'),
(37, 'SUN', '9.00', '5.00', 8, '2015-10-09 15:11:29', '2015-10-09 15:11:29'),
(38, 'MON', '9.00', '5.00', 9, '2015-10-09 15:11:29', '2015-10-09 15:11:29'),
(39, 'TUE', '9.00', '5.00', 9, '2015-10-09 15:11:29', '2015-10-09 15:11:29'),
(40, 'WED', '9.00', '5.00', 9, '2015-10-09 15:11:29', '2015-10-09 15:11:29'),
(41, 'THU', '9.00', '5.00', 9, '2015-10-09 15:11:29', '2015-10-09 15:11:29'),
(42, 'FRI', '9.00', '5.00', 9, '2015-10-09 15:11:29', '2015-10-09 15:11:29'),
(43, 'SAT', '9.00', '5.00', 9, '2015-10-09 15:11:29', '2015-10-09 15:11:29'),
(44, 'SUN', '9.00', '5.00', 9, '2015-10-09 15:11:29', '2015-10-09 15:11:29'),
(45, 'MON', '9.00', '5.00', 11, '2015-10-09 15:11:29', '2015-10-09 15:11:29'),
(46, 'TUE', '9.00', '5.00', 11, '2015-10-09 15:11:29', '2015-10-09 15:11:29'),
(47, 'WED', '9.00', '5.00', 11, '2015-10-09 15:11:29', '2015-10-09 15:11:29'),
(48, 'THU', '9.00', '5.00', 11, '2015-10-09 15:11:29', '2015-10-09 15:11:29'),
(49, 'FRI', '9.00', '5.00', 11, '2015-10-09 15:11:29', '2015-10-09 15:11:29'),
(50, 'SAT', '9.00', '5.00', 11, '2015-10-09 15:11:29', '2015-10-09 15:11:29'),
(51, 'SUN', '9.00', '5.00', 11, '2015-10-09 15:11:29', '2015-10-09 15:11:29'),
(52, 'MON', '9.00', '5.00', 12, '2015-10-09 15:11:29', '2015-10-09 15:11:29'),
(53, 'TUE', '9.00', '5.00', 12, '2015-10-09 15:11:29', '2015-10-09 15:11:29'),
(54, 'WED', '9.00', '5.00', 12, '2015-10-09 15:11:30', '2015-10-09 15:11:30'),
(55, 'THU', '9.00', '5.00', 12, '2015-10-09 15:11:30', '2015-10-09 15:11:30'),
(56, 'FRI', '9.00', '5.00', 12, '2015-10-09 15:11:30', '2015-10-09 15:11:30'),
(57, 'SAT', '9.00', '5.00', 12, '2015-10-09 15:11:30', '2015-10-09 15:11:30'),
(58, 'SUN', '9.00', '5.00', 12, '2015-10-09 15:11:30', '2015-10-09 15:11:30'),
(59, 'MON', '9.00', '5.00', 15, '2015-10-09 15:11:30', '2015-10-09 15:11:30'),
(60, 'TUE', '9.00', '5.00', 15, '2015-10-09 15:11:30', '2015-10-09 15:11:30'),
(61, 'WED', '9.00', '5.00', 15, '2015-10-09 15:11:30', '2015-10-09 15:11:30'),
(62, 'THU', '9.00', '5.00', 15, '2015-10-09 15:11:30', '2015-10-09 15:11:30'),
(63, 'FRI', '9.00', '5.00', 15, '2015-10-09 15:11:30', '2015-10-09 15:11:30'),
(64, 'SAT', '9.00', '5.00', 15, '2015-10-09 15:11:30', '2015-10-09 15:11:30'),
(65, 'SUN', '9.00', '5.00', 15, '2015-10-09 15:11:30', '2015-10-09 15:11:30'),
(66, 'MON', '9.00', '5.00', 16, '2015-10-09 15:11:30', '2015-10-09 15:11:30'),
(67, 'TUE', '9.00', '5.00', 16, '2015-10-09 15:11:30', '2015-10-09 15:11:30'),
(68, 'WED', '9.00', '5.00', 16, '2015-10-09 15:11:30', '2015-10-09 15:11:30'),
(69, 'THU', '9.00', '5.00', 16, '2015-10-09 15:11:30', '2015-10-09 15:11:30'),
(70, 'FRI', '9.00', '5.00', 16, '2015-10-09 15:11:30', '2015-10-09 15:11:30'),
(71, 'SAT', '9.00', '5.00', 16, '2015-10-09 15:11:30', '2015-10-09 15:11:30'),
(72, 'SUN', '9.00', '5.00', 16, '2015-10-09 15:11:30', '2015-10-09 15:11:30'),
(73, 'MON', '9.00', '5.00', 17, '2015-10-09 15:11:30', '2015-10-09 15:11:30'),
(74, 'TUE', '9.00', '5.00', 17, '2015-10-09 15:11:30', '2015-10-09 15:11:30'),
(75, 'WED', '9.00', '5.00', 17, '2015-10-09 15:11:30', '2015-10-09 15:11:30'),
(76, 'THU', '9.00', '5.00', 17, '2015-10-09 15:11:30', '2015-10-09 15:11:30'),
(77, 'FRI', '9.00', '5.00', 17, '2015-10-09 15:11:30', '2015-10-09 15:11:30'),
(78, 'SAT', '9.00', '5.00', 17, '2015-10-09 15:11:30', '2015-10-09 15:11:30'),
(79, 'SUN', '9.00', '5.00', 17, '2015-10-09 15:11:30', '2015-10-09 15:11:30'),
(80, 'MON', '9.00', '5.00', 18, '2015-10-09 15:11:30', '2015-10-09 15:11:30'),
(81, 'TUE', '9.00', '5.00', 18, '2015-10-09 15:11:30', '2015-10-09 15:11:30'),
(82, 'WED', '9.00', '5.00', 18, '2015-10-09 15:11:30', '2015-10-09 15:11:30'),
(83, 'THU', '9.00', '5.00', 18, '2015-10-09 15:11:30', '2015-10-09 15:11:30'),
(84, 'FRI', '9.00', '5.00', 18, '2015-10-09 15:11:30', '2015-10-09 15:11:30'),
(85, 'SAT', '9.00', '5.00', 18, '2015-10-09 15:11:30', '2015-10-09 15:11:30'),
(86, 'SUN', '9.00', '5.00', 18, '2015-10-09 15:11:30', '2015-10-09 15:11:30'),
(87, 'MON', '9.00', '5.00', 19, '2015-10-09 15:11:30', '2015-10-09 15:11:30'),
(88, 'TUE', '9.00', '5.00', 19, '2015-10-09 15:11:30', '2015-10-09 15:11:30'),
(89, 'WED', '9.00', '5.00', 19, '2015-10-09 15:11:31', '2015-10-09 15:11:31'),
(90, 'THU', '9.00', '5.00', 19, '2015-10-09 15:11:31', '2015-10-09 15:11:31'),
(91, 'FRI', '9.00', '5.00', 19, '2015-10-09 15:11:31', '2015-10-09 15:11:31'),
(92, 'SAT', '9.00', '5.00', 19, '2015-10-09 15:11:31', '2015-10-09 15:11:31'),
(93, 'SUN', '9.00', '5.00', 19, '2015-10-09 15:11:31', '2015-10-09 15:11:31'),
(94, 'MON', '9.00', '5.00', 20, '2015-10-09 15:11:31', '2015-10-09 15:11:31'),
(95, 'TUE', '9.00', '5.00', 20, '2015-10-09 15:11:31', '2015-10-09 15:11:31'),
(96, 'WED', '9.00', '5.00', 20, '2015-10-09 15:11:31', '2015-10-09 15:11:31'),
(97, 'THU', '9.00', '5.00', 20, '2015-10-09 15:11:31', '2015-10-09 15:11:31'),
(98, 'FRI', '9.00', '5.00', 20, '2015-10-09 15:11:31', '2015-10-09 15:11:31'),
(99, 'SAT', '9.00', '5.00', 20, '2015-10-09 15:11:31', '2015-10-09 15:11:31'),
(100, 'SUN', '9.00', '5.00', 20, '2015-10-09 15:11:31', '2015-10-09 15:11:31'),
(101, 'MON', '9.00', '5.00', 21, '2015-10-09 15:11:31', '2015-10-09 15:11:31'),
(102, 'TUE', '9.00', '5.00', 21, '2015-10-09 15:11:31', '2015-10-09 15:11:31'),
(103, 'WED', '9.00', '5.00', 21, '2015-10-09 15:11:31', '2015-10-09 15:11:31'),
(104, 'THU', '9.00', '5.00', 21, '2015-10-09 15:11:31', '2015-10-09 15:11:31'),
(105, 'FRI', '9.00', '5.00', 21, '2015-10-09 15:11:31', '2015-10-09 15:11:31'),
(106, 'SAT', '9.00', '5.00', 21, '2015-10-09 15:11:31', '2015-10-09 15:11:31'),
(107, 'SUN', '9.00', '5.00', 21, '2015-10-09 15:11:31', '2015-10-09 15:11:31'),
(108, 'MON', '9.00', '5.00', 22, '2015-10-09 15:11:31', '2015-10-09 15:11:31'),
(109, 'TUE', '9.00', '5.00', 22, '2015-10-09 15:11:31', '2015-10-09 15:11:31'),
(110, 'WED', '9.00', '5.00', 22, '2015-10-09 15:11:31', '2015-10-09 15:11:31'),
(111, 'THU', '9.00', '5.00', 22, '2015-10-09 15:11:31', '2015-10-09 15:11:31'),
(112, 'FRI', '9.00', '5.00', 22, '2015-10-09 15:11:31', '2015-10-09 15:11:31'),
(113, 'SAT', '9.00', '5.00', 22, '2015-10-09 15:11:31', '2015-10-09 15:11:31'),
(114, 'SUN', '9.00', '5.00', 22, '2015-10-09 15:11:31', '2015-10-09 15:11:31'),
(115, 'MON', '9.00', '5.00', 23, '2015-10-09 15:11:31', '2015-10-09 15:11:31'),
(116, 'TUE', '9.00', '5.00', 23, '2015-10-09 15:11:31', '2015-10-09 15:11:31'),
(117, 'WED', '9.00', '5.00', 23, '2015-10-09 15:11:32', '2015-10-09 15:11:32'),
(118, 'THU', '9.00', '5.00', 23, '2015-10-09 15:11:32', '2015-10-09 15:11:32'),
(119, 'FRI', '9.00', '5.00', 23, '2015-10-09 15:11:32', '2015-10-09 15:11:32'),
(120, 'SAT', '9.00', '5.00', 23, '2015-10-09 15:11:32', '2015-10-09 15:11:32'),
(121, 'SUN', '9.00', '5.00', 23, '2015-10-09 15:11:32', '2015-10-09 15:11:32'),
(122, 'MON', '9.00', '5.00', 24, '2015-10-09 15:11:32', '2015-10-09 15:11:32'),
(123, 'TUE', '9.00', '5.00', 24, '2015-10-09 15:11:32', '2015-10-09 15:11:32'),
(124, 'WED', '9.00', '5.00', 24, '2015-10-09 15:11:32', '2015-10-09 15:11:32'),
(125, 'THU', '9.00', '5.00', 24, '2015-10-09 15:11:32', '2015-10-09 15:11:32'),
(126, 'FRI', '9.00', '5.00', 24, '2015-10-09 15:11:32', '2015-10-09 15:11:32'),
(127, 'SAT', '9.00', '5.00', 24, '2015-10-09 15:11:32', '2015-10-09 15:11:32'),
(128, 'SUN', '9.00', '5.00', 24, '2015-10-09 15:11:32', '2015-10-09 15:11:32'),
(129, 'MON', '9.00', '5.00', 25, '2015-10-09 15:11:32', '2015-10-09 15:11:32'),
(130, 'TUE', '9.00', '5.00', 25, '2015-10-09 15:11:32', '2015-10-09 15:11:32'),
(131, 'WED', '9.00', '5.00', 25, '2015-10-09 15:11:32', '2015-10-09 15:11:32'),
(132, 'THU', '9.00', '5.00', 25, '2015-10-09 15:11:32', '2015-10-09 15:11:32'),
(133, 'FRI', '9.00', '5.00', 25, '2015-10-09 15:11:32', '2015-10-09 15:11:32'),
(134, 'SAT', '9.00', '5.00', 25, '2015-10-09 15:11:32', '2015-10-09 15:11:32'),
(135, 'SUN', '9.00', '5.00', 25, '2015-10-09 15:11:32', '2015-10-09 15:11:32'),
(136, 'MON', '9.00', '5.00', 29, '2015-10-09 15:11:32', '2015-10-09 15:11:32'),
(137, 'TUE', '9.00', '5.00', 29, '2015-10-09 15:11:32', '2015-10-09 15:11:32'),
(138, 'WED', '9.00', '5.00', 29, '2015-10-09 15:11:32', '2015-10-09 15:11:32'),
(139, 'THU', '9.00', '5.00', 29, '2015-10-09 15:11:32', '2015-10-09 15:11:32'),
(140, 'FRI', '9.00', '5.00', 29, '2015-10-09 15:11:32', '2015-10-09 15:11:32'),
(141, 'SAT', '9.00', '5.00', 29, '2015-10-09 15:11:32', '2015-10-09 15:11:32'),
(142, 'SUN', '9.00', '5.00', 29, '2015-10-09 15:11:32', '2015-10-09 15:11:32'),
(143, 'MON', '9.00', '5.00', 1, '2015-10-09 15:11:44', '2015-10-09 15:11:44'),
(144, 'TUE', '9.00', '5.00', 1, '2015-10-09 15:11:44', '2015-10-09 15:11:44'),
(145, 'WED', '9.00', '5.00', 1, '2015-10-09 15:11:44', '2015-10-09 15:11:44'),
(146, 'THU', '9.00', '5.00', 1, '2015-10-09 15:11:44', '2015-10-09 15:11:44'),
(147, 'FRI', '9.00', '5.00', 1, '2015-10-09 15:11:44', '2015-10-09 15:11:44'),
(148, 'SAT', '9.00', '5.00', 1, '2015-10-09 15:11:44', '2015-10-09 15:11:44'),
(149, 'SUN', '9.00', '5.00', 1, '2015-10-09 15:11:44', '2015-10-09 15:11:44'),
(150, 'MON', '9.00', '5.00', 3, '2015-10-09 15:11:44', '2015-10-09 15:11:44'),
(151, 'TUE', '9.00', '5.00', 3, '2015-10-09 15:11:44', '2015-10-09 15:11:44'),
(152, 'WED', '9.00', '5.00', 3, '2015-10-09 15:11:44', '2015-10-09 15:11:44'),
(153, 'THU', '9.00', '5.00', 3, '2015-10-09 15:11:44', '2015-10-09 15:11:44'),
(154, 'FRI', '9.00', '5.00', 3, '2015-10-09 15:11:44', '2015-10-09 15:11:44'),
(155, 'SAT', '9.00', '5.00', 3, '2015-10-09 15:11:44', '2015-10-09 15:11:44'),
(156, 'SUN', '9.00', '5.00', 3, '2015-10-09 15:11:44', '2015-10-09 15:11:44'),
(157, 'MON', '9.00', '5.00', 8, '2015-10-09 15:11:44', '2015-10-09 15:11:44'),
(158, 'TUE', '9.00', '5.00', 8, '2015-10-09 15:11:44', '2015-10-09 15:11:44'),
(159, 'WED', '9.00', '5.00', 8, '2015-10-09 15:11:44', '2015-10-09 15:11:44'),
(160, 'THU', '9.00', '5.00', 8, '2015-10-09 15:11:44', '2015-10-09 15:11:44'),
(161, 'FRI', '9.00', '5.00', 8, '2015-10-09 15:11:44', '2015-10-09 15:11:44'),
(162, 'SAT', '9.00', '5.00', 8, '2015-10-09 15:11:44', '2015-10-09 15:11:44'),
(163, 'SUN', '9.00', '5.00', 8, '2015-10-09 15:11:44', '2015-10-09 15:11:44'),
(164, 'MON', '9.00', '5.00', 9, '2015-10-09 15:11:44', '2015-10-09 15:11:44'),
(165, 'TUE', '9.00', '5.00', 9, '2015-10-09 15:11:45', '2015-10-09 15:11:45'),
(166, 'WED', '9.00', '5.00', 9, '2015-10-09 15:11:45', '2015-10-09 15:11:45'),
(167, 'THU', '9.00', '5.00', 9, '2015-10-09 15:11:45', '2015-10-09 15:11:45'),
(168, 'FRI', '9.00', '5.00', 9, '2015-10-09 15:11:45', '2015-10-09 15:11:45'),
(169, 'SAT', '9.00', '5.00', 9, '2015-10-09 15:11:45', '2015-10-09 15:11:45'),
(170, 'SUN', '9.00', '5.00', 9, '2015-10-09 15:11:45', '2015-10-09 15:11:45'),
(171, 'MON', '9.00', '5.00', 11, '2015-10-09 15:11:45', '2015-10-09 15:11:45'),
(172, 'TUE', '9.00', '5.00', 11, '2015-10-09 15:11:45', '2015-10-09 15:11:45'),
(173, 'WED', '9.00', '5.00', 11, '2015-10-09 15:11:45', '2015-10-09 15:11:45'),
(174, 'THU', '9.00', '5.00', 11, '2015-10-09 15:11:45', '2015-10-09 15:11:45'),
(175, 'FRI', '9.00', '5.00', 11, '2015-10-09 15:11:45', '2015-10-09 15:11:45'),
(176, 'SAT', '9.00', '5.00', 11, '2015-10-09 15:11:45', '2015-10-09 15:11:45'),
(177, 'SUN', '9.00', '5.00', 11, '2015-10-09 15:11:45', '2015-10-09 15:11:45'),
(178, 'MON', '9.00', '5.00', 12, '2015-10-09 15:11:45', '2015-10-09 15:11:45'),
(179, 'TUE', '9.00', '5.00', 12, '2015-10-09 15:11:45', '2015-10-09 15:11:45'),
(180, 'WED', '9.00', '5.00', 12, '2015-10-09 15:11:45', '2015-10-09 15:11:45'),
(181, 'THU', '9.00', '5.00', 12, '2015-10-09 15:11:45', '2015-10-09 15:11:45'),
(182, 'FRI', '9.00', '5.00', 12, '2015-10-09 15:11:45', '2015-10-09 15:11:45'),
(183, 'SAT', '9.00', '5.00', 12, '2015-10-09 15:11:45', '2015-10-09 15:11:45'),
(184, 'SUN', '9.00', '5.00', 12, '2015-10-09 15:11:45', '2015-10-09 15:11:45'),
(185, 'MON', '9.00', '5.00', 15, '2015-10-09 15:11:45', '2015-10-09 15:11:45'),
(186, 'TUE', '9.00', '5.00', 15, '2015-10-09 15:11:45', '2015-10-09 15:11:45'),
(187, 'WED', '9.00', '5.00', 15, '2015-10-09 15:11:45', '2015-10-09 15:11:45'),
(188, 'THU', '9.00', '5.00', 15, '2015-10-09 15:11:45', '2015-10-09 15:11:45'),
(189, 'FRI', '9.00', '5.00', 15, '2015-10-09 15:11:45', '2015-10-09 15:11:45'),
(190, 'SAT', '9.00', '5.00', 15, '2015-10-09 15:11:45', '2015-10-09 15:11:45'),
(191, 'SUN', '9.00', '5.00', 15, '2015-10-09 15:11:45', '2015-10-09 15:11:45'),
(192, 'MON', '9.00', '5.00', 16, '2015-10-09 15:11:45', '2015-10-09 15:11:45'),
(193, 'TUE', '9.00', '5.00', 16, '2015-10-09 15:11:45', '2015-10-09 15:11:45'),
(194, 'WED', '9.00', '5.00', 16, '2015-10-09 15:11:46', '2015-10-09 15:11:46'),
(195, 'THU', '9.00', '5.00', 16, '2015-10-09 15:11:46', '2015-10-09 15:11:46'),
(196, 'FRI', '9.00', '5.00', 16, '2015-10-09 15:11:46', '2015-10-09 15:11:46'),
(197, 'SAT', '9.00', '5.00', 16, '2015-10-09 15:11:46', '2015-10-09 15:11:46'),
(198, 'SUN', '9.00', '5.00', 16, '2015-10-09 15:11:46', '2015-10-09 15:11:46'),
(199, 'MON', '9.00', '5.00', 17, '2015-10-09 15:11:46', '2015-10-09 15:11:46'),
(200, 'TUE', '9.00', '5.00', 17, '2015-10-09 15:11:46', '2015-10-09 15:11:46'),
(201, 'WED', '9.00', '5.00', 17, '2015-10-09 15:11:46', '2015-10-09 15:11:46'),
(202, 'THU', '9.00', '5.00', 17, '2015-10-09 15:11:46', '2015-10-09 15:11:46'),
(203, 'FRI', '9.00', '5.00', 17, '2015-10-09 15:11:46', '2015-10-09 15:11:46'),
(204, 'SAT', '9.00', '5.00', 17, '2015-10-09 15:11:46', '2015-10-09 15:11:46'),
(205, 'SUN', '9.00', '5.00', 17, '2015-10-09 15:11:46', '2015-10-09 15:11:46'),
(206, 'MON', '9.00', '5.00', 18, '2015-10-09 15:11:46', '2015-10-09 15:11:46'),
(207, 'TUE', '9.00', '5.00', 18, '2015-10-09 15:11:46', '2015-10-09 15:11:46'),
(208, 'WED', '9.00', '5.00', 18, '2015-10-09 15:11:46', '2015-10-09 15:11:46'),
(209, 'THU', '9.00', '5.00', 18, '2015-10-09 15:11:46', '2015-10-09 15:11:46'),
(210, 'FRI', '9.00', '5.00', 18, '2015-10-09 15:11:46', '2015-10-09 15:11:46'),
(211, 'SAT', '9.00', '5.00', 18, '2015-10-09 15:11:46', '2015-10-09 15:11:46'),
(212, 'SUN', '9.00', '5.00', 18, '2015-10-09 15:11:46', '2015-10-09 15:11:46'),
(213, 'MON', '9.00', '5.00', 19, '2015-10-09 15:11:46', '2015-10-09 15:11:46'),
(214, 'TUE', '9.00', '5.00', 19, '2015-10-09 15:11:46', '2015-10-09 15:11:46'),
(215, 'WED', '9.00', '5.00', 19, '2015-10-09 15:11:46', '2015-10-09 15:11:46'),
(216, 'THU', '9.00', '5.00', 19, '2015-10-09 15:11:46', '2015-10-09 15:11:46'),
(217, 'FRI', '9.00', '5.00', 19, '2015-10-09 15:11:46', '2015-10-09 15:11:46'),
(218, 'SAT', '9.00', '5.00', 19, '2015-10-09 15:11:46', '2015-10-09 15:11:46'),
(219, 'SUN', '9.00', '5.00', 19, '2015-10-09 15:11:46', '2015-10-09 15:11:46'),
(220, 'MON', '9.00', '5.00', 20, '2015-10-09 15:11:46', '2015-10-09 15:11:46'),
(221, 'TUE', '9.00', '5.00', 20, '2015-10-09 15:11:47', '2015-10-09 15:11:47'),
(222, 'WED', '9.00', '5.00', 20, '2015-10-09 15:11:47', '2015-10-09 15:11:47'),
(223, 'THU', '9.00', '5.00', 20, '2015-10-09 15:11:47', '2015-10-09 15:11:47'),
(224, 'FRI', '9.00', '5.00', 20, '2015-10-09 15:11:47', '2015-10-09 15:11:47'),
(225, 'SAT', '9.00', '5.00', 20, '2015-10-09 15:11:47', '2015-10-09 15:11:47'),
(226, 'SUN', '9.00', '5.00', 20, '2015-10-09 15:11:47', '2015-10-09 15:11:47'),
(227, 'MON', '9.00', '5.00', 21, '2015-10-09 15:11:47', '2015-10-09 15:11:47'),
(228, 'TUE', '9.00', '5.00', 21, '2015-10-09 15:11:47', '2015-10-09 15:11:47'),
(229, 'WED', '9.00', '5.00', 21, '2015-10-09 15:11:47', '2015-10-09 15:11:47'),
(230, 'THU', '9.00', '5.00', 21, '2015-10-09 15:11:47', '2015-10-09 15:11:47'),
(231, 'FRI', '9.00', '5.00', 21, '2015-10-09 15:11:47', '2015-10-09 15:11:47'),
(232, 'SAT', '9.00', '5.00', 21, '2015-10-09 15:11:47', '2015-10-09 15:11:47'),
(233, 'SUN', '9.00', '5.00', 21, '2015-10-09 15:11:47', '2015-10-09 15:11:47'),
(234, 'MON', '9.00', '5.00', 22, '2015-10-09 15:11:47', '2015-10-09 15:11:47'),
(235, 'TUE', '9.00', '5.00', 22, '2015-10-09 15:11:47', '2015-10-09 15:11:47'),
(236, 'WED', '9.00', '5.00', 22, '2015-10-09 15:11:47', '2015-10-09 15:11:47'),
(237, 'THU', '9.00', '5.00', 22, '2015-10-09 15:11:48', '2015-10-09 15:11:48'),
(238, 'FRI', '9.00', '5.00', 22, '2015-10-09 15:11:48', '2015-10-09 15:11:48'),
(239, 'SAT', '9.00', '5.00', 22, '2015-10-09 15:11:48', '2015-10-09 15:11:48'),
(240, 'SUN', '9.00', '5.00', 22, '2015-10-09 15:11:48', '2015-10-09 15:11:48'),
(241, 'MON', '9.00', '5.00', 23, '2015-10-09 15:11:48', '2015-10-09 15:11:48'),
(242, 'TUE', '9.00', '5.00', 23, '2015-10-09 15:11:48', '2015-10-09 15:11:48'),
(243, 'WED', '9.00', '5.00', 23, '2015-10-09 15:11:48', '2015-10-09 15:11:48'),
(244, 'THU', '9.00', '5.00', 23, '2015-10-09 15:11:48', '2015-10-09 15:11:48'),
(245, 'FRI', '9.00', '5.00', 23, '2015-10-09 15:11:48', '2015-10-09 15:11:48'),
(246, 'SAT', '9.00', '5.00', 23, '2015-10-09 15:11:48', '2015-10-09 15:11:48'),
(247, 'SUN', '9.00', '5.00', 23, '2015-10-09 15:11:48', '2015-10-09 15:11:48'),
(248, 'MON', '9.00', '5.00', 24, '2015-10-09 15:11:48', '2015-10-09 15:11:48'),
(249, 'TUE', '9.00', '5.00', 24, '2015-10-09 15:11:48', '2015-10-09 15:11:48'),
(250, 'WED', '9.00', '5.00', 24, '2015-10-09 15:11:48', '2015-10-09 15:11:48'),
(251, 'THU', '9.00', '5.00', 24, '2015-10-09 15:11:48', '2015-10-09 15:11:48'),
(252, 'FRI', '9.00', '5.00', 24, '2015-10-09 15:11:48', '2015-10-09 15:11:48'),
(253, 'SAT', '9.00', '5.00', 24, '2015-10-09 15:11:48', '2015-10-09 15:11:48'),
(254, 'SUN', '9.00', '5.00', 24, '2015-10-09 15:11:48', '2015-10-09 15:11:48'),
(255, 'MON', '9.00', '5.00', 25, '2015-10-09 15:11:48', '2015-10-09 15:11:48'),
(256, 'TUE', '9.00', '5.00', 25, '2015-10-09 15:11:48', '2015-10-09 15:11:48'),
(257, 'WED', '9.00', '5.00', 25, '2015-10-09 15:11:48', '2015-10-09 15:11:48'),
(258, 'THU', '9.00', '5.00', 25, '2015-10-09 15:11:48', '2015-10-09 15:11:48'),
(259, 'FRI', '9.00', '5.00', 25, '2015-10-09 15:11:48', '2015-10-09 15:11:48'),
(260, 'SAT', '9.00', '5.00', 25, '2015-10-09 15:11:48', '2015-10-09 15:11:48'),
(261, 'SUN', '9.00', '5.00', 25, '2015-10-09 15:11:49', '2015-10-09 15:11:49'),
(262, 'MON', '9.00', '5.00', 29, '2015-10-09 15:11:49', '2015-10-09 15:11:49'),
(263, 'TUE', '9.00', '5.00', 29, '2015-10-09 15:11:49', '2015-10-09 15:11:49'),
(264, 'WED', '9.00', '5.00', 29, '2015-10-09 15:11:49', '2015-10-09 15:11:49'),
(265, 'THU', '9.00', '5.00', 29, '2015-10-09 15:11:49', '2015-10-09 15:11:49'),
(266, 'FRI', '9.00', '5.00', 29, '2015-10-09 15:11:49', '2015-10-09 15:11:49'),
(267, 'SAT', '9.00', '5.00', 29, '2015-10-09 15:11:49', '2015-10-09 15:11:49'),
(268, 'SUN', '9.00', '5.00', 29, '2015-10-09 15:11:49', '2015-10-09 15:11:49'),
(269, 'MON', '9.00', '5.00', 1, '2015-10-09 15:11:58', '2015-10-09 15:11:58'),
(270, 'TUE', '9.00', '5.00', 1, '2015-10-09 15:11:59', '2015-10-09 15:11:59'),
(271, 'WED', '9.00', '5.00', 1, '2015-10-09 15:11:59', '2015-10-09 15:11:59'),
(272, 'THU', '9.00', '5.00', 1, '2015-10-09 15:11:59', '2015-10-09 15:11:59'),
(273, 'FRI', '9.00', '5.00', 1, '2015-10-09 15:11:59', '2015-10-09 15:11:59'),
(274, 'SAT', '9.00', '5.00', 1, '2015-10-09 15:11:59', '2015-10-09 15:11:59'),
(275, 'SUN', '9.00', '5.00', 1, '2015-10-09 15:11:59', '2015-10-09 15:11:59'),
(276, 'MON', '9.00', '5.00', 3, '2015-10-09 15:11:59', '2015-10-09 15:11:59'),
(277, 'TUE', '9.00', '5.00', 3, '2015-10-09 15:11:59', '2015-10-09 15:11:59'),
(278, 'WED', '9.00', '5.00', 3, '2015-10-09 15:11:59', '2015-10-09 15:11:59'),
(279, 'THU', '9.00', '5.00', 3, '2015-10-09 15:11:59', '2015-10-09 15:11:59'),
(280, 'FRI', '9.00', '5.00', 3, '2015-10-09 15:11:59', '2015-10-09 15:11:59'),
(281, 'SAT', '9.00', '5.00', 3, '2015-10-09 15:11:59', '2015-10-09 15:11:59'),
(282, 'SUN', '9.00', '5.00', 3, '2015-10-09 15:11:59', '2015-10-09 15:11:59'),
(283, 'MON', '9.00', '5.00', 8, '2015-10-09 15:11:59', '2015-10-09 15:11:59'),
(284, 'TUE', '9.00', '5.00', 8, '2015-10-09 15:11:59', '2015-10-09 15:11:59'),
(285, 'WED', '9.00', '5.00', 8, '2015-10-09 15:11:59', '2015-10-09 15:11:59'),
(286, 'THU', '9.00', '5.00', 8, '2015-10-09 15:11:59', '2015-10-09 15:11:59'),
(287, 'FRI', '9.00', '5.00', 8, '2015-10-09 15:12:00', '2015-10-09 15:12:00'),
(288, 'SAT', '9.00', '5.00', 8, '2015-10-09 15:12:00', '2015-10-09 15:12:00'),
(289, 'SUN', '9.00', '5.00', 8, '2015-10-09 15:12:00', '2015-10-09 15:12:00'),
(290, 'MON', '9.00', '5.00', 9, '2015-10-09 15:12:00', '2015-10-09 15:12:00'),
(291, 'TUE', '9.00', '5.00', 9, '2015-10-09 15:12:00', '2015-10-09 15:12:00'),
(292, 'WED', '9.00', '5.00', 9, '2015-10-09 15:12:00', '2015-10-09 15:12:00'),
(293, 'THU', '9.00', '5.00', 9, '2015-10-09 15:12:00', '2015-10-09 15:12:00'),
(294, 'FRI', '9.00', '5.00', 9, '2015-10-09 15:12:00', '2015-10-09 15:12:00'),
(295, 'SAT', '9.00', '5.00', 9, '2015-10-09 15:12:00', '2015-10-09 15:12:00'),
(296, 'SUN', '9.00', '5.00', 9, '2015-10-09 15:12:00', '2015-10-09 15:12:00'),
(297, 'MON', '9.00', '5.00', 11, '2015-10-09 15:12:00', '2015-10-09 15:12:00'),
(298, 'TUE', '9.00', '5.00', 11, '2015-10-09 15:12:00', '2015-10-09 15:12:00'),
(299, 'WED', '9.00', '5.00', 11, '2015-10-09 15:12:00', '2015-10-09 15:12:00'),
(300, 'THU', '9.00', '5.00', 11, '2015-10-09 15:12:00', '2015-10-09 15:12:00'),
(301, 'FRI', '9.00', '5.00', 11, '2015-10-09 15:12:00', '2015-10-09 15:12:00'),
(302, 'SAT', '9.00', '5.00', 11, '2015-10-09 15:12:00', '2015-10-09 15:12:00'),
(303, 'SUN', '9.00', '5.00', 11, '2015-10-09 15:12:00', '2015-10-09 15:12:00'),
(304, 'MON', '9.00', '5.00', 12, '2015-10-09 15:12:00', '2015-10-09 15:12:00'),
(305, 'TUE', '9.00', '5.00', 12, '2015-10-09 15:12:01', '2015-10-09 15:12:01'),
(306, 'WED', '9.00', '5.00', 12, '2015-10-09 15:12:01', '2015-10-09 15:12:01'),
(307, 'THU', '9.00', '5.00', 12, '2015-10-09 15:12:01', '2015-10-09 15:12:01'),
(308, 'FRI', '9.00', '5.00', 12, '2015-10-09 15:12:01', '2015-10-09 15:12:01'),
(309, 'SAT', '9.00', '5.00', 12, '2015-10-09 15:12:01', '2015-10-09 15:12:01'),
(310, 'SUN', '9.00', '5.00', 12, '2015-10-09 15:12:01', '2015-10-09 15:12:01'),
(311, 'MON', '9.00', '5.00', 15, '2015-10-09 15:12:01', '2015-10-09 15:12:01'),
(312, 'TUE', '9.00', '5.00', 15, '2015-10-09 15:12:01', '2015-10-09 15:12:01'),
(313, 'WED', '9.00', '5.00', 15, '2015-10-09 15:12:01', '2015-10-09 15:12:01'),
(314, 'THU', '9.00', '5.00', 15, '2015-10-09 15:12:01', '2015-10-09 15:12:01'),
(315, 'FRI', '9.00', '5.00', 15, '2015-10-09 15:12:01', '2015-10-09 15:12:01'),
(316, 'SAT', '9.00', '5.00', 15, '2015-10-09 15:12:01', '2015-10-09 15:12:01'),
(317, 'SUN', '9.00', '5.00', 15, '2015-10-09 15:12:01', '2015-10-09 15:12:01'),
(318, 'MON', '9.00', '5.00', 16, '2015-10-09 15:12:01', '2015-10-09 15:12:01'),
(319, 'TUE', '9.00', '5.00', 16, '2015-10-09 15:12:01', '2015-10-09 15:12:01'),
(320, 'WED', '9.00', '5.00', 16, '2015-10-09 15:12:01', '2015-10-09 15:12:01'),
(321, 'THU', '9.00', '5.00', 16, '2015-10-09 15:12:01', '2015-10-09 15:12:01'),
(322, 'FRI', '9.00', '5.00', 16, '2015-10-09 15:12:01', '2015-10-09 15:12:01'),
(323, 'SAT', '9.00', '5.00', 16, '2015-10-09 15:12:01', '2015-10-09 15:12:01'),
(324, 'SUN', '9.00', '5.00', 16, '2015-10-09 15:12:02', '2015-10-09 15:12:02'),
(325, 'MON', '9.00', '5.00', 17, '2015-10-09 15:12:02', '2015-10-09 15:12:02'),
(326, 'TUE', '9.00', '5.00', 17, '2015-10-09 15:12:02', '2015-10-09 15:12:02'),
(327, 'WED', '9.00', '5.00', 17, '2015-10-09 15:12:02', '2015-10-09 15:12:02'),
(328, 'THU', '9.00', '5.00', 17, '2015-10-09 15:12:02', '2015-10-09 15:12:02'),
(329, 'FRI', '9.00', '5.00', 17, '2015-10-09 15:12:02', '2015-10-09 15:12:02'),
(330, 'SAT', '9.00', '5.00', 17, '2015-10-09 15:12:02', '2015-10-09 15:12:02'),
(331, 'SUN', '9.00', '5.00', 17, '2015-10-09 15:12:02', '2015-10-09 15:12:02'),
(332, 'MON', '9.00', '5.00', 18, '2015-10-09 15:12:02', '2015-10-09 15:12:02'),
(333, 'TUE', '9.00', '5.00', 18, '2015-10-09 15:12:02', '2015-10-09 15:12:02'),
(334, 'WED', '9.00', '5.00', 18, '2015-10-09 15:12:02', '2015-10-09 15:12:02'),
(335, 'THU', '9.00', '5.00', 18, '2015-10-09 15:12:02', '2015-10-09 15:12:02'),
(336, 'FRI', '9.00', '5.00', 18, '2015-10-09 15:12:02', '2015-10-09 15:12:02'),
(337, 'SAT', '9.00', '5.00', 18, '2015-10-09 15:12:02', '2015-10-09 15:12:02'),
(338, 'SUN', '9.00', '5.00', 18, '2015-10-09 15:12:02', '2015-10-09 15:12:02'),
(339, 'MON', '9.00', '5.00', 19, '2015-10-09 15:12:02', '2015-10-09 15:12:02'),
(340, 'TUE', '9.00', '5.00', 19, '2015-10-09 15:12:02', '2015-10-09 15:12:02'),
(341, 'WED', '9.00', '5.00', 19, '2015-10-09 15:12:02', '2015-10-09 15:12:02'),
(342, 'THU', '9.00', '5.00', 19, '2015-10-09 15:12:03', '2015-10-09 15:12:03'),
(343, 'FRI', '9.00', '5.00', 19, '2015-10-09 15:12:03', '2015-10-09 15:12:03'),
(344, 'SAT', '9.00', '5.00', 19, '2015-10-09 15:12:03', '2015-10-09 15:12:03'),
(345, 'SUN', '9.00', '5.00', 19, '2015-10-09 15:12:03', '2015-10-09 15:12:03'),
(346, 'MON', '9.00', '5.00', 20, '2015-10-09 15:12:03', '2015-10-09 15:12:03'),
(347, 'TUE', '9.00', '5.00', 20, '2015-10-09 15:12:03', '2015-10-09 15:12:03'),
(348, 'WED', '9.00', '5.00', 20, '2015-10-09 15:12:03', '2015-10-09 15:12:03'),
(349, 'THU', '9.00', '5.00', 20, '2015-10-09 15:12:03', '2015-10-09 15:12:03'),
(350, 'FRI', '9.00', '5.00', 20, '2015-10-09 15:12:03', '2015-10-09 15:12:03'),
(351, 'SAT', '9.00', '5.00', 20, '2015-10-09 15:12:03', '2015-10-09 15:12:03'),
(352, 'SUN', '9.00', '5.00', 20, '2015-10-09 15:12:03', '2015-10-09 15:12:03'),
(353, 'MON', '9.00', '5.00', 21, '2015-10-09 15:12:03', '2015-10-09 15:12:03'),
(354, 'TUE', '9.00', '5.00', 21, '2015-10-09 15:12:03', '2015-10-09 15:12:03'),
(355, 'WED', '9.00', '5.00', 21, '2015-10-09 15:12:03', '2015-10-09 15:12:03'),
(356, 'THU', '9.00', '5.00', 21, '2015-10-09 15:12:03', '2015-10-09 15:12:03'),
(357, 'FRI', '9.00', '5.00', 21, '2015-10-09 15:12:04', '2015-10-09 15:12:04'),
(358, 'SAT', '9.00', '5.00', 21, '2015-10-09 15:12:04', '2015-10-09 15:12:04'),
(359, 'SUN', '9.00', '5.00', 21, '2015-10-09 15:12:04', '2015-10-09 15:12:04'),
(360, 'MON', '9.00', '5.00', 22, '2015-10-09 15:12:04', '2015-10-09 15:12:04'),
(361, 'TUE', '9.00', '5.00', 22, '2015-10-09 15:12:04', '2015-10-09 15:12:04'),
(362, 'WED', '9.00', '5.00', 22, '2015-10-09 15:12:04', '2015-10-09 15:12:04'),
(363, 'THU', '9.00', '5.00', 22, '2015-10-09 15:12:04', '2015-10-09 15:12:04'),
(364, 'FRI', '9.00', '5.00', 22, '2015-10-09 15:12:04', '2015-10-09 15:12:04'),
(365, 'SAT', '9.00', '5.00', 22, '2015-10-09 15:12:04', '2015-10-09 15:12:04'),
(366, 'SUN', '9.00', '5.00', 22, '2015-10-09 15:12:04', '2015-10-09 15:12:04'),
(367, 'MON', '9.00', '5.00', 23, '2015-10-09 15:12:04', '2015-10-09 15:12:04'),
(368, 'TUE', '9.00', '5.00', 23, '2015-10-09 15:12:04', '2015-10-09 15:12:04'),
(369, 'WED', '9.00', '5.00', 23, '2015-10-09 15:12:04', '2015-10-09 15:12:04'),
(370, 'THU', '9.00', '5.00', 23, '2015-10-09 15:12:04', '2015-10-09 15:12:04'),
(371, 'FRI', '9.00', '5.00', 23, '2015-10-09 15:12:04', '2015-10-09 15:12:04'),
(372, 'SAT', '9.00', '5.00', 23, '2015-10-09 15:12:04', '2015-10-09 15:12:04'),
(373, 'SUN', '9.00', '5.00', 23, '2015-10-09 15:12:05', '2015-10-09 15:12:05'),
(374, 'MON', '9.00', '5.00', 24, '2015-10-09 15:12:05', '2015-10-09 15:12:05'),
(375, 'TUE', '9.00', '5.00', 24, '2015-10-09 15:12:05', '2015-10-09 15:12:05'),
(376, 'WED', '9.00', '5.00', 24, '2015-10-09 15:12:05', '2015-10-09 15:12:05'),
(377, 'THU', '9.00', '5.00', 24, '2015-10-09 15:12:05', '2015-10-09 15:12:05'),
(378, 'FRI', '9.00', '5.00', 24, '2015-10-09 15:12:05', '2015-10-09 15:12:05'),
(379, 'SAT', '9.00', '5.00', 24, '2015-10-09 15:12:05', '2015-10-09 15:12:05'),
(380, 'SUN', '9.00', '5.00', 24, '2015-10-09 15:12:05', '2015-10-09 15:12:05'),
(381, 'MON', '9.00', '5.00', 25, '2015-10-09 15:12:05', '2015-10-09 15:12:05'),
(382, 'TUE', '9.00', '5.00', 25, '2015-10-09 15:12:05', '2015-10-09 15:12:05'),
(383, 'WED', '9.00', '5.00', 25, '2015-10-09 15:12:05', '2015-10-09 15:12:05'),
(384, 'THU', '9.00', '5.00', 25, '2015-10-09 15:12:05', '2015-10-09 15:12:05'),
(385, 'FRI', '9.00', '5.00', 25, '2015-10-09 15:12:05', '2015-10-09 15:12:05'),
(386, 'SAT', '9.00', '5.00', 25, '2015-10-09 15:12:05', '2015-10-09 15:12:05'),
(387, 'SUN', '9.00', '5.00', 25, '2015-10-09 15:12:05', '2015-10-09 15:12:05'),
(388, 'MON', '9.00', '5.00', 29, '2015-10-09 15:12:05', '2015-10-09 15:12:05'),
(389, 'TUE', '9.00', '5.00', 29, '2015-10-09 15:12:05', '2015-10-09 15:12:05'),
(390, 'WED', '9.00', '5.00', 29, '2015-10-09 15:12:05', '2015-10-09 15:12:05'),
(391, 'THU', '9.00', '5.00', 29, '2015-10-09 15:12:05', '2015-10-09 15:12:05'),
(392, 'FRI', '9.00', '5.00', 29, '2015-10-09 15:12:05', '2015-10-09 15:12:05'),
(393, 'SAT', '9.00', '5.00', 29, '2015-10-09 15:12:06', '2015-10-09 15:12:06'),
(394, 'SUN', '9.00', '5.00', 29, '2015-10-09 15:12:06', '2015-10-09 15:12:06'),
(395, 'MON', '9.00', '5.00', 1, '2015-10-09 15:12:18', '2015-10-09 15:12:18'),
(396, 'TUE', '9.00', '5.00', 1, '2015-10-09 15:12:18', '2015-10-09 15:12:18'),
(397, 'WED', '9.00', '5.00', 1, '2015-10-09 15:12:18', '2015-10-09 15:12:18'),
(398, 'THU', '9.00', '5.00', 1, '2015-10-09 15:12:18', '2015-10-09 15:12:18'),
(399, 'FRI', '9.00', '5.00', 1, '2015-10-09 15:12:18', '2015-10-09 15:12:18'),
(400, 'SAT', '9.00', '5.00', 1, '2015-10-09 15:12:18', '2015-10-09 15:12:18'),
(401, 'SUN', '9.00', '5.00', 1, '2015-10-09 15:12:18', '2015-10-09 15:12:18'),
(402, 'MON', '9.00', '5.00', 3, '2015-10-09 15:12:18', '2015-10-09 15:12:18'),
(403, 'TUE', '9.00', '5.00', 3, '2015-10-09 15:12:18', '2015-10-09 15:12:18'),
(404, 'WED', '9.00', '5.00', 3, '2015-10-09 15:12:18', '2015-10-09 15:12:18'),
(405, 'THU', '9.00', '5.00', 3, '2015-10-09 15:12:18', '2015-10-09 15:12:18'),
(406, 'FRI', '9.00', '5.00', 3, '2015-10-09 15:12:19', '2015-10-09 15:12:19'),
(407, 'SAT', '9.00', '5.00', 3, '2015-10-09 15:12:19', '2015-10-09 15:12:19'),
(408, 'SUN', '9.00', '5.00', 3, '2015-10-09 15:12:19', '2015-10-09 15:12:19'),
(409, 'MON', '9.00', '5.00', 8, '2015-10-09 15:12:19', '2015-10-09 15:12:19'),
(410, 'TUE', '9.00', '5.00', 8, '2015-10-09 15:12:19', '2015-10-09 15:12:19'),
(411, 'WED', '9.00', '5.00', 8, '2015-10-09 15:12:19', '2015-10-09 15:12:19'),
(412, 'THU', '9.00', '5.00', 8, '2015-10-09 15:12:19', '2015-10-09 15:12:19'),
(413, 'FRI', '9.00', '5.00', 8, '2015-10-09 15:12:19', '2015-10-09 15:12:19'),
(414, 'SAT', '9.00', '5.00', 8, '2015-10-09 15:12:19', '2015-10-09 15:12:19'),
(415, 'SUN', '9.00', '5.00', 8, '2015-10-09 15:12:19', '2015-10-09 15:12:19'),
(416, 'MON', '9.00', '5.00', 9, '2015-10-09 15:12:19', '2015-10-09 15:12:19'),
(417, 'TUE', '9.00', '5.00', 9, '2015-10-09 15:12:19', '2015-10-09 15:12:19'),
(418, 'WED', '9.00', '5.00', 9, '2015-10-09 15:12:19', '2015-10-09 15:12:19'),
(419, 'THU', '9.00', '5.00', 9, '2015-10-09 15:12:19', '2015-10-09 15:12:19'),
(420, 'FRI', '9.00', '5.00', 9, '2015-10-09 15:12:19', '2015-10-09 15:12:19'),
(421, 'SAT', '9.00', '5.00', 9, '2015-10-09 15:12:19', '2015-10-09 15:12:19'),
(422, 'SUN', '9.00', '5.00', 9, '2015-10-09 15:12:19', '2015-10-09 15:12:19'),
(423, 'MON', '9.00', '5.00', 11, '2015-10-09 15:12:20', '2015-10-09 15:12:20'),
(424, 'TUE', '9.00', '5.00', 11, '2015-10-09 15:12:20', '2015-10-09 15:12:20'),
(425, 'WED', '9.00', '5.00', 11, '2015-10-09 15:12:20', '2015-10-09 15:12:20'),
(426, 'THU', '9.00', '5.00', 11, '2015-10-09 15:12:20', '2015-10-09 15:12:20'),
(427, 'FRI', '9.00', '5.00', 11, '2015-10-09 15:12:20', '2015-10-09 15:12:20'),
(428, 'SAT', '9.00', '5.00', 11, '2015-10-09 15:12:20', '2015-10-09 15:12:20'),
(429, 'SUN', '9.00', '5.00', 11, '2015-10-09 15:12:20', '2015-10-09 15:12:20'),
(430, 'MON', '9.00', '5.00', 12, '2015-10-09 15:12:20', '2015-10-09 15:12:20'),
(431, 'TUE', '9.00', '5.00', 12, '2015-10-09 15:12:20', '2015-10-09 15:12:20'),
(432, 'WED', '9.00', '5.00', 12, '2015-10-09 15:12:20', '2015-10-09 15:12:20'),
(433, 'THU', '9.00', '5.00', 12, '2015-10-09 15:12:20', '2015-10-09 15:12:20'),
(434, 'FRI', '9.00', '5.00', 12, '2015-10-09 15:12:20', '2015-10-09 15:12:20'),
(435, 'SAT', '9.00', '5.00', 12, '2015-10-09 15:12:20', '2015-10-09 15:12:20'),
(436, 'SUN', '9.00', '5.00', 12, '2015-10-09 15:12:20', '2015-10-09 15:12:20'),
(437, 'MON', '9.00', '5.00', 15, '2015-10-09 15:12:20', '2015-10-09 15:12:20'),
(438, 'TUE', '9.00', '5.00', 15, '2015-10-09 15:12:20', '2015-10-09 15:12:20'),
(439, 'WED', '9.00', '5.00', 15, '2015-10-09 15:12:20', '2015-10-09 15:12:20'),
(440, 'THU', '9.00', '5.00', 15, '2015-10-09 15:12:20', '2015-10-09 15:12:20'),
(441, 'FRI', '9.00', '5.00', 15, '2015-10-09 15:12:20', '2015-10-09 15:12:20'),
(442, 'SAT', '9.00', '5.00', 15, '2015-10-09 15:12:21', '2015-10-09 15:12:21'),
(443, 'SUN', '9.00', '5.00', 15, '2015-10-09 15:12:21', '2015-10-09 15:12:21'),
(444, 'MON', '9.00', '5.00', 16, '2015-10-09 15:12:21', '2015-10-09 15:12:21'),
(445, 'TUE', '9.00', '5.00', 16, '2015-10-09 15:12:21', '2015-10-09 15:12:21'),
(446, 'WED', '9.00', '5.00', 16, '2015-10-09 15:12:21', '2015-10-09 15:12:21'),
(447, 'THU', '9.00', '5.00', 16, '2015-10-09 15:12:21', '2015-10-09 15:12:21'),
(448, 'FRI', '9.00', '5.00', 16, '2015-10-09 15:12:21', '2015-10-09 15:12:21'),
(449, 'SAT', '9.00', '5.00', 16, '2015-10-09 15:12:21', '2015-10-09 15:12:21'),
(450, 'SUN', '9.00', '5.00', 16, '2015-10-09 15:12:21', '2015-10-09 15:12:21'),
(451, 'MON', '9.00', '5.00', 17, '2015-10-09 15:12:21', '2015-10-09 15:12:21'),
(452, 'TUE', '9.00', '5.00', 17, '2015-10-09 15:12:21', '2015-10-09 15:12:21'),
(453, 'WED', '9.00', '5.00', 17, '2015-10-09 15:12:21', '2015-10-09 15:12:21'),
(454, 'THU', '9.00', '5.00', 17, '2015-10-09 15:12:21', '2015-10-09 15:12:21'),
(455, 'FRI', '9.00', '5.00', 17, '2015-10-09 15:12:21', '2015-10-09 15:12:21'),
(456, 'SAT', '9.00', '5.00', 17, '2015-10-09 15:12:21', '2015-10-09 15:12:21'),
(457, 'SUN', '9.00', '5.00', 17, '2015-10-09 15:12:21', '2015-10-09 15:12:21'),
(458, 'MON', '9.00', '5.00', 18, '2015-10-09 15:12:21', '2015-10-09 15:12:21'),
(459, 'TUE', '9.00', '5.00', 18, '2015-10-09 15:12:21', '2015-10-09 15:12:21'),
(460, 'WED', '9.00', '5.00', 18, '2015-10-09 15:12:21', '2015-10-09 15:12:21'),
(461, 'THU', '9.00', '5.00', 18, '2015-10-09 15:12:22', '2015-10-09 15:12:22'),
(462, 'FRI', '9.00', '5.00', 18, '2015-10-09 15:12:22', '2015-10-09 15:12:22'),
(463, 'SAT', '9.00', '5.00', 18, '2015-10-09 15:12:22', '2015-10-09 15:12:22'),
(464, 'SUN', '9.00', '5.00', 18, '2015-10-09 15:12:22', '2015-10-09 15:12:22'),
(465, 'MON', '9.00', '5.00', 19, '2015-10-09 15:12:22', '2015-10-09 15:12:22'),
(466, 'TUE', '9.00', '5.00', 19, '2015-10-09 15:12:22', '2015-10-09 15:12:22'),
(467, 'WED', '9.00', '5.00', 19, '2015-10-09 15:12:22', '2015-10-09 15:12:22'),
(468, 'THU', '9.00', '5.00', 19, '2015-10-09 15:12:22', '2015-10-09 15:12:22'),
(469, 'FRI', '9.00', '5.00', 19, '2015-10-09 15:12:22', '2015-10-09 15:12:22'),
(470, 'SAT', '9.00', '5.00', 19, '2015-10-09 15:12:22', '2015-10-09 15:12:22'),
(471, 'SUN', '9.00', '5.00', 19, '2015-10-09 15:12:22', '2015-10-09 15:12:22'),
(472, 'MON', '9.00', '5.00', 20, '2015-10-09 15:12:22', '2015-10-09 15:12:22'),
(473, 'TUE', '9.00', '5.00', 20, '2015-10-09 15:12:22', '2015-10-09 15:12:22'),
(474, 'WED', '9.00', '5.00', 20, '2015-10-09 15:12:22', '2015-10-09 15:12:22'),
(475, 'THU', '9.00', '5.00', 20, '2015-10-09 15:12:22', '2015-10-09 15:12:22'),
(476, 'FRI', '9.00', '5.00', 20, '2015-10-09 15:12:22', '2015-10-09 15:12:22'),
(477, 'SAT', '9.00', '5.00', 20, '2015-10-09 15:12:22', '2015-10-09 15:12:22'),
(478, 'SUN', '9.00', '5.00', 20, '2015-10-09 15:12:22', '2015-10-09 15:12:22'),
(479, 'MON', '9.00', '5.00', 21, '2015-10-09 15:12:22', '2015-10-09 15:12:22'),
(480, 'TUE', '9.00', '5.00', 21, '2015-10-09 15:12:22', '2015-10-09 15:12:22'),
(481, 'WED', '9.00', '5.00', 21, '2015-10-09 15:12:23', '2015-10-09 15:12:23'),
(482, 'THU', '9.00', '5.00', 21, '2015-10-09 15:12:23', '2015-10-09 15:12:23'),
(483, 'FRI', '9.00', '5.00', 21, '2015-10-09 15:12:23', '2015-10-09 15:12:23'),
(484, 'SAT', '9.00', '5.00', 21, '2015-10-09 15:12:23', '2015-10-09 15:12:23'),
(485, 'SUN', '9.00', '5.00', 21, '2015-10-09 15:12:23', '2015-10-09 15:12:23'),
(486, 'MON', '9.00', '5.00', 22, '2015-10-09 15:12:23', '2015-10-09 15:12:23'),
(487, 'TUE', '9.00', '5.00', 22, '2015-10-09 15:12:23', '2015-10-09 15:12:23'),
(488, 'WED', '9.00', '5.00', 22, '2015-10-09 15:12:23', '2015-10-09 15:12:23'),
(489, 'THU', '9.00', '5.00', 22, '2015-10-09 15:12:23', '2015-10-09 15:12:23'),
(490, 'FRI', '9.00', '5.00', 22, '2015-10-09 15:12:23', '2015-10-09 15:12:23'),
(491, 'SAT', '9.00', '5.00', 22, '2015-10-09 15:12:23', '2015-10-09 15:12:23'),
(492, 'SUN', '9.00', '5.00', 22, '2015-10-09 15:12:23', '2015-10-09 15:12:23'),
(493, 'MON', '9.00', '5.00', 23, '2015-10-09 15:12:23', '2015-10-09 15:12:23'),
(494, 'TUE', '9.00', '5.00', 23, '2015-10-09 15:12:23', '2015-10-09 15:12:23'),
(495, 'WED', '9.00', '5.00', 23, '2015-10-09 15:12:23', '2015-10-09 15:12:23'),
(496, 'THU', '9.00', '5.00', 23, '2015-10-09 15:12:23', '2015-10-09 15:12:23'),
(497, 'FRI', '9.00', '5.00', 23, '2015-10-09 15:12:23', '2015-10-09 15:12:23'),
(498, 'SAT', '9.00', '5.00', 23, '2015-10-09 15:12:23', '2015-10-09 15:12:23'),
(499, 'SUN', '9.00', '5.00', 23, '2015-10-09 15:12:23', '2015-10-09 15:12:23'),
(500, 'MON', '9.00', '5.00', 24, '2015-10-09 15:12:23', '2015-10-09 15:12:23'),
(501, 'TUE', '9.00', '5.00', 24, '2015-10-09 15:12:24', '2015-10-09 15:12:24'),
(502, 'WED', '9.00', '5.00', 24, '2015-10-09 15:12:24', '2015-10-09 15:12:24'),
(503, 'THU', '9.00', '5.00', 24, '2015-10-09 15:12:24', '2015-10-09 15:12:24'),
(504, 'FRI', '9.00', '5.00', 24, '2015-10-09 15:12:24', '2015-10-09 15:12:24'),
(505, 'SAT', '9.00', '5.00', 24, '2015-10-09 15:12:24', '2015-10-09 15:12:24'),
(506, 'SUN', '9.00', '5.00', 24, '2015-10-09 15:12:24', '2015-10-09 15:12:24'),
(507, 'MON', '9.00', '5.00', 25, '2015-10-09 15:12:24', '2015-10-09 15:12:24'),
(508, 'TUE', '9.00', '5.00', 25, '2015-10-09 15:12:24', '2015-10-09 15:12:24'),
(509, 'WED', '9.00', '5.00', 25, '2015-10-09 15:12:24', '2015-10-09 15:12:24'),
(510, 'THU', '9.00', '5.00', 25, '2015-10-09 15:12:24', '2015-10-09 15:12:24'),
(511, 'FRI', '9.00', '5.00', 25, '2015-10-09 15:12:24', '2015-10-09 15:12:24'),
(512, 'SAT', '9.00', '5.00', 25, '2015-10-09 15:12:24', '2015-10-09 15:12:24'),
(513, 'SUN', '9.00', '5.00', 25, '2015-10-09 15:12:24', '2015-10-09 15:12:24'),
(514, 'MON', '9.00', '5.00', 29, '2015-10-09 15:12:24', '2015-10-09 15:12:24'),
(515, 'TUE', '9.00', '5.00', 29, '2015-10-09 15:12:24', '2015-10-09 15:12:24'),
(516, 'WED', '9.00', '5.00', 29, '2015-10-09 15:12:24', '2015-10-09 15:12:24'),
(517, 'THU', '9.00', '5.00', 29, '2015-10-09 15:12:24', '2015-10-09 15:12:24'),
(518, 'FRI', '9.00', '5.00', 29, '2015-10-09 15:12:24', '2015-10-09 15:12:24'),
(519, 'SAT', '9.00', '5.00', 29, '2015-10-09 15:12:24', '2015-10-09 15:12:24'),
(520, 'SUN', '9.00', '5.00', 29, '2015-10-09 15:12:24', '2015-10-09 15:12:24'),
(521, 'MON', '9.00', '5.00', 1, '2015-10-09 15:17:12', '2015-10-09 15:17:12'),
(522, 'TUE', '9.00', '5.00', 1, '2015-10-09 15:17:12', '2015-10-09 15:17:12'),
(523, 'WED', '9.00', '5.00', 1, '2015-10-09 15:17:12', '2015-10-09 15:17:12'),
(524, 'THU', '9.00', '5.00', 1, '2015-10-09 15:17:12', '2015-10-09 15:17:12'),
(525, 'FRI', '9.00', '5.00', 1, '2015-10-09 15:17:12', '2015-10-09 15:17:12'),
(526, 'SAT', '9.00', '5.00', 1, '2015-10-09 15:17:12', '2015-10-09 15:17:12'),
(527, 'SUN', '9.00', '5.00', 1, '2015-10-09 15:17:12', '2015-10-09 15:17:12'),
(528, 'MON', '9.00', '5.00', 3, '2015-10-09 15:17:12', '2015-10-09 15:17:12'),
(529, 'TUE', '9.00', '5.00', 3, '2015-10-09 15:17:12', '2015-10-09 15:17:12'),
(530, 'WED', '9.00', '5.00', 3, '2015-10-09 15:17:12', '2015-10-09 15:17:12'),
(531, 'THU', '9.00', '5.00', 3, '2015-10-09 15:17:12', '2015-10-09 15:17:12'),
(532, 'FRI', '9.00', '5.00', 3, '2015-10-09 15:17:12', '2015-10-09 15:17:12'),
(533, 'SAT', '9.00', '5.00', 3, '2015-10-09 15:17:12', '2015-10-09 15:17:12'),
(534, 'SUN', '9.00', '5.00', 3, '2015-10-09 15:17:12', '2015-10-09 15:17:12'),
(535, 'MON', '9.00', '5.00', 8, '2015-10-09 15:17:13', '2015-10-09 15:17:13'),
(536, 'TUE', '9.00', '5.00', 8, '2015-10-09 15:17:13', '2015-10-09 15:17:13'),
(537, 'WED', '9.00', '5.00', 8, '2015-10-09 15:17:13', '2015-10-09 15:17:13'),
(538, 'THU', '9.00', '5.00', 8, '2015-10-09 15:17:13', '2015-10-09 15:17:13'),
(539, 'FRI', '9.00', '5.00', 8, '2015-10-09 15:17:13', '2015-10-09 15:17:13'),
(540, 'SAT', '9.00', '5.00', 8, '2015-10-09 15:17:13', '2015-10-09 15:17:13'),
(541, 'SUN', '9.00', '5.00', 8, '2015-10-09 15:17:13', '2015-10-09 15:17:13'),
(542, 'MON', '9.00', '5.00', 9, '2015-10-09 15:17:13', '2015-10-09 15:17:13'),
(543, 'TUE', '9.00', '5.00', 9, '2015-10-09 15:17:13', '2015-10-09 15:17:13'),
(544, 'WED', '9.00', '5.00', 9, '2015-10-09 15:17:13', '2015-10-09 15:17:13'),
(545, 'THU', '9.00', '5.00', 9, '2015-10-09 15:17:13', '2015-10-09 15:17:13'),
(546, 'FRI', '9.00', '5.00', 9, '2015-10-09 15:17:13', '2015-10-09 15:17:13'),
(547, 'SAT', '9.00', '5.00', 9, '2015-10-09 15:17:13', '2015-10-09 15:17:13'),
(548, 'SUN', '9.00', '5.00', 9, '2015-10-09 15:17:13', '2015-10-09 15:17:13'),
(549, 'MON', '9.00', '5.00', 11, '2015-10-09 15:17:13', '2015-10-09 15:17:13'),
(550, 'TUE', '9.00', '5.00', 11, '2015-10-09 15:17:13', '2015-10-09 15:17:13'),
(551, 'WED', '9.00', '5.00', 11, '2015-10-09 15:17:13', '2015-10-09 15:17:13'),
(552, 'THU', '9.00', '5.00', 11, '2015-10-09 15:17:13', '2015-10-09 15:17:13'),
(553, 'FRI', '9.00', '5.00', 11, '2015-10-09 15:17:13', '2015-10-09 15:17:13'),
(554, 'SAT', '9.00', '5.00', 11, '2015-10-09 15:17:13', '2015-10-09 15:17:13'),
(555, 'SUN', '9.00', '5.00', 11, '2015-10-09 15:17:14', '2015-10-09 15:17:14'),
(556, 'MON', '9.00', '5.00', 12, '2015-10-09 15:17:14', '2015-10-09 15:17:14'),
(557, 'TUE', '9.00', '5.00', 12, '2015-10-09 15:17:14', '2015-10-09 15:17:14'),
(558, 'WED', '9.00', '5.00', 12, '2015-10-09 15:17:14', '2015-10-09 15:17:14'),
(559, 'THU', '9.00', '5.00', 12, '2015-10-09 15:17:14', '2015-10-09 15:17:14'),
(560, 'FRI', '9.00', '5.00', 12, '2015-10-09 15:17:14', '2015-10-09 15:17:14'),
(561, 'SAT', '9.00', '5.00', 12, '2015-10-09 15:17:14', '2015-10-09 15:17:14'),
(562, 'SUN', '9.00', '5.00', 12, '2015-10-09 15:17:14', '2015-10-09 15:17:14'),
(563, 'MON', '9.00', '5.00', 15, '2015-10-09 15:17:14', '2015-10-09 15:17:14'),
(564, 'TUE', '9.00', '5.00', 15, '2015-10-09 15:17:14', '2015-10-09 15:17:14'),
(565, 'WED', '9.00', '5.00', 15, '2015-10-09 15:17:14', '2015-10-09 15:17:14'),
(566, 'THU', '9.00', '5.00', 15, '2015-10-09 15:17:14', '2015-10-09 15:17:14'),
(567, 'FRI', '9.00', '5.00', 15, '2015-10-09 15:17:14', '2015-10-09 15:17:14'),
(568, 'SAT', '9.00', '5.00', 15, '2015-10-09 15:17:14', '2015-10-09 15:17:14'),
(569, 'SUN', '9.00', '5.00', 15, '2015-10-09 15:17:14', '2015-10-09 15:17:14'),
(570, 'MON', '9.00', '5.00', 16, '2015-10-09 15:17:14', '2015-10-09 15:17:14'),
(571, 'TUE', '9.00', '5.00', 16, '2015-10-09 15:17:14', '2015-10-09 15:17:14'),
(572, 'WED', '9.00', '5.00', 16, '2015-10-09 15:17:14', '2015-10-09 15:17:14'),
(573, 'THU', '9.00', '5.00', 16, '2015-10-09 15:17:14', '2015-10-09 15:17:14'),
(574, 'FRI', '9.00', '5.00', 16, '2015-10-09 15:17:14', '2015-10-09 15:17:14'),
(575, 'SAT', '9.00', '5.00', 16, '2015-10-09 15:17:14', '2015-10-09 15:17:14'),
(576, 'SUN', '9.00', '5.00', 16, '2015-10-09 15:17:14', '2015-10-09 15:17:14'),
(577, 'MON', '9.00', '5.00', 17, '2015-10-09 15:17:14', '2015-10-09 15:17:14'),
(578, 'TUE', '9.00', '5.00', 17, '2015-10-09 15:17:14', '2015-10-09 15:17:14'),
(579, 'WED', '9.00', '5.00', 17, '2015-10-09 15:17:14', '2015-10-09 15:17:14'),
(580, 'THU', '9.00', '5.00', 17, '2015-10-09 15:17:14', '2015-10-09 15:17:14'),
(581, 'FRI', '9.00', '5.00', 17, '2015-10-09 15:17:15', '2015-10-09 15:17:15'),
(582, 'SAT', '9.00', '5.00', 17, '2015-10-09 15:17:15', '2015-10-09 15:17:15'),
(583, 'SUN', '9.00', '5.00', 17, '2015-10-09 15:17:15', '2015-10-09 15:17:15'),
(584, 'MON', '9.00', '5.00', 18, '2015-10-09 15:17:15', '2015-10-09 15:17:15'),
(585, 'TUE', '9.00', '5.00', 18, '2015-10-09 15:17:15', '2015-10-09 15:17:15'),
(586, 'WED', '9.00', '5.00', 18, '2015-10-09 15:17:15', '2015-10-09 15:17:15'),
(587, 'THU', '9.00', '5.00', 18, '2015-10-09 15:17:15', '2015-10-09 15:17:15'),
(588, 'FRI', '9.00', '5.00', 18, '2015-10-09 15:17:15', '2015-10-09 15:17:15'),
(589, 'SAT', '9.00', '5.00', 18, '2015-10-09 15:17:15', '2015-10-09 15:17:15'),
(590, 'SUN', '9.00', '5.00', 18, '2015-10-09 15:17:15', '2015-10-09 15:17:15'),
(591, 'MON', '9.00', '5.00', 19, '2015-10-09 15:17:15', '2015-10-09 15:17:15'),
(592, 'TUE', '9.00', '5.00', 19, '2015-10-09 15:17:15', '2015-10-09 15:17:15'),
(593, 'WED', '9.00', '5.00', 19, '2015-10-09 15:17:15', '2015-10-09 15:17:15'),
(594, 'THU', '9.00', '5.00', 19, '2015-10-09 15:17:15', '2015-10-09 15:17:15'),
(595, 'FRI', '9.00', '5.00', 19, '2015-10-09 15:17:15', '2015-10-09 15:17:15'),
(596, 'SAT', '9.00', '5.00', 19, '2015-10-09 15:17:15', '2015-10-09 15:17:15'),
(597, 'SUN', '9.00', '5.00', 19, '2015-10-09 15:17:15', '2015-10-09 15:17:15'),
(598, 'MON', '9.00', '5.00', 20, '2015-10-09 15:17:15', '2015-10-09 15:17:15'),
(599, 'TUE', '9.00', '5.00', 20, '2015-10-09 15:17:15', '2015-10-09 15:17:15'),
(600, 'WED', '9.00', '5.00', 20, '2015-10-09 15:17:15', '2015-10-09 15:17:15'),
(601, 'THU', '9.00', '5.00', 20, '2015-10-09 15:17:15', '2015-10-09 15:17:15'),
(602, 'FRI', '9.00', '5.00', 20, '2015-10-09 15:17:15', '2015-10-09 15:17:15'),
(603, 'SAT', '9.00', '5.00', 20, '2015-10-09 15:17:15', '2015-10-09 15:17:15'),
(604, 'SUN', '9.00', '5.00', 20, '2015-10-09 15:17:15', '2015-10-09 15:17:15'),
(605, 'MON', '9.00', '5.00', 21, '2015-10-09 15:17:15', '2015-10-09 15:17:15'),
(606, 'TUE', '9.00', '5.00', 21, '2015-10-09 15:17:15', '2015-10-09 15:17:15'),
(607, 'WED', '9.00', '5.00', 21, '2015-10-09 15:17:15', '2015-10-09 15:17:15'),
(608, 'THU', '9.00', '5.00', 21, '2015-10-09 15:17:15', '2015-10-09 15:17:15'),
(609, 'FRI', '9.00', '5.00', 21, '2015-10-09 15:17:16', '2015-10-09 15:17:16'),
(610, 'SAT', '9.00', '5.00', 21, '2015-10-09 15:17:16', '2015-10-09 15:17:16'),
(611, 'SUN', '9.00', '5.00', 21, '2015-10-09 15:17:16', '2015-10-09 15:17:16'),
(612, 'MON', '9.00', '5.00', 22, '2015-10-09 15:17:16', '2015-10-09 15:17:16'),
(613, 'TUE', '9.00', '5.00', 22, '2015-10-09 15:17:16', '2015-10-09 15:17:16'),
(614, 'WED', '9.00', '5.00', 22, '2015-10-09 15:17:16', '2015-10-09 15:17:16'),
(615, 'THU', '9.00', '5.00', 22, '2015-10-09 15:17:16', '2015-10-09 15:17:16'),
(616, 'FRI', '9.00', '5.00', 22, '2015-10-09 15:17:16', '2015-10-09 15:17:16'),
(617, 'SAT', '9.00', '5.00', 22, '2015-10-09 15:17:16', '2015-10-09 15:17:16'),
(618, 'SUN', '9.00', '5.00', 22, '2015-10-09 15:17:16', '2015-10-09 15:17:16'),
(619, 'MON', '9.00', '5.00', 23, '2015-10-09 15:17:16', '2015-10-09 15:17:16'),
(620, 'TUE', '9.00', '5.00', 23, '2015-10-09 15:17:16', '2015-10-09 15:17:16'),
(621, 'WED', '9.00', '5.00', 23, '2015-10-09 15:17:16', '2015-10-09 15:17:16'),
(622, 'THU', '9.00', '5.00', 23, '2015-10-09 15:17:16', '2015-10-09 15:17:16'),
(623, 'FRI', '9.00', '5.00', 23, '2015-10-09 15:17:16', '2015-10-09 15:17:16'),
(624, 'SAT', '9.00', '5.00', 23, '2015-10-09 15:17:16', '2015-10-09 15:17:16'),
(625, 'SUN', '9.00', '5.00', 23, '2015-10-09 15:17:16', '2015-10-09 15:17:16'),
(626, 'MON', '9.00', '5.00', 24, '2015-10-09 15:17:16', '2015-10-09 15:17:16'),
(627, 'TUE', '9.00', '5.00', 24, '2015-10-09 15:17:16', '2015-10-09 15:17:16'),
(628, 'WED', '9.00', '5.00', 24, '2015-10-09 15:17:16', '2015-10-09 15:17:16'),
(629, 'THU', '9.00', '5.00', 24, '2015-10-09 15:17:16', '2015-10-09 15:17:16'),
(630, 'FRI', '9.00', '5.00', 24, '2015-10-09 15:17:16', '2015-10-09 15:17:16'),
(631, 'SAT', '9.00', '5.00', 24, '2015-10-09 15:17:16', '2015-10-09 15:17:16'),
(632, 'SUN', '9.00', '5.00', 24, '2015-10-09 15:17:16', '2015-10-09 15:17:16'),
(633, 'MON', '9.00', '5.00', 25, '2015-10-09 15:17:16', '2015-10-09 15:17:16'),
(634, 'TUE', '9.00', '5.00', 25, '2015-10-09 15:17:16', '2015-10-09 15:17:16'),
(635, 'WED', '9.00', '5.00', 25, '2015-10-09 15:17:16', '2015-10-09 15:17:16'),
(636, 'THU', '9.00', '5.00', 25, '2015-10-09 15:17:16', '2015-10-09 15:17:16'),
(637, 'FRI', '9.00', '5.00', 25, '2015-10-09 15:17:16', '2015-10-09 15:17:16'),
(638, 'SAT', '9.00', '5.00', 25, '2015-10-09 15:17:17', '2015-10-09 15:17:17'),
(639, 'SUN', '9.00', '5.00', 25, '2015-10-09 15:17:17', '2015-10-09 15:17:17'),
(640, 'MON', '9.00', '5.00', 29, '2015-10-09 15:17:17', '2015-10-09 15:17:17'),
(641, 'TUE', '9.00', '5.00', 29, '2015-10-09 15:17:17', '2015-10-09 15:17:17'),
(642, 'WED', '9.00', '5.00', 29, '2015-10-09 15:17:17', '2015-10-09 15:17:17'),
(643, 'THU', '9.00', '5.00', 29, '2015-10-09 15:17:17', '2015-10-09 15:17:17'),
(644, 'FRI', '9.00', '5.00', 29, '2015-10-09 15:17:17', '2015-10-09 15:17:17'),
(645, 'SAT', '9.00', '5.00', 29, '2015-10-09 15:17:17', '2015-10-09 15:17:17'),
(646, 'SUN', '9.00', '5.00', 29, '2015-10-09 15:17:17', '2015-10-09 15:17:17'),
(647, 'MON', '9.00', '5.00', 1, '2015-10-09 15:18:07', '2015-10-09 15:18:07'),
(648, 'TUE', '9.00', '5.00', 1, '2015-10-09 15:18:07', '2015-10-09 15:18:07'),
(649, 'WED', '9.00', '5.00', 1, '2015-10-09 15:18:07', '2015-10-09 15:18:07'),
(650, 'THU', '9.00', '5.00', 1, '2015-10-09 15:18:07', '2015-10-09 15:18:07'),
(651, 'FRI', '9.00', '5.00', 1, '2015-10-09 15:18:08', '2015-10-09 15:18:08'),
(652, 'SAT', '9.00', '5.00', 1, '2015-10-09 15:18:08', '2015-10-09 15:18:08'),
(653, 'SUN', '9.00', '5.00', 1, '2015-10-09 15:18:08', '2015-10-09 15:18:08'),
(654, 'MON', '9.00', '5.00', 3, '2015-10-09 15:18:08', '2015-10-09 15:18:08'),
(655, 'TUE', '9.00', '5.00', 3, '2015-10-09 15:18:08', '2015-10-09 15:18:08'),
(656, 'WED', '9.00', '5.00', 3, '2015-10-09 15:18:08', '2015-10-09 15:18:08'),
(657, 'THU', '9.00', '5.00', 3, '2015-10-09 15:18:08', '2015-10-09 15:18:08'),
(658, 'FRI', '9.00', '5.00', 3, '2015-10-09 15:18:08', '2015-10-09 15:18:08');
INSERT INTO `business_hours` (`id`, `day`, `open_time`, `close_time`, `biz_id`, `created_at`, `updated_at`) VALUES
(659, 'SAT', '9.00', '5.00', 3, '2015-10-09 15:18:08', '2015-10-09 15:18:08'),
(660, 'SUN', '9.00', '5.00', 3, '2015-10-09 15:18:08', '2015-10-09 15:18:08'),
(661, 'MON', '9.00', '5.00', 8, '2015-10-09 15:18:08', '2015-10-09 15:18:08'),
(662, 'TUE', '9.00', '5.00', 8, '2015-10-09 15:18:08', '2015-10-09 15:18:08'),
(663, 'WED', '9.00', '5.00', 8, '2015-10-09 15:18:08', '2015-10-09 15:18:08'),
(664, 'THU', '9.00', '5.00', 8, '2015-10-09 15:18:08', '2015-10-09 15:18:08'),
(665, 'FRI', '9.00', '5.00', 8, '2015-10-09 15:18:08', '2015-10-09 15:18:08'),
(666, 'SAT', '9.00', '5.00', 8, '2015-10-09 15:18:08', '2015-10-09 15:18:08'),
(667, 'SUN', '9.00', '5.00', 8, '2015-10-09 15:18:08', '2015-10-09 15:18:08'),
(668, 'MON', '9.00', '5.00', 9, '2015-10-09 15:18:08', '2015-10-09 15:18:08'),
(669, 'TUE', '9.00', '5.00', 9, '2015-10-09 15:18:08', '2015-10-09 15:18:08'),
(670, 'WED', '9.00', '5.00', 9, '2015-10-09 15:18:08', '2015-10-09 15:18:08'),
(671, 'THU', '9.00', '5.00', 9, '2015-10-09 15:18:08', '2015-10-09 15:18:08'),
(672, 'FRI', '9.00', '5.00', 9, '2015-10-09 15:18:08', '2015-10-09 15:18:08'),
(673, 'SAT', '9.00', '5.00', 9, '2015-10-09 15:18:08', '2015-10-09 15:18:08'),
(674, 'SUN', '9.00', '5.00', 9, '2015-10-09 15:18:08', '2015-10-09 15:18:08'),
(675, 'MON', '9.00', '5.00', 11, '2015-10-09 15:18:08', '2015-10-09 15:18:08'),
(676, 'TUE', '9.00', '5.00', 11, '2015-10-09 15:18:08', '2015-10-09 15:18:08'),
(677, 'WED', '9.00', '5.00', 11, '2015-10-09 15:18:08', '2015-10-09 15:18:08'),
(678, 'THU', '9.00', '5.00', 11, '2015-10-09 15:18:08', '2015-10-09 15:18:08'),
(679, 'FRI', '9.00', '5.00', 11, '2015-10-09 15:18:08', '2015-10-09 15:18:08'),
(680, 'SAT', '9.00', '5.00', 11, '2015-10-09 15:18:09', '2015-10-09 15:18:09'),
(681, 'SUN', '9.00', '5.00', 11, '2015-10-09 15:18:09', '2015-10-09 15:18:09'),
(682, 'MON', '9.00', '5.00', 12, '2015-10-09 15:18:09', '2015-10-09 15:18:09'),
(683, 'TUE', '9.00', '5.00', 12, '2015-10-09 15:18:09', '2015-10-09 15:18:09'),
(684, 'WED', '9.00', '5.00', 12, '2015-10-09 15:18:09', '2015-10-09 15:18:09'),
(685, 'THU', '9.00', '5.00', 12, '2015-10-09 15:18:09', '2015-10-09 15:18:09'),
(686, 'FRI', '9.00', '5.00', 12, '2015-10-09 15:18:09', '2015-10-09 15:18:09'),
(687, 'SAT', '9.00', '5.00', 12, '2015-10-09 15:18:09', '2015-10-09 15:18:09'),
(688, 'SUN', '9.00', '5.00', 12, '2015-10-09 15:18:09', '2015-10-09 15:18:09'),
(689, 'MON', '9.00', '5.00', 15, '2015-10-09 15:18:09', '2015-10-09 15:18:09'),
(690, 'TUE', '9.00', '5.00', 15, '2015-10-09 15:18:09', '2015-10-09 15:18:09'),
(691, 'WED', '9.00', '5.00', 15, '2015-10-09 15:18:09', '2015-10-09 15:18:09'),
(692, 'THU', '9.00', '5.00', 15, '2015-10-09 15:18:09', '2015-10-09 15:18:09'),
(693, 'FRI', '9.00', '5.00', 15, '2015-10-09 15:18:09', '2015-10-09 15:18:09'),
(694, 'SAT', '9.00', '5.00', 15, '2015-10-09 15:18:09', '2015-10-09 15:18:09'),
(695, 'SUN', '9.00', '5.00', 15, '2015-10-09 15:18:09', '2015-10-09 15:18:09'),
(696, 'MON', '9.00', '5.00', 16, '2015-10-09 15:18:09', '2015-10-09 15:18:09'),
(697, 'TUE', '9.00', '5.00', 16, '2015-10-09 15:18:09', '2015-10-09 15:18:09'),
(698, 'WED', '9.00', '5.00', 16, '2015-10-09 15:18:09', '2015-10-09 15:18:09'),
(699, 'THU', '9.00', '5.00', 16, '2015-10-09 15:18:09', '2015-10-09 15:18:09'),
(700, 'FRI', '9.00', '5.00', 16, '2015-10-09 15:18:10', '2015-10-09 15:18:10'),
(701, 'SAT', '9.00', '5.00', 16, '2015-10-09 15:18:10', '2015-10-09 15:18:10'),
(702, 'SUN', '9.00', '5.00', 16, '2015-10-09 15:18:10', '2015-10-09 15:18:10'),
(703, 'MON', '9.00', '5.00', 17, '2015-10-09 15:18:10', '2015-10-09 15:18:10'),
(704, 'TUE', '9.00', '5.00', 17, '2015-10-09 15:18:10', '2015-10-09 15:18:10'),
(705, 'WED', '9.00', '5.00', 17, '2015-10-09 15:18:10', '2015-10-09 15:18:10'),
(706, 'THU', '9.00', '5.00', 17, '2015-10-09 15:18:10', '2015-10-09 15:18:10'),
(707, 'FRI', '9.00', '5.00', 17, '2015-10-09 15:18:10', '2015-10-09 15:18:10'),
(708, 'SAT', '9.00', '5.00', 17, '2015-10-09 15:18:10', '2015-10-09 15:18:10'),
(709, 'SUN', '9.00', '5.00', 17, '2015-10-09 15:18:10', '2015-10-09 15:18:10'),
(710, 'MON', '9.00', '5.00', 18, '2015-10-09 15:18:10', '2015-10-09 15:18:10'),
(711, 'TUE', '9.00', '5.00', 18, '2015-10-09 15:18:10', '2015-10-09 15:18:10'),
(712, 'WED', '9.00', '5.00', 18, '2015-10-09 15:18:10', '2015-10-09 15:18:10'),
(713, 'THU', '9.00', '5.00', 18, '2015-10-09 15:18:10', '2015-10-09 15:18:10'),
(714, 'FRI', '9.00', '5.00', 18, '2015-10-09 15:18:10', '2015-10-09 15:18:10'),
(715, 'SAT', '9.00', '5.00', 18, '2015-10-09 15:18:10', '2015-10-09 15:18:10'),
(716, 'SUN', '9.00', '5.00', 18, '2015-10-09 15:18:10', '2015-10-09 15:18:10'),
(717, 'MON', '9.00', '5.00', 19, '2015-10-09 15:18:10', '2015-10-09 15:18:10'),
(718, 'TUE', '9.00', '5.00', 19, '2015-10-09 15:18:10', '2015-10-09 15:18:10'),
(719, 'WED', '9.00', '5.00', 19, '2015-10-09 15:18:10', '2015-10-09 15:18:10'),
(720, 'THU', '9.00', '5.00', 19, '2015-10-09 15:18:10', '2015-10-09 15:18:10'),
(721, 'FRI', '9.00', '5.00', 19, '2015-10-09 15:18:10', '2015-10-09 15:18:10'),
(722, 'SAT', '9.00', '5.00', 19, '2015-10-09 15:18:10', '2015-10-09 15:18:10'),
(723, 'SUN', '9.00', '5.00', 19, '2015-10-09 15:18:10', '2015-10-09 15:18:10'),
(724, 'MON', '9.00', '5.00', 20, '2015-10-09 15:18:10', '2015-10-09 15:18:10'),
(725, 'TUE', '9.00', '5.00', 20, '2015-10-09 15:18:11', '2015-10-09 15:18:11'),
(726, 'WED', '9.00', '5.00', 20, '2015-10-09 15:18:11', '2015-10-09 15:18:11'),
(727, 'THU', '9.00', '5.00', 20, '2015-10-09 15:18:11', '2015-10-09 15:18:11'),
(728, 'FRI', '9.00', '5.00', 20, '2015-10-09 15:18:11', '2015-10-09 15:18:11'),
(729, 'SAT', '9.00', '5.00', 20, '2015-10-09 15:18:11', '2015-10-09 15:18:11'),
(730, 'SUN', '9.00', '5.00', 20, '2015-10-09 15:18:11', '2015-10-09 15:18:11'),
(731, 'MON', '9.00', '5.00', 21, '2015-10-09 15:18:11', '2015-10-09 15:18:11'),
(732, 'TUE', '9.00', '5.00', 21, '2015-10-09 15:18:11', '2015-10-09 15:18:11'),
(733, 'WED', '9.00', '5.00', 21, '2015-10-09 15:18:11', '2015-10-09 15:18:11'),
(734, 'THU', '9.00', '5.00', 21, '2015-10-09 15:18:11', '2015-10-09 15:18:11'),
(735, 'FRI', '9.00', '5.00', 21, '2015-10-09 15:18:11', '2015-10-09 15:18:11'),
(736, 'SAT', '9.00', '5.00', 21, '2015-10-09 15:18:11', '2015-10-09 15:18:11'),
(737, 'SUN', '9.00', '5.00', 21, '2015-10-09 15:18:11', '2015-10-09 15:18:11'),
(738, 'MON', '9.00', '5.00', 22, '2015-10-09 15:18:11', '2015-10-09 15:18:11'),
(739, 'TUE', '9.00', '5.00', 22, '2015-10-09 15:18:11', '2015-10-09 15:18:11'),
(740, 'WED', '9.00', '5.00', 22, '2015-10-09 15:18:11', '2015-10-09 15:18:11'),
(741, 'THU', '9.00', '5.00', 22, '2015-10-09 15:18:11', '2015-10-09 15:18:11'),
(742, 'FRI', '9.00', '5.00', 22, '2015-10-09 15:18:11', '2015-10-09 15:18:11'),
(743, 'SAT', '9.00', '5.00', 22, '2015-10-09 15:18:11', '2015-10-09 15:18:11'),
(744, 'SUN', '9.00', '5.00', 22, '2015-10-09 15:18:11', '2015-10-09 15:18:11'),
(745, 'MON', '9.00', '5.00', 23, '2015-10-09 15:18:11', '2015-10-09 15:18:11'),
(746, 'TUE', '9.00', '5.00', 23, '2015-10-09 15:18:11', '2015-10-09 15:18:11'),
(747, 'WED', '9.00', '5.00', 23, '2015-10-09 15:18:11', '2015-10-09 15:18:11'),
(748, 'THU', '9.00', '5.00', 23, '2015-10-09 15:18:11', '2015-10-09 15:18:11'),
(749, 'FRI', '9.00', '5.00', 23, '2015-10-09 15:18:11', '2015-10-09 15:18:11'),
(750, 'SAT', '9.00', '5.00', 23, '2015-10-09 15:18:11', '2015-10-09 15:18:11'),
(751, 'SUN', '9.00', '5.00', 23, '2015-10-09 15:18:11', '2015-10-09 15:18:11'),
(752, 'MON', '9.00', '5.00', 24, '2015-10-09 15:18:12', '2015-10-09 15:18:12'),
(753, 'TUE', '9.00', '5.00', 24, '2015-10-09 15:18:12', '2015-10-09 15:18:12'),
(754, 'WED', '9.00', '5.00', 24, '2015-10-09 15:18:12', '2015-10-09 15:18:12'),
(755, 'THU', '9.00', '5.00', 24, '2015-10-09 15:18:12', '2015-10-09 15:18:12'),
(756, 'FRI', '9.00', '5.00', 24, '2015-10-09 15:18:12', '2015-10-09 15:18:12'),
(757, 'SAT', '9.00', '5.00', 24, '2015-10-09 15:18:12', '2015-10-09 15:18:12'),
(758, 'SUN', '9.00', '5.00', 24, '2015-10-09 15:18:12', '2015-10-09 15:18:12'),
(759, 'MON', '9.00', '5.00', 25, '2015-10-09 15:18:12', '2015-10-09 15:18:12'),
(760, 'TUE', '9.00', '5.00', 25, '2015-10-09 15:18:12', '2015-10-09 15:18:12'),
(761, 'WED', '9.00', '5.00', 25, '2015-10-09 15:18:12', '2015-10-09 15:18:12'),
(762, 'THU', '9.00', '5.00', 25, '2015-10-09 15:18:12', '2015-10-09 15:18:12'),
(763, 'FRI', '9.00', '5.00', 25, '2015-10-09 15:18:12', '2015-10-09 15:18:12'),
(764, 'SAT', '9.00', '5.00', 25, '2015-10-09 15:18:12', '2015-10-09 15:18:12'),
(765, 'SUN', '9.00', '5.00', 25, '2015-10-09 15:18:12', '2015-10-09 15:18:12'),
(766, 'MON', '9.00', '5.00', 29, '2015-10-09 15:18:12', '2015-10-09 15:18:12'),
(767, 'TUE', '9.00', '5.00', 29, '2015-10-09 15:18:12', '2015-10-09 15:18:12'),
(768, 'WED', '9.00', '5.00', 29, '2015-10-09 15:18:12', '2015-10-09 15:18:12'),
(769, 'THU', '9.00', '5.00', 29, '2015-10-09 15:18:12', '2015-10-09 15:18:12'),
(770, 'FRI', '9.00', '5.00', 29, '2015-10-09 15:18:12', '2015-10-09 15:18:12'),
(771, 'SAT', '9.00', '5.00', 29, '2015-10-09 15:18:12', '2015-10-09 15:18:12'),
(772, 'SUN', '9.00', '5.00', 29, '2015-10-09 15:18:12', '2015-10-09 15:18:12'),
(773, 'MON', '9.00', '5.00', 34, '2015-11-04 16:57:02', '2015-11-04 16:57:02'),
(774, 'TUE', '9.00', '5.00', 34, '2015-11-04 16:57:02', '2015-11-04 16:57:02'),
(775, 'WED', '9.00', '5.00', 34, '2015-11-04 16:57:02', '2015-11-04 16:57:02'),
(776, 'THU', '9.00', '5.00', 34, '2015-11-04 16:57:02', '2015-11-04 16:57:02'),
(777, 'FRI', '9.00', '5.00', 34, '2015-11-04 16:57:02', '2015-11-04 16:57:02'),
(778, 'SAT', '9.00', '5.00', 34, '2015-11-04 16:57:02', '2015-11-04 16:57:02'),
(779, 'SUN', '9.00', '5.00', 34, '2015-11-04 16:57:02', '2015-11-04 16:57:02'),
(780, 'MON', '9.00', '5.00', 35, '2015-11-04 17:01:02', '2015-11-04 17:01:02'),
(781, 'TUE', '9.00', '5.00', 35, '2015-11-04 17:01:02', '2015-11-04 17:01:02'),
(782, 'WED', '9.00', '5.00', 35, '2015-11-04 17:01:02', '2015-11-04 17:01:02'),
(783, 'THU', '9.00', '5.00', 35, '2015-11-04 17:01:02', '2015-11-04 17:01:02'),
(784, 'FRI', '9.00', '5.00', 35, '2015-11-04 17:01:02', '2015-11-04 17:01:02'),
(785, 'SAT', '9.00', '5.00', 35, '2015-11-04 17:01:02', '2015-11-04 17:01:02'),
(786, 'SUN', '9.00', '5.00', 35, '2015-11-04 17:01:02', '2015-11-04 17:01:02'),
(787, 'MON', '9.00', '5.00', 36, '2015-11-04 17:07:23', '2015-11-04 17:07:23'),
(788, 'TUE', '9.00', '5.00', 36, '2015-11-04 17:07:23', '2015-11-04 17:07:23'),
(789, 'WED', '9.00', '5.00', 36, '2015-11-04 17:07:23', '2015-11-04 17:07:23'),
(790, 'THU', '9.00', '5.00', 36, '2015-11-04 17:07:23', '2015-11-04 17:07:23'),
(791, 'FRI', '9.00', '5.00', 36, '2015-11-04 17:07:23', '2015-11-04 17:07:23'),
(792, 'SAT', '9.00', '5.00', 36, '2015-11-04 17:07:23', '2015-11-04 17:07:23'),
(793, 'SUN', '9.00', '5.00', 36, '2015-11-04 17:07:23', '2015-11-04 17:07:23'),
(794, 'MON', '9.00', '5.00', 37, '2015-11-04 17:10:19', '2015-11-04 17:10:19'),
(795, 'TUE', '9.00', '5.00', 37, '2015-11-04 17:10:19', '2015-11-04 17:10:19'),
(796, 'WED', '9.00', '5.00', 37, '2015-11-04 17:10:19', '2015-11-04 17:10:19'),
(797, 'THU', '9.00', '5.00', 37, '2015-11-04 17:10:20', '2015-11-04 17:10:20'),
(798, 'FRI', '9.00', '5.00', 37, '2015-11-04 17:10:20', '2015-11-04 17:10:20'),
(799, 'SAT', '9.00', '5.00', 37, '2015-11-04 17:10:20', '2015-11-04 17:10:20'),
(800, 'SUN', '9.00', '5.00', 37, '2015-11-04 17:10:20', '2015-11-04 17:10:20'),
(801, 'MON', '9.00', '5.00', 39, '2015-11-04 17:21:43', '2015-11-04 17:21:43'),
(802, 'TUE', '9.00', '5.00', 39, '2015-11-04 17:21:43', '2015-11-04 17:21:43'),
(803, 'WED', '9.00', '5.00', 39, '2015-11-04 17:21:43', '2015-11-04 17:21:43'),
(804, 'THU', '9.00', '5.00', 39, '2015-11-04 17:21:43', '2015-11-04 17:21:43'),
(805, 'FRI', '9.00', '5.00', 39, '2015-11-04 17:21:43', '2015-11-04 17:21:43'),
(806, 'SAT', '9.00', '5.00', 39, '2015-11-04 17:21:43', '2015-11-04 17:21:43'),
(807, 'SUN', '9.00', '5.00', 39, '2015-11-04 17:21:43', '2015-11-04 17:21:43');

-- --------------------------------------------------------

--
-- Table structure for table `cats`
--

CREATE TABLE IF NOT EXISTS `cats` (
  `id` int(10) unsigned NOT NULL AUTO_INCREMENT,
  `name` varchar(200) NOT NULL,
  `image_class` varchar(100) NOT NULL,
  `meta_description` varchar(250) DEFAULT NULL,
  PRIMARY KEY (`id`),
  UNIQUE KEY `name` (`name`)
) ENGINE=InnoDB  DEFAULT CHARSET=latin1 AUTO_INCREMENT=46 ;

--
-- Dumping data for table `cats`
--

INSERT INTO `cats` (`id`, `name`, `image_class`, `meta_description`) VALUES
(2, 'Shopping', 'bicycle', ''),
(3, 'Sports & Leisure', 'futbol-o', 'Get all businesses in the Sports and Leisure category'),
(4, 'Restaurants', 'spoon', 'Great Restaurant around you'),
(5, 'Transportation', 'taxi', 'Check out Businesses under Bus transportation'),
(9, 'Arts And Entertainment', 'glass', 'Here this is it, use it oh,,'),
(10, 'cars', 'car', 'Automobiles'),
(11, 'Cars and factories', 'bus', 'Does this really exist'),
(12, 'Magnet producers', 'book', 'wow,,this is cool'),
(33, 'home furniture', 'home', 'home utencils here'),
(36, 'Cathering Services', 'spoon', 'Ndibiz stock all kinds of Cathering Services'),
(38, 'Shipping Services', 'ship', 'Get the trusted contacts of your trusted Shipping companies'),
(40, 'Education', 'briefcase', 'Check out all the businesses in our Education categories'),
(41, 'Electronics', 'television', 'Check out all the businesses in our Electronics category'),
(43, 'Bars', 'glass', 'Check out the businesses in these categories'),
(44, 'Banking and Finance', 'money', 'Get all the businesses in our Banking and Finance categories'),
(45, 'Accomodation services', 'home', 'Check all the listed businesses in our Accommodation services category');

-- --------------------------------------------------------

--
-- Table structure for table `favourites`
--

CREATE TABLE IF NOT EXISTS `favourites` (
  `id` int(10) unsigned NOT NULL AUTO_INCREMENT,
  `biz_id` int(10) unsigned NOT NULL,
  `user_id` int(10) unsigned NOT NULL,
  PRIMARY KEY (`id`)
) ENGINE=InnoDB  DEFAULT CHARSET=latin1 AUTO_INCREMENT=23 ;

--
-- Dumping data for table `favourites`
--

INSERT INTO `favourites` (`id`, `biz_id`, `user_id`) VALUES
(9, 3, 7),
(11, 8, 7),
(12, 20, 7),
(14, 3, 10),
(15, 8, 10),
(17, 22, 10),
(19, 9, 10),
(20, 12, 10),
(21, 1, 10),
(22, 1, 7);

-- --------------------------------------------------------

--
-- Table structure for table `lgas`
--

CREATE TABLE IF NOT EXISTS `lgas` (
  `id` int(10) unsigned NOT NULL AUTO_INCREMENT,
  `name` varchar(100) NOT NULL,
  `state_id` int(10) unsigned NOT NULL,
  PRIMARY KEY (`id`)
) ENGINE=InnoDB  DEFAULT CHARSET=latin1 AUTO_INCREMENT=123 ;

--
-- Dumping data for table `lgas`
--

INSERT INTO `lgas` (`id`, `name`, `state_id`) VALUES
(1, 'Kosofo', 25),
(2, 'Ikorodu', 25),
(3, 'Agege', 25),
(4, 'Alimosho', 25),
(5, 'Ikwuano', 1),
(6, 'Aba North', 1),
(7, 'Aba South', 1),
(8, 'Arochukwu', 1),
(9, 'Bende', 1),
(10, 'Isiala Ngwa North', 1),
(11, 'Isiala Ngwa South', 1),
(12, 'Isuikwuato', 1),
(13, 'Obi Ngwa', 1),
(14, 'Ohafia', 1),
(15, 'Osisioma Ngwa', 1),
(16, 'Ugwunagbo', 1),
(17, 'Ukwa East', 1),
(18, 'Ukwa West', 1),
(19, 'Umuahia North', 1),
(20, 'Umuahia South', 1),
(21, 'Umu Nneochi', 1),
(22, 'Abaji', 2),
(23, 'Abuja Municipal', 2),
(24, 'Bwari', 2),
(25, 'Gwagwalada', 2),
(26, 'Kuje', 2),
(27, 'Kwali', 2),
(28, 'Victoria Island', 25),
(29, 'Ikoyi', 25),
(30, 'Banana Island', 25),
(31, 'Lekki', 25),
(32, 'Demsa', 3),
(33, 'Fufore', 3),
(34, 'Ganye', 3),
(35, 'Girei', 3),
(36, 'Gombi', 3),
(37, 'Guyuk', 3),
(38, 'Hong', 3),
(39, 'Jada', 3),
(40, 'Lamurde', 3),
(41, 'Madagali', 3),
(42, 'Maiha', 3),
(43, 'Mayo-Belwa', 3),
(44, 'Michika', 3),
(45, 'Mubi North', 3),
(46, 'Mubi South', 3),
(47, 'Numan', 3),
(48, 'Shelleng', 3),
(49, 'Song', 3),
(50, 'Toungo', 3),
(51, 'Yola North', 3),
(52, 'Yola South', 3),
(53, 'Abak', 4),
(54, 'Eastern Obolo', 4),
(55, 'Eket', 4),
(56, 'Ibiono-Ibom', 4),
(57, 'Okobo', 4),
(58, 'Onna', 4),
(59, 'Oron', 4),
(60, 'Oruk Anam', 4),
(61, 'Ukanafun', 4),
(62, 'Udung-Uko', 4),
(63, 'Uruan', 4),
(64, 'Urue-Offong/Oruko', 4),
(65, 'Uyo', 4),
(66, 'Esit-Eket', 4),
(67, 'Ika', 4),
(68, 'Essien Udim', 4),
(69, 'Ikono', 4),
(70, 'Etim-Ekpo', 4),
(71, 'Ikot Abasi', 4),
(72, 'Etinan', 4),
(73, 'Ikot Ekpene', 4),
(74, 'Ibeno', 4),
(75, 'Ini', 4),
(76, 'Ibesikpo-Asutan', 4),
(77, 'Itu', 4),
(78, 'Mbo', 4),
(79, 'Mkpat-Enin', 4),
(80, 'Akowonjo', 25),
(81, 'Sango', 25),
(82, 'Ajegunle', 25),
(83, 'AJEROMI IFELODUN', 25),
(84, 'Apapa', 25),
(85, 'Amuwo Odofin', 25),
(86, 'Epe', 25),
(87, 'ITA-MARU', 25),
(88, 'IGBO-IFON', 25),
(89, 'SURULERE', 25),
(90, 'Ikota', 25),
(91, 'Ifako', 25),
(92, 'EBUTE-METTA', 25),
(93, 'MUSHIN', 25),
(94, 'OJO', 25),
(95, 'SHOMOLU', 25),
(96, 'Aguda', 25),
(97, 'Ejigbo', 25),
(98, 'Bariga', 25),
(111, 'state11', 39),
(112, 'state22', 39),
(113, 'state33', 39),
(118, 'plateau3', 32),
(119, 'plateau4', 32),
(120, 'Benin city', 13),
(121, 'Auchi', 13),
(122, 'Afuze', 13);

-- --------------------------------------------------------

--
-- Table structure for table `messages`
--

CREATE TABLE IF NOT EXISTS `messages` (
  `id` int(10) unsigned NOT NULL AUTO_INCREMENT,
  `name` varchar(100) NOT NULL,
  `email` varchar(100) NOT NULL,
  `website` varchar(200) NOT NULL,
  `comment` varchar(400) NOT NULL,
  `user_id` int(10) unsigned NOT NULL,
  PRIMARY KEY (`id`)
) ENGINE=InnoDB DEFAULT CHARSET=latin1 AUTO_INCREMENT=1 ;

-- --------------------------------------------------------

--
-- Table structure for table `migrations`
--

CREATE TABLE IF NOT EXISTS `migrations` (
  `migration` varchar(255) COLLATE utf8_unicode_ci NOT NULL,
  `batch` int(11) NOT NULL
) ENGINE=InnoDB DEFAULT CHARSET=utf8 COLLATE=utf8_unicode_ci;

--
-- Dumping data for table `migrations`
--

INSERT INTO `migrations` (`migration`, `batch`) VALUES
('2014_10_12_000000_create_users_table', 1),
('2014_10_12_100000_create_password_resets_table', 1),
('2015_07_31_225910_create_businessprofile_table', 1);

-- --------------------------------------------------------

--
-- Table structure for table `owner_details`
--

CREATE TABLE IF NOT EXISTS `owner_details` (
  `id` int(10) unsigned NOT NULL AUTO_INCREMENT,
  `user_id` int(10) unsigned NOT NULL,
  `biz_id` int(10) unsigned NOT NULL,
  `status` tinyint(2) NOT NULL DEFAULT '0',
  `created_at` datetime NOT NULL,
  `updated_at` timestamp NOT NULL,
  `ownership` tinyint(4) NOT NULL,
  PRIMARY KEY (`id`)
) ENGINE=InnoDB DEFAULT CHARSET=latin1 AUTO_INCREMENT=1 ;

-- --------------------------------------------------------

--
-- Table structure for table `password_resets`
--

CREATE TABLE IF NOT EXISTS `password_resets` (
  `email` varchar(255) COLLATE utf8_unicode_ci NOT NULL,
  `token` varchar(255) COLLATE utf8_unicode_ci NOT NULL,
  `created_at` timestamp NOT NULL DEFAULT '0000-00-00 00:00:00',
  KEY `password_resets_email_index` (`email`),
  KEY `password_resets_token_index` (`token`)
) ENGINE=InnoDB DEFAULT CHARSET=utf8 COLLATE=utf8_unicode_ci;

--
-- Dumping data for table `password_resets`
--

INSERT INTO `password_resets` (`email`, `token`, `created_at`) VALUES
('samizares@gmail.com', '420ba10abd74442a914b10b2def0c1821f4b0ed938a220226167e373ef58911d', '2015-10-07 13:21:31');

-- --------------------------------------------------------

--
-- Table structure for table `photos`
--

CREATE TABLE IF NOT EXISTS `photos` (
  `id` int(10) NOT NULL AUTO_INCREMENT,
  `path` int(11) NOT NULL,
  PRIMARY KEY (`id`)
) ENGINE=InnoDB DEFAULT CHARSET=latin1 AUTO_INCREMENT=1 ;

-- --------------------------------------------------------

--
-- Table structure for table `photo_user`
--

CREATE TABLE IF NOT EXISTS `photo_user` (
  `id` int(10) unsigned NOT NULL AUTO_INCREMENT,
  `user_id` int(10) unsigned NOT NULL,
  `path` varchar(100) NOT NULL,
  `created_at` datetime NOT NULL,
  `updated_at` timestamp NOT NULL,
  PRIMARY KEY (`id`)
) ENGINE=InnoDB  DEFAULT CHARSET=latin1 AUTO_INCREMENT=26 ;

--
-- Dumping data for table `photo_user`
--

INSERT INTO `photo_user` (`id`, `user_id`, `path`, `created_at`, `updated_at`) VALUES
(1, 10, '/users/photos/1449666157(1).JPG', '2015-12-09 14:02:37', '2015-12-09 13:02:37'),
(2, 10, '/users/photos/1449666207(9).jpg', '2015-12-09 14:03:27', '2015-12-09 13:03:27'),
(3, 10, '/users/photos/1449666208(4).jpg', '2015-12-09 14:03:28', '2015-12-09 13:03:28'),
(4, 10, '/users/photos/1449666209(1).JPG', '2015-12-09 14:03:29', '2015-12-09 13:03:29'),
(5, 12, '/users/photos/1449763728bg2.jpg', '2015-12-10 17:08:48', '2015-12-10 16:08:48'),
(6, 12, '/users/photos/1449763729bg1.jpg', '2015-12-10 17:08:49', '2015-12-10 16:08:49'),
(7, 12, '/users/photos/1449763729bg4.jpg', '2015-12-10 17:08:50', '2015-12-10 16:08:50'),
(8, 7, '/users/photos/1449766311DSC_0009.JPG', '2015-12-10 17:51:51', '2015-12-10 16:51:51'),
(9, 7, '/users/photos/1449766323DSC_0013.JPG', '2015-12-10 17:52:03', '2015-12-10 16:52:03'),
(10, 10, '/users/photos/1449766539sammy-6.JPG', '2015-12-10 17:55:39', '2015-12-10 16:55:39'),
(11, 7, '/users/photos/1449766782(8).jpg', '2015-12-10 17:59:42', '2015-12-10 16:59:42'),
(12, 7, '/users/photos/1449766883576034_10151402169618964_38533247_n.jpg', '2015-12-10 18:01:23', '2015-12-10 17:01:23'),
(17, 7, '/users/photos/1449768461(1).JPG', '2015-12-10 18:27:41', '2015-12-10 17:27:41'),
(22, 7, '/users/photos/14497799581.JPG', '2015-12-10 21:39:18', '2015-12-10 20:39:18'),
(23, 7, '/users/photos/14497799593.JPG', '2015-12-10 21:39:19', '2015-12-10 20:39:19'),
(24, 7, '/users/photos/14497799609.JPG', '2015-12-10 21:39:20', '2015-12-10 20:39:20'),
(25, 7, '/users/photos/14498151683.JPG', '2015-12-11 07:26:09', '2015-12-11 06:26:09');

-- --------------------------------------------------------

--
-- Table structure for table `profile_photos`
--

CREATE TABLE IF NOT EXISTS `profile_photos` (
  `id` int(10) unsigned NOT NULL AUTO_INCREMENT,
  `image` varchar(200) COLLATE utf8_unicode_ci NOT NULL,
  `user_id` int(10) unsigned NOT NULL,
  `created_at` timestamp NOT NULL DEFAULT '0000-00-00 00:00:00',
  `updated_at` timestamp NOT NULL DEFAULT '0000-00-00 00:00:00',
  PRIMARY KEY (`id`),
  KEY `profile_photos_user_id_foreign` (`user_id`)
) ENGINE=InnoDB  DEFAULT CHARSET=utf8 COLLATE=utf8_unicode_ci AUTO_INCREMENT=11 ;

--
-- Dumping data for table `profile_photos`
--

INSERT INTO `profile_photos` (`id`, `image`, `user_id`, `created_at`, `updated_at`) VALUES
(9, 'biz/profile/1449826157(1).JPG', 7, '2015-12-11 09:26:09', '2015-12-11 09:29:17'),
(10, 'biz/profile/144982660820110201_011.jpg', 12, '2015-12-11 09:36:48', '2015-12-11 09:36:48');

-- --------------------------------------------------------

--
-- Table structure for table `reviews`
--

CREATE TABLE IF NOT EXISTS `reviews` (
  `id` int(10) unsigned NOT NULL AUTO_INCREMENT,
  `biz_id` int(10) unsigned NOT NULL,
  `user_id` int(10) unsigned NOT NULL,
  `rating` int(10) NOT NULL,
  `comment` text NOT NULL,
  `approved` tinyint(1) unsigned NOT NULL DEFAULT '1',
  `spam` tinyint(1) unsigned NOT NULL DEFAULT '0',
  `created_at` datetime NOT NULL,
  `updated_at` datetime NOT NULL,
  PRIMARY KEY (`id`)
) ENGINE=InnoDB  DEFAULT CHARSET=latin1 AUTO_INCREMENT=12 ;

--
-- Dumping data for table `reviews`
--

INSERT INTO `reviews` (`id`, `biz_id`, `user_id`, `rating`, `comment`, `approved`, `spam`, `created_at`, `updated_at`) VALUES
(1, 1, 7, 4, 'This is gonna work oh', 1, 0, '2015-10-08 16:21:15', '2015-10-08 16:21:15'),
(2, 1, 10, 5, 'This is 10/10, a very good site', 1, 0, '2015-10-08 16:44:57', '2015-10-08 16:44:57'),
(5, 3, 7, 4, 'This should go', 1, 0, '2015-10-09 00:00:36', '2015-10-09 00:00:36'),
(6, 3, 10, 5, 'This would go to,, great business', 1, 0, '2015-10-09 00:01:39', '2015-10-09 00:01:39'),
(7, 3, 7, 4, 'This will not go', 1, 0, '2015-10-09 00:36:20', '2015-10-09 00:36:20'),
(8, 9, 7, 4, 'I love this business', 1, 0, '2015-10-09 16:24:46', '2015-10-09 16:24:46'),
(9, 9, 7, 4, 'Yeah, i got this,,', 1, 0, '2015-10-09 16:49:10', '2015-10-09 16:49:10'),
(10, 9, 10, 4, 'The business delivery area is awesome', 1, 0, '2015-11-04 12:03:30', '2015-11-04 12:03:30'),
(11, 12, 10, 4, 'Awesome response time and customer service,,', 1, 0, '2015-11-04 12:05:09', '2015-11-04 12:05:09');

-- --------------------------------------------------------

--
-- Table structure for table `states`
--

CREATE TABLE IF NOT EXISTS `states` (
  `id` int(10) unsigned NOT NULL AUTO_INCREMENT,
  `name` varchar(100) NOT NULL,
  PRIMARY KEY (`id`)
) ENGINE=InnoDB  DEFAULT CHARSET=latin1 AUTO_INCREMENT=40 ;

--
-- Dumping data for table `states`
--

INSERT INTO `states` (`id`, `name`) VALUES
(1, 'Abia'),
(2, 'Abuja'),
(3, 'Adamawa'),
(4, 'Akwa Ibom'),
(5, 'Anambra'),
(6, 'Bauchi'),
(7, 'Bayelsa'),
(8, 'Benue'),
(9, 'Borno'),
(10, 'Cross River'),
(11, 'Delta'),
(12, 'Ebonyi'),
(13, 'Edo'),
(14, 'Ekiti'),
(15, 'Enugu'),
(16, 'Gombe'),
(17, 'Imo'),
(18, 'Jigawa'),
(19, 'Kaduna'),
(20, 'Kano'),
(21, 'Katsina'),
(22, 'Kebbi'),
(23, 'Kogi'),
(24, 'Kwara'),
(25, 'Lagos'),
(26, 'Nasarawa'),
(27, 'Niger'),
(28, 'Ogun'),
(29, 'Ondo'),
(30, 'Osun'),
(31, 'Oyo'),
(32, 'Plateau'),
(33, 'Rivers'),
(34, 'Sokoto'),
(35, 'Taraba'),
(36, 'Yobe'),
(37, 'Zamfara'),
(39, 'newState2');

-- --------------------------------------------------------

--
-- Table structure for table `subcategory`
--

CREATE TABLE IF NOT EXISTS `subcategory` (
  `id` int(10) unsigned NOT NULL AUTO_INCREMENT,
  `name` varchar(100) NOT NULL,
  PRIMARY KEY (`id`)
) ENGINE=InnoDB  DEFAULT CHARSET=latin1 AUTO_INCREMENT=166 ;

--
-- Dumping data for table `subcategory`
--

INSERT INTO `subcategory` (`id`, `name`) VALUES
(1, 'phone'),
(2, 'battery-full'),
(3, 'black-tie'),
(4, 'commenting'),
(5, 'hourglass'),
(6, 'industry'),
(7, 'map'),
(8, 'map-pin'),
(9, 'mouse-pointer'),
(10, 'opencart'),
(11, 'register'),
(12, 'television'),
(13, 'trademark'),
(14, 'asterisk'),
(15, 'bed'),
(16, 'bear'),
(17, 'bell'),
(18, 'birthday-cake'),
(19, 'bicycle'),
(20, 'book'),
(21, 'briefcase'),
(22, 'bookmark'),
(23, 'building'),
(24, 'bullhorn'),
(25, 'bus'),
(26, 'calender'),
(27, 'camera'),
(28, 'car'),
(29, 'cartificate'),
(30, 'check'),
(31, 'child'),
(32, 'clock-o'),
(33, 'clone'),
(34, 'close'),
(35, 'cloud'),
(36, 'code'),
(37, 'coffee'),
(38, 'cogs'),
(39, 'comment'),
(40, 'compass'),
(41, 'copyright'),
(42, 'credit-card'),
(43, 'cutlery'),
(44, 'dashboard'),
(45, 'database'),
(46, 'desktop'),
(47, 'diamond'),
(48, 'download'),
(49, 'edit'),
(50, 'envelope'),
(51, 'exchange'),
(52, 'eye'),
(53, 'eyedropper'),
(54, 'fax'),
(55, 'female'),
(56, 'fighter-jet'),
(57, 'film'),
(58, 'filter'),
(59, 'fire'),
(60, 'fire-extinguisher'),
(61, 'flag'),
(62, 'flash'),
(63, 'flask'),
(64, 'folder'),
(65, 'futbol-o'),
(66, 'gamepad'),
(67, 'gavel'),
(68, 'gears'),
(69, 'gift'),
(70, 'glass'),
(71, 'globe'),
(72, 'graduation-cap'),
(73, 'group'),
(74, 'handpointer-o'),
(75, 'hdd-o'),
(76, 'headphones'),
(77, 'heart'),
(78, 'home'),
(79, 'hotel'),
(80, 'hourglass'),
(81, 'image'),
(82, 'inbox'),
(83, 'info'),
(84, 'institution'),
(85, 'key'),
(86, 'keyboard-0'),
(87, 'laptop'),
(88, 'leaf'),
(89, 'legal'),
(90, 'lightbulb-o'),
(91, 'location-arrow'),
(92, 'lock'),
(93, 'male'),
(94, 'map-marker'),
(95, 'microphone'),
(96, 'mobile'),
(97, 'money'),
(98, 'moon-o'),
(99, 'motocycle'),
(100, 'music'),
(101, 'newspaper-o'),
(102, 'paint-brush'),
(103, 'pencil'),
(104, 'phone'),
(105, 'photo'),
(106, 'pie-chart'),
(107, 'plane'),
(108, 'plug'),
(109, 'plus'),
(110, 'power-off'),
(111, 'print'),
(112, 'question'),
(113, 'recycle'),
(114, 'refresh'),
(115, 'registered'),
(116, 'remove'),
(117, 'retweet'),
(118, 'road'),
(119, 'rocket'),
(120, 'search'),
(121, 'server'),
(122, 'shield'),
(123, 'ship'),
(124, 'shopping-cart'),
(125, 'signal'),
(126, 'spoon'),
(127, 'medkit'),
(128, 'star'),
(129, 'suitcase'),
(130, 'tablet'),
(131, 'tag'),
(132, 'taxi'),
(133, 'ticket'),
(134, 'trademark'),
(135, 'trash'),
(136, 'tree'),
(137, 'trophy'),
(138, 'truck'),
(139, 'umbrella'),
(140, 'university'),
(141, 'upload'),
(142, 'user'),
(143, 'video-camera'),
(144, 'volume-up'),
(145, 'wheelchair'),
(146, 'wifi'),
(147, 'ambulance'),
(148, 'train'),
(149, 'file'),
(150, 'cc-visa'),
(151, 'paypal'),
(152, 'dollar'),
(153, 'euro'),
(154, 'gbp'),
(155, 'floppy'),
(156, 'andriod'),
(157, 'apple'),
(158, 'facebook'),
(159, 'google'),
(160, 'instagram'),
(161, 'windows'),
(162, 'youtube'),
(163, 'soundcloud'),
(164, 'skype'),
(165, 'cc-mastercard');

-- --------------------------------------------------------

--
-- Table structure for table `sub_cats`
--

CREATE TABLE IF NOT EXISTS `sub_cats` (
  `id` int(10) unsigned NOT NULL AUTO_INCREMENT,
  `name` varchar(200) NOT NULL,
  `cat_id` int(10) unsigned NOT NULL,
  `image_class` varchar(100) NOT NULL,
  PRIMARY KEY (`id`),
  UNIQUE KEY `name` (`name`)
) ENGINE=InnoDB  DEFAULT CHARSET=latin1 AUTO_INCREMENT=146 ;

--
-- Dumping data for table `sub_cats`
--

INSERT INTO `sub_cats` (`id`, `name`, `cat_id`, `image_class`) VALUES
(31, 'sodium', 12, 'question'),
(44, 'spoons', 33, 'spoon'),
(45, 'table', 33, 'spoon'),
(46, 'tee', 33, 'spoon'),
(47, 'spoon', 33, 'spoon'),
(48, 'benz factories', 11, 'car'),
(49, 'volkswagon', 11, 'car'),
(59, 'car dealers', 10, 'car'),
(60, 'car wash', 10, 'car'),
(61, 'mini mart', 10, 'edit'),
(67, 'cake services', 36, 'birthday-cake'),
(68, 'events food rental', 36, 'spoon'),
(69, 'baking experts', 36, 'birthday-cake'),
(80, 'clearing', 38, ''),
(81, 'clearing and forwarding', 38, ''),
(82, 'web programming', 40, ''),
(83, 'Networking', 40, ''),
(84, 'computer hardware', 40, ''),
(107, 'colours', 9, ''),
(108, 'creativity', 9, ''),
(109, 'great', 9, ''),
(110, 'new', 9, ''),
(111, 'wiser', 9, ''),
(112, 'newer', 9, ''),
(113, 'great clothes', 2, ''),
(114, 'fashinable items', 2, ''),
(115, 'gym', 3, ''),
(116, 'gym equipment', 3, ''),
(117, 'body building', 3, ''),
(118, 'Delivery services', 5, ''),
(119, 'Cabs', 5, ''),
(120, 'Travel buses', 5, ''),
(121, 'flight services', 5, ''),
(122, 'African dish', 4, ''),
(123, 'mamaput', 4, ''),
(124, 'Continental dishes', 4, ''),
(125, 'Chinese cuisines', 4, ''),
(126, 'Calabar kitchen', 4, ''),
(127, 'clubs', 43, ''),
(128, 'Nightlife', 43, ''),
(129, 'pubs', 43, ''),
(130, 'Karaoke night', 43, ''),
(131, 'Life Band', 43, ''),
(132, 'Loans', 44, ''),
(133, 'mortagage', 44, ''),
(134, 'Banking services', 44, ''),
(135, 'Home financing', 44, ''),
(136, 'Hotel services', 45, ''),
(137, 'short-let', 45, ''),
(138, 'Housing agents', 45, ''),
(139, 'DVD', 41, ''),
(140, 'Home theatre', 41, ''),
(141, 'Televison', 41, ''),
(142, 'Air Conditioners(AC)', 41, ''),
(143, 'Fridges', 41, ''),
(144, 'Washing Machine', 41, ''),
(145, 'Fans', 41, '');

-- --------------------------------------------------------

--
-- Table structure for table `users`
--

CREATE TABLE IF NOT EXISTS `users` (
  `id` int(10) unsigned NOT NULL AUTO_INCREMENT,
  `name` varchar(255) COLLATE utf8_unicode_ci NOT NULL,
  `username` varchar(255) COLLATE utf8_unicode_ci NOT NULL,
  `email` varchar(255) COLLATE utf8_unicode_ci NOT NULL,
  `password` varchar(60) COLLATE utf8_unicode_ci NOT NULL,
  `confirmation_code` varchar(255) COLLATE utf8_unicode_ci NOT NULL,
  `confirmed` tinyint(1) NOT NULL DEFAULT '0',
  `admin` tinyint(1) NOT NULL DEFAULT '0',
  `remember_token` varchar(100) COLLATE utf8_unicode_ci DEFAULT NULL,
  `created_at` timestamp NOT NULL DEFAULT '0000-00-00 00:00:00',
  `updated_at` timestamp NOT NULL DEFAULT '0000-00-00 00:00:00',
  `deleted_at` timestamp NULL DEFAULT NULL,
  `notify` tinyint(1) NOT NULL DEFAULT '1',
  PRIMARY KEY (`id`),
  UNIQUE KEY `users_username_unique` (`username`),
  UNIQUE KEY `users_email_unique` (`email`)
) ENGINE=InnoDB  DEFAULT CHARSET=utf8 COLLATE=utf8_unicode_ci AUTO_INCREMENT=15 ;

--
-- Dumping data for table `users`
--

INSERT INTO `users` (`id`, `name`, `username`, `email`, `password`, `confirmation_code`, `confirmed`, `admin`, `remember_token`, `created_at`, `updated_at`, `deleted_at`, `notify`) VALUES
(7, '', 'samizares1', 'samizares@hotmail.com', '$2y$10$wKoP0dgXzogJOLwOiq4YXeJuHZ2Cf3zM8xp3DCulbLNz8QI7Z47NS', '', 1, 1, 'vqfFEzjNBedoF6YXl558NzDGPIhDQ99GltXYhwWXVAZhTnKX0YJEL7WHbSzN', '2015-08-04 10:37:00', '2015-12-10 15:27:20', NULL, 1),
(10, '', 'sammylee', 'samizares@gmail.com', '$2y$10$wbNf3Oo3Om9RflheTdLpKeZjo5BZPxnOirE5qpbelwGP0jbQZbvDK', '', 1, 1, 'g5fTyjMUfi2wuGdgUUw5tM4m0AamWVxgxtiJKxlotUt9iYL541KDUyf44B2G', '2015-08-13 05:15:24', '2015-12-10 16:06:58', NULL, 1),
(11, 'the great', 'The greatSeller22', 'yahooman@yahoo.com', '$2y$10$PirU6vYKETTSZjptoP9LHefBGN9U7MJV7Ij8QrKw4n1XbJrG6EUmW', 'qUUcMnay9rjgcm43BsHivniI1yYSOMyahooman@yahoo.com', 0, 0, 'DuB0TBSVmfmMg6JAu1RVk9lnwiLgj1WWkN622BdHy39fdUEfN5VIx6NXyRMD', '2015-11-03 11:10:26', '2015-12-07 08:38:22', NULL, 1),
(12, '', 'Desmond', 'desmond@gmail.com', '$2y$10$AhLLwJSKoNOq4iKRyE3lRuepmun.rRB6C6VekbC7Q1VhksGnu63lq', '3osgoi7SbcOs23xPkCMWN5jMF1BXKXdesmond@gmail.com', 1, 0, 'MMYJRKItsLQMuSIi7fCDGq30emFBUKmL67adlsQ85ZNckS90h2MqaJyqewjd', '2015-11-03 12:06:29', '2015-12-10 16:30:56', NULL, 1),
(13, '', 'Alaji', 'alhaji@gmail.com', '$2y$10$AzRRaYzLTeetDSWfIqFmqueUOxP8ocSq9ZJ5ItMJouLZ.0fsInGxa', 'uOUbCXGi4vcmaGOe00qgWp3iE8Nhx8alhaji@gmail.com', 0, 0, NULL, '2015-11-03 12:24:32', '2015-11-03 12:24:32', NULL, 1),
(14, '', 'Nonso', 'nonso@gmail.com', '$2y$10$qzn/mhT8K5PMRlXBJFk2zO9cNRqTuRqMZ4IUJkKUGDbbP0vTNrxDq', 'MppJjSP8cbnC9179i3R60Iem0dGcINnonso@gmail.com', 0, 0, NULL, '2015-11-03 12:25:30', '2015-11-03 12:25:30', NULL, 1);

--
-- Constraints for dumped tables
--

--
-- Constraints for table `address`
--
ALTER TABLE `address`
  ADD CONSTRAINT `address_ibfk_1` FOREIGN KEY (`id`) REFERENCES `states` (`id`);

/*!40101 SET CHARACTER_SET_CLIENT=@OLD_CHARACTER_SET_CLIENT */;
/*!40101 SET CHARACTER_SET_RESULTS=@OLD_CHARACTER_SET_RESULTS */;
/*!40101 SET COLLATION_CONNECTION=@OLD_COLLATION_CONNECTION */;
