-- phpMyAdmin SQL Dump
-- version 4.1.14
-- http://www.phpmyadmin.net
--
-- Host: 127.0.0.1
-- Generation Time: Feb 10, 2016 at 08:44 PM
-- Server version: 5.6.17
-- PHP Version: 5.5.12

SET SQL_MODE = "NO_AUTO_VALUE_ON_ZERO";
SET time_zone = "+00:00";


/*!40101 SET @OLD_CHARACTER_SET_CLIENT=@@CHARACTER_SET_CLIENT */;
/*!40101 SET @OLD_CHARACTER_SET_RESULTS=@@CHARACTER_SET_RESULTS */;
/*!40101 SET @OLD_COLLATION_CONNECTION=@@COLLATION_CONNECTION */;
/*!40101 SET NAMES utf8 */;

--
-- Database: `ndibiz`
--

-- --------------------------------------------------------

--
-- Table structure for table `address`
--

CREATE TABLE IF NOT EXISTS `address` (
  `id` int(10) unsigned NOT NULL AUTO_INCREMENT,
  `street` text NOT NULL,
  `lga_id` int(10) unsigned NOT NULL,
  `state_id` int(10) unsigned NOT NULL,
  `biz_id` int(10) unsigned NOT NULL,
  `headquarter` tinyint(2) NOT NULL DEFAULT '1',
  `phone1` varchar(20) NOT NULL,
  `phone2` varchar(20) NOT NULL,
  `sortcode` int(8) DEFAULT NULL,
  `email` varchar(150) NOT NULL,
  PRIMARY KEY (`id`)
) ENGINE=InnoDB  DEFAULT CHARSET=latin1 AUTO_INCREMENT=43 ;

--
-- Dumping data for table `address`
--

INSERT INTO `address` (`id`, `street`, `lga_id`, `state_id`, `biz_id`, `headquarter`, `phone1`, `phone2`, `sortcode`, `email`) VALUES
(1, '5,omonile street, off shangisha', 2, 25, 1, 1, '08067654532', '08018956423', 0, 'samizares@gmail.com'),
(2, '10,uyi street,off Ikorodu street', 4, 25, 3, 1, '08023890848', '070284930533', 0, 'samizares@yahoo.com'),
(6, '10,omonile street off shangisha', 2, 25, 8, 1, '08048593847', '08023784953', 0, 'infobella@msn.com'),
(7, '34,notorious street', 1, 25, 9, 1, '08038948374', '08018394854', 0, 'info@zares.com'),
(10, '56,jemila street, off Alaroro', 9, 1, 12, 1, '08038475634', '08012847538', 0, 'info@shahshan.com'),
(12, '45,otodo street off yedheux', 26, 2, 15, 1, '08099987898', '08098989898', 0, 'info@twillight.com'),
(13, '45,adejomo street, off Elosa avenue', 21, 1, 16, 1, '08000987598', '08008987843', 0, 'info@angry.com'),
(14, '56,cofidencial road, off stayoff abenue', 4, 25, 17, 1, '080394873920', '080945869403', 0, 'info@frank.com'),
(15, '34,Winston churchii Avenue', 22, 2, 18, 1, '080938495943', '080938475893', 0, 'info@jane.com'),
(16, '98,Fadeyi street', 3, 25, 19, 1, '094049858493', '0847384945843', 0, 'info@meegan.com'),
(17, '56, Edumare street, of Ikosi', 4, 25, 20, 1, '034859038493', '084940394853', 0, 'info@mocat.com'),
(18, '34, etim Iyang crescent', 28, 25, 21, 1, '078490398433', '038490384950', 0, 'info@fredengines.com'),
(19, '34,Toyin street', 31, 25, 22, 1, '090494859445', '080284894950', 0, 'info@newbank.com'),
(20, '23, shangisha, off Association Avenue', 1, 25, 23, 1, '09404958493', '09484903948', 0, 'info@anncong.com'),
(21, '23, spare parts road,Spare parts market', 84, 25, 24, 1, '089505895849', '086949585943', 0, 'info@alade.com'),
(22, '47,total crescent, off Abulegba street', 94, 25, 25, 1, '08474847583', '03748494059', 0, 'info@sammytesting.com'),
(26, '32,Abraham Adosanya crescent, Off Mutiu Lawal Road.', 28, 25, 29, 1, '094848374831', '089404948594', 0, 'info@alagbon.com'),
(27, '20, Temi Ayodele street off Emily Akinola street', 91, 25, 30, 1, '037484930303', '069049490334', 0, 'info@yellowservices.com'),
(28, '10,fafawa Oregun street, Banana island.', 30, 25, 32, 1, '090484949484', '094748373834', 0, 'info@musadelivery.com'),
(29, '13,Emotan street, off Emotan road', 120, 13, 33, 1, '09049585943', '09484738474', 0, 'info@osascarwash.com'),
(30, '34, Osamudiamen street, off okhoro road', 120, 13, 34, 1, '0894030394903', '0484749393943', 0, 'info@etinosakaraoke.com'),
(31, '35, Efosa crescent, Victoria Island', 28, 25, 35, 1, '089049484939', '078493938493', 0, 'info@unionhomes.com'),
(32, '39,Eric crescent, Lekki Phase 1', 31, 25, 36, 1, '084940394933', '084948547499', 0, 'info@bolajihotels.com'),
(33, '23,Etoya street, off Medical Stores road', 120, 13, 37, 1, '098494849394', '084784930394', 0, 'info@aladeshortlet.com'),
(34, '99, Ekett bus stop, Kuje District', 26, 2, 39, 1, '080948478345', '089403948543', 0, 'info@reagentservices.com'),
(35, 'Plot 999c,  Danmole Street, Off Adeola Odeku/Idejo Street.', 28, 25, 40, 1, '+234 1- 2712005-7', '+234 1-2802500 ', 78474637, 'contactcenter@accessbankplc.com'),
(36, '635 Akin Adesola Street', 28, 25, 41, 1, '700 48266 6328', '', 434594834, 'enquiries@gtbank.com'),
(37, 'Samuel Asabia House  35 Marina  P.O. Box 5216,  Lagos,  Nigeria.', 130, 25, 42, 1, '07080625000', '014485500', 32456765, 'firstcontact@firstbanknigeria.com'),
(41, '45,ogunfiyi close', 23, 2, 48, 1, '098989877', '098877776', 0, 'harryhotel@yahoo.com'),
(42, '45,ojuma street', 6, 1, 49, 1, '098989877', '098877776', 7689654, 'harryhotel@yahoo.com');

-- --------------------------------------------------------

--
-- Table structure for table `biz`
--

CREATE TABLE IF NOT EXISTS `biz` (
  `id` int(10) unsigned NOT NULL AUTO_INCREMENT,
  `name` text COLLATE utf8_unicode_ci NOT NULL,
  `contactname` varchar(255) COLLATE utf8_unicode_ci NOT NULL,
  `website` varchar(255) COLLATE utf8_unicode_ci NOT NULL,
  `created_at` timestamp NOT NULL DEFAULT '0000-00-00 00:00:00',
  `updated_at` timestamp NOT NULL DEFAULT '0000-00-00 00:00:00',
  `user_id` int(10) unsigned NOT NULL,
  `rating_cache` decimal(2,1) unsigned NOT NULL DEFAULT '3.0',
  `rating_count` int(10) unsigned NOT NULL DEFAULT '0',
  `slug` text COLLATE utf8_unicode_ci NOT NULL,
  `featured` varchar(5) COLLATE utf8_unicode_ci NOT NULL DEFAULT 'NO',
  `description` text COLLATE utf8_unicode_ci NOT NULL,
  `icon` varchar(255) COLLATE utf8_unicode_ci NOT NULL,
  `owner` int(10) unsigned DEFAULT NULL,
  `claimed` tinyint(4) NOT NULL DEFAULT '0',
  `tagline` text COLLATE utf8_unicode_ci NOT NULL,
  `status` varchar(50) COLLATE utf8_unicode_ci NOT NULL DEFAULT 'public',
  PRIMARY KEY (`id`)
) ENGINE=InnoDB  DEFAULT CHARSET=utf8 COLLATE=utf8_unicode_ci AUTO_INCREMENT=50 ;

--
-- Dumping data for table `biz`
--

INSERT INTO `biz` (`id`, `name`, `contactname`, `website`, `created_at`, `updated_at`, `user_id`, `rating_cache`, `rating_count`, `slug`, `featured`, `description`, `icon`, `owner`, `claimed`, `tagline`, `status`) VALUES
(1, 'samizares cab service', 'sammyoryor', 'http://www.samizarescab.com', '2015-08-12 21:17:40', '2016-01-12 07:22:11', 7, '4.3', 3, 'samizares-cab-service', 'NO', 'samizares cab service specilizes in these categories- car dealers,car wash,', '', 7, 1, '', 'public'),
(3, 'coded Night club', 'Great sammy', 'http://www.codednightclub.com', '2015-08-12 21:34:57', '2016-01-12 06:26:54', 7, '4.3', 3, 'coded-night-club', 'NO', 'coded Night club specilizes in these categories- ', '', NULL, 0, '', 'public'),
(8, 'Bella''s place', 'Annabell', 'http://bellasplace.com', '2015-08-24 11:06:04', '2016-01-12 06:26:54', 7, '3.0', 0, 'bellas-place', 'NO', 'Bella''s place specilizes in these categories- ', '', NULL, 0, '', 'public'),
(9, 'Zares Mealsss', 'Mr Piro', 'http://www.zaresmeals.com', '2015-08-24 13:09:21', '2016-02-10 20:22:11', 10, '4.0', 3, 'zares-mealsss', 'YES', 'Zares Mealsss specilizes in these categories- African dish,mamaput,Continental dishes,Calabar kitchen,', '', 10, 1, '', 'pending'),
(12, 'shanshan cars', 'Mr Phil', 'http://www.shanshan.com', '2015-08-25 20:04:54', '2016-01-12 07:22:11', 7, '4.0', 1, 'shanshan-cars', 'YES', 'shanshan cars specilizes in these categories- volkswagon,', '', 7, 1, '', 'pending'),
(15, 'Twilight Services', 'Gentle jack', 'http://www.twilightservices.com', '2015-08-25 21:50:11', '2016-02-10 20:30:41', 10, '3.0', 0, 'twilight-services', 'YES', 'Twilight Services specilizes in these categories- Air Conditioners(AC),Fridges,', '', 10, 1, '', 'pending'),
(16, 'Angry birds', 'Angry man', 'http://angrybirds.com', '2015-08-25 21:56:13', '2016-01-12 06:26:55', 7, '3.0', 0, 'angry-birds', 'YES', 'Angry birds specilizes in these categories- ', '', NULL, 0, '', 'public'),
(17, 'Franks home', 'Frank Spiff', 'http://frankshome.com', '2015-08-25 22:06:40', '2016-01-12 07:22:11', 7, '3.0', 0, 'franks-home', 'YES', 'Franks home specilizes in these categories- ', '', NULL, 0, '', 'public'),
(18, 'Janes Super stores', 'Mrs Jane Foster', 'http://janestores.com', '2015-08-27 17:17:17', '2016-01-12 07:22:11', 7, '3.0', 0, 'janes-super-stores', 'NO', 'Janes Super stores specilizes in these categories- sodium,', '', NULL, 0, '', 'public'),
(19, 'Meegan Exotic cars', 'Mr Meegan Renault', 'http://meegancars.com', '2015-08-27 17:20:12', '2016-01-30 15:23:15', 7, '4.0', 1, 'meegan-exotic-cars', 'YES', 'Meegan Exotic cars specilizes in these categories- mini mart,', '', 7, 1, '', 'pending'),
(20, 'Mo''s Cathering services', 'Mrs Modukpe Uyi', 'http://mocathering.com', '2015-08-27 17:34:07', '2016-01-12 07:22:11', 7, '3.0', 0, 'mos-cathering-services', 'YES', 'Mo''s Cathering services specilizes in these categories- ', '', NULL, 0, '', 'public'),
(21, 'Fred engines', 'Mr Fred Perry', 'http://fredengines.com', '2015-08-27 17:44:47', '2016-01-12 06:26:55', 7, '3.0', 0, 'fred-engines', 'YES', 'Fred engines specilizes in these categories- ', '', NULL, 0, '', 'public'),
(22, 'New Bank Biz', 'Gbenga Daniels', 'http://www.newbank.com', '2015-08-31 23:10:01', '2016-01-12 06:26:55', 7, '3.0', 0, 'new-bank-biz', 'YES', 'New Bank Biz specilizes in these categories- ', '', NULL, 0, '', 'public'),
(23, 'Annabell''s Conglomerate', 'Ann Bella', 'http://www.annabellsconglomerate.com', '2015-09-11 03:08:21', '2016-01-12 07:22:11', 7, '3.0', 0, 'annabells-conglomerate', 'NO', 'Annabell''s Conglomerate specilizes in these categories- car dealers,', '', NULL, 0, '', 'public'),
(24, 'Alade''s Auto Empire', 'Alade Bj', 'http://aladeauto.com', '2015-09-11 03:14:41', '2016-02-01 22:27:10', 7, '3.0', 0, 'alades-auto-empire', 'NO', 'Alade''s Auto Empire specilizes in these categories- car dealers,mini mart,benz factories,', '', 7, 1, '', 'pending'),
(25, 'Sammy1 testing bizzz', 'Sammy Estrada', 'http://sammytestingone.com', '2015-09-25 14:27:05', '2016-01-12 07:22:11', 7, '3.0', 0, 'sammy1-testing-bizzz', 'NO', 'Sammy1 testing bizzz specilizes in these categories- ', '', NULL, 0, '', 'public'),
(29, 'Alagbon Shopping Complex ', 'Mr Desmond Tutu', 'http://Alagbonshopping.com', '2015-09-28 06:16:25', '2016-01-12 07:22:11', 7, '3.0', 0, 'alagbon-shopping-complex', 'NO', 'Alagbon Shopping Complex  specilizes in these categories- great clothes,fashinable items,', '', NULL, 0, '', 'public'),
(30, 'Yellow services', 'Mr. Emgrade ', 'http://yellowservices.com', '2015-11-04 16:22:03', '2016-01-12 07:22:11', 10, '3.0', 0, 'yellow-services', 'YES', 'Yellow services specilizes in these categories- great clothes,', '', NULL, 0, '', 'public'),
(32, 'Musa Delievery Services', 'Mr. Musa Adelaide', 'http://www.musadelievery.com', '2015-11-04 16:32:52', '2016-01-12 07:22:11', 10, '3.0', 0, 'musa-delievery-services', 'NO', 'Musa Delievery Services specilizes in these categories- Delivery services,', '', NULL, 0, '', 'public'),
(33, 'Osas car wash', 'Mr Osas Emuwahen', 'http://osascarwash.com', '2015-11-04 16:43:27', '2016-01-12 07:22:11', 10, '3.0', 0, 'osas-car-wash', 'NO', 'Osas car wash specilizes in these categories- car wash,', '', NULL, 0, '', 'public'),
(34, 'Etiosa Karaoke', 'Mr. Etinosa Osadolor', 'http://etinosakaraoke.com', '2015-11-04 16:57:01', '2016-01-12 07:22:11', 10, '3.0', 0, 'etiosa-karaoke', 'NO', 'Etiosa Karaoke specilizes in these categories- ', '', NULL, 0, '', 'public'),
(35, 'Union Homes', 'Mr. Yaqubu ', 'http://www.unionhomes.com', '2015-11-04 17:01:02', '2016-01-12 07:22:11', 10, '3.0', 0, 'union-homes', 'NO', 'Union Homes specilizes in these categories- Home financing,', '', NULL, 0, '', 'public'),
(36, 'Bolaji Hotels', 'Mr Bolaji', 'http://bolajihotels.com', '2015-11-04 17:07:23', '2016-01-12 07:22:11', 10, '4.5', 2, 'bolaji-hotels', 'YES', 'Bolaji Hotels specilizes in these categories- Hotel services,', '', 15, 1, '', 'public'),
(37, 'Alade Short lets', 'Mr. Alade ', 'http://aladeshortlet.com', '2015-11-04 17:10:19', '2016-01-12 07:22:11', 10, '3.0', 0, 'alade-short-lets', 'NO', 'Alade Short lets specilizes in these categories- short-let,', '', 16, 1, '', 'public'),
(39, 'Reagent Services', 'Mr komolafe', 'http://www.reagentservices.com', '2015-11-04 17:21:42', '2016-01-12 07:22:11', 10, '3.0', 0, 'reagent-services', 'NO', 'Reagent Services specilizes in these categories- Housing agents,', '', NULL, 0, '', 'public'),
(40, 'Access Bank Plc', 'sammy', 'https://www.accessbankplc.com/', '2016-01-03 23:39:56', '2016-01-12 07:22:12', 7, '3.0', 0, 'access-bank-plc', 'NO', 'Access Bank Plc specilizes in these categories- Loans,Banking services,', '', NULL, 0, 'Accessing the world easily', 'public'),
(41, 'Guaranty Trust Bank', 'sammy', 'http://www.gtbank.com/', '2016-01-04 00:30:22', '2016-01-30 09:10:35', 7, '3.0', 0, 'guaranty-trust-bank', 'NO', 'Guaranty Trust Bank specilizes in these categories- Loans,Banking services,', '', 7, 1, 'Wouldn''t you rather bank with us,,', 'pending'),
(42, 'First Bank of Nigeria Ltd', 'sammy', 'https://www.firstbanknigeria.com', '2016-01-04 13:04:01', '2016-01-12 07:22:12', 7, '3.0', 0, 'first-bank-of-nigeria-ltd', 'NO', 'First Bank of Nigeria Ltd specilizes in these categories- Banking services,', '', 7, 1, 'Truly the first', 'pending'),
(48, 'harry''s hotel', 'hatty', 'http://hattytestingone.com', '2016-02-02 07:35:07', '2016-02-02 07:35:07', 7, '3.0', 0, 'harrys-hotel', 'NO', 'best hotel ever', '', 7, 1, 'this is great', 'pending'),
(49, 'harry''s bank', 'hatty', 'http://hattytestingone.com', '2016-02-02 07:40:04', '2016-02-02 07:40:04', 7, '3.0', 0, 'harrys-bank', 'NO', 'best bank ever', '', 7, 1, 'this is great', 'pending');

-- --------------------------------------------------------

--
-- Table structure for table `biz_cat_pivot`
--

CREATE TABLE IF NOT EXISTS `biz_cat_pivot` (
  `id` int(10) unsigned NOT NULL AUTO_INCREMENT,
  `biz_id` int(10) unsigned NOT NULL,
  `cat_id` int(10) unsigned NOT NULL,
  PRIMARY KEY (`id`),
  KEY `biz_id` (`biz_id`),
  KEY `cat_id` (`cat_id`)
) ENGINE=InnoDB  DEFAULT CHARSET=latin1 AUTO_INCREMENT=45 ;

--
-- Dumping data for table `biz_cat_pivot`
--

INSERT INTO `biz_cat_pivot` (`id`, `biz_id`, `cat_id`) VALUES
(2, 3, 8),
(3, 8, 1),
(4, 9, 4),
(7, 1, 10),
(8, 12, 11),
(11, 16, 1),
(12, 17, 33),
(14, 19, 10),
(15, 20, 36),
(16, 21, 37),
(17, 22, 34),
(18, 23, 37),
(19, 23, 10),
(20, 24, 10),
(21, 24, 11),
(24, 25, 43),
(25, 25, 44),
(30, 29, 2),
(31, 30, 2),
(32, 32, 5),
(33, 33, 10),
(34, 34, 43),
(35, 35, 44),
(36, 36, 45),
(37, 37, 45),
(38, 39, 45),
(39, 15, 41),
(40, 40, 44),
(41, 41, 44),
(42, 42, 44),
(43, 48, 45),
(44, 49, 44);

-- --------------------------------------------------------

--
-- Table structure for table `biz_lga_pivot`
--

CREATE TABLE IF NOT EXISTS `biz_lga_pivot` (
  `id` int(10) unsigned NOT NULL AUTO_INCREMENT,
  `lga_id` int(10) unsigned NOT NULL,
  `biz_id` int(10) unsigned NOT NULL,
  PRIMARY KEY (`id`)
) ENGINE=InnoDB  DEFAULT CHARSET=latin1 AUTO_INCREMENT=32 ;

--
-- Dumping data for table `biz_lga_pivot`
--

INSERT INTO `biz_lga_pivot` (`id`, `lga_id`, `biz_id`) VALUES
(1, 2, 1),
(2, 4, 3),
(3, 2, 8),
(4, 1, 9),
(5, 3, 11),
(6, 9, 12),
(7, 26, 15),
(8, 21, 16),
(9, 4, 17),
(10, 22, 18),
(11, 3, 19),
(12, 4, 20),
(13, 28, 21),
(14, 31, 22),
(15, 1, 23),
(16, 84, 24),
(17, 94, 25),
(18, 28, 29),
(19, 91, 30),
(20, 30, 32),
(21, 120, 33),
(22, 120, 34),
(23, 28, 35),
(24, 31, 36),
(25, 120, 37),
(26, 26, 39),
(27, 28, 40),
(28, 28, 41),
(29, 130, 42),
(30, 23, 48),
(31, 6, 49);

-- --------------------------------------------------------

--
-- Table structure for table `biz_photos`
--

CREATE TABLE IF NOT EXISTS `biz_photos` (
  `id` int(10) unsigned NOT NULL AUTO_INCREMENT,
  `biz_id` int(10) unsigned NOT NULL,
  `path` varchar(100) NOT NULL,
  `created_at` datetime NOT NULL,
  `updated_at` timestamp NOT NULL,
  PRIMARY KEY (`id`)
) ENGINE=InnoDB  DEFAULT CHARSET=latin1 AUTO_INCREMENT=12 ;

--
-- Dumping data for table `biz_photos`
--

INSERT INTO `biz_photos` (`id`, `biz_id`, `path`, `created_at`, `updated_at`) VALUES
(1, 1, '/bizz/photos/144977163120110516_025.jpg', '2015-12-10 19:20:31', '2016-01-06 10:02:24'),
(2, 1, '/bizz/photos/144977163220110526_008.jpg', '2015-12-10 19:20:33', '2016-01-06 10:02:46'),
(3, 1, '/bizz/photos/144977163420110611_006.jpg', '2015-12-10 19:20:34', '2016-01-06 10:02:55'),
(4, 1, '/bizz/photos/144977163420110621_006.jpg', '2015-12-10 19:20:34', '2016-01-06 10:03:04'),
(5, 1, '/bizz/photos/1449961207(4).jpg', '2015-12-13 00:00:07', '2016-01-06 10:03:13'),
(6, 36, '/bizz/photos/1450264943logo.png', '2015-12-16 12:22:23', '2016-01-06 10:03:24'),
(7, 42, '/bizz/photos/1451942028First-Bank-of-Nigeria-gallery.jpg', '2016-01-04 22:13:48', '2016-01-06 10:03:34'),
(8, 42, '/bizz/photos/1451942062first-bank-atm-gallery.jpg', '2016-01-04 22:14:22', '2016-01-06 10:03:45'),
(9, 42, '/bizz/photos/1451942063first-bank-gallery-3.jpg', '2016-01-04 22:14:23', '2016-01-06 10:04:07'),
(10, 42, '/bizz/photos/1451942064First-Bank-of-Nigeria-gallery.jpg', '2016-01-04 22:14:24', '2016-01-06 10:03:55'),
(11, 1, '/bizz/photos/145416672420110131_007.jpg', '2016-01-30 16:12:04', '2016-01-30 15:12:04');

-- --------------------------------------------------------

--
-- Table structure for table `biz_profile_photos`
--

CREATE TABLE IF NOT EXISTS `biz_profile_photos` (
  `id` int(10) unsigned NOT NULL AUTO_INCREMENT,
  `image` varchar(100) NOT NULL,
  `biz_id` int(10) unsigned NOT NULL,
  `created_at` datetime NOT NULL,
  `updated_at` timestamp NOT NULL,
  PRIMARY KEY (`id`)
) ENGINE=InnoDB  DEFAULT CHARSET=latin1 AUTO_INCREMENT=8 ;

--
-- Dumping data for table `biz_profile_photos`
--

INSERT INTO `biz_profile_photos` (`id`, `image`, `biz_id`, `created_at`, `updated_at`) VALUES
(1, 'bizz/profile/1451586934(9).jpg', 1, '2015-12-12 23:52:09', '2016-01-03 23:55:47'),
(2, 'bizz/profile/1450200425logo2.png', 36, '2015-12-15 18:27:05', '2016-01-03 23:55:36'),
(3, 'bizz/profile/1451864396access-bank-logo.jpg', 40, '2016-01-04 00:39:56', '2016-01-03 23:39:56'),
(4, 'bizz/profile/1451867423gtb-logo.jpg', 41, '2016-01-04 01:30:23', '2016-01-04 00:30:23'),
(5, 'bizz/profile/1451912642first-bank-logo.jpg', 42, '2016-01-04 14:04:02', '2016-01-04 13:04:02'),
(6, 'bizz/profile/1454398508preacher.jpg', 48, '2016-02-02 08:35:08', '2016-02-02 07:35:08'),
(7, 'bizz/profile/1454398805Peter_odemwingie.jpg', 49, '2016-02-02 08:40:05', '2016-02-02 07:40:05');

-- --------------------------------------------------------

--
-- Table structure for table `biz_state_pivot`
--

CREATE TABLE IF NOT EXISTS `biz_state_pivot` (
  `id` int(10) unsigned NOT NULL AUTO_INCREMENT,
  `state_id` int(10) unsigned NOT NULL,
  `biz_id` int(10) unsigned NOT NULL,
  PRIMARY KEY (`id`)
) ENGINE=InnoDB  DEFAULT CHARSET=latin1 AUTO_INCREMENT=32 ;

--
-- Dumping data for table `biz_state_pivot`
--

INSERT INTO `biz_state_pivot` (`id`, `state_id`, `biz_id`) VALUES
(1, 25, 1),
(2, 25, 3),
(3, 25, 8),
(4, 25, 9),
(5, 25, 11),
(6, 1, 12),
(7, 2, 15),
(8, 1, 16),
(9, 25, 17),
(10, 2, 18),
(11, 25, 19),
(12, 25, 20),
(13, 25, 21),
(14, 25, 22),
(15, 25, 23),
(16, 25, 24),
(17, 25, 25),
(18, 25, 29),
(19, 25, 30),
(20, 25, 32),
(21, 13, 33),
(22, 13, 34),
(23, 25, 35),
(24, 25, 36),
(25, 13, 37),
(26, 2, 39),
(27, 25, 40),
(28, 25, 41),
(29, 25, 42),
(30, 2, 48),
(31, 1, 49);

-- --------------------------------------------------------

--
-- Table structure for table `biz_subcat_pivot`
--

CREATE TABLE IF NOT EXISTS `biz_subcat_pivot` (
  `id` int(10) unsigned NOT NULL AUTO_INCREMENT,
  `subcat_id` int(10) unsigned NOT NULL,
  `biz_id` int(10) unsigned NOT NULL,
  PRIMARY KEY (`id`)
) ENGINE=InnoDB  DEFAULT CHARSET=latin1 AUTO_INCREMENT=72 ;

--
-- Dumping data for table `biz_subcat_pivot`
--

INSERT INTO `biz_subcat_pivot` (`id`, `subcat_id`, `biz_id`) VALUES
(1, 25, 8),
(2, 26, 8),
(8, 59, 1),
(9, 60, 1),
(10, 29, 3),
(11, 30, 3),
(12, 49, 12),
(14, 25, 16),
(15, 47, 17),
(16, 31, 18),
(17, 61, 19),
(18, 67, 20),
(19, 68, 20),
(20, 70, 21),
(21, 73, 21),
(22, 65, 22),
(23, 70, 23),
(24, 73, 23),
(25, 59, 23),
(26, 59, 24),
(27, 61, 24),
(28, 48, 24),
(32, 93, 25),
(33, 94, 25),
(34, 95, 25),
(35, 96, 25),
(36, 97, 25),
(45, 113, 29),
(46, 114, 29),
(47, 113, 30),
(48, 118, 32),
(49, 60, 33),
(50, 94, 34),
(51, 95, 34),
(52, 135, 35),
(53, 136, 36),
(54, 137, 37),
(55, 138, 39),
(56, 122, 9),
(57, 123, 9),
(58, 124, 9),
(59, 126, 9),
(60, 141, 15),
(61, 142, 15),
(62, 143, 15),
(63, 144, 15),
(64, 132, 40),
(65, 134, 40),
(66, 132, 41),
(67, 134, 41),
(68, 134, 42),
(69, 136, 48),
(70, 138, 48),
(71, 134, 49);

-- --------------------------------------------------------

--
-- Table structure for table `biz_user_pivot`
--

CREATE TABLE IF NOT EXISTS `biz_user_pivot` (
  `id` int(10) unsigned NOT NULL AUTO_INCREMENT,
  `biz_id` int(10) unsigned NOT NULL,
  `user_id` int(10) unsigned NOT NULL,
  PRIMARY KEY (`id`)
) ENGINE=InnoDB DEFAULT CHARSET=latin1 AUTO_INCREMENT=1 ;

-- --------------------------------------------------------

--
-- Table structure for table `branch`
--

CREATE TABLE IF NOT EXISTS `branch` (
  `id` int(10) unsigned NOT NULL AUTO_INCREMENT,
  `street` text NOT NULL,
  `lga_id` int(10) unsigned NOT NULL,
  `state_id` int(10) unsigned NOT NULL,
  `phone1` varchar(15) NOT NULL,
  `phone2` varchar(15) NOT NULL,
  `email` varchar(150) NOT NULL,
  `biz_id` int(10) unsigned NOT NULL,
  `sortcode` varchar(10) NOT NULL,
  `created_at` timestamp NOT NULL,
  `updated_at` timestamp NOT NULL,
  PRIMARY KEY (`id`)
) ENGINE=InnoDB DEFAULT CHARSET=latin1 AUTO_INCREMENT=1 ;

-- --------------------------------------------------------

--
-- Table structure for table `business_hours`
--

CREATE TABLE IF NOT EXISTS `business_hours` (
  `id` int(10) unsigned NOT NULL AUTO_INCREMENT,
  `day` varchar(3) NOT NULL,
  `open_time` decimal(4,2) NOT NULL,
  `close_time` decimal(4,2) NOT NULL,
  `biz_id` int(10) unsigned NOT NULL,
  `created_at` timestamp NOT NULL,
  `updated_at` timestamp NOT NULL,
  PRIMARY KEY (`id`)
) ENGINE=InnoDB  DEFAULT CHARSET=latin1 AUTO_INCREMENT=843 ;

--
-- Dumping data for table `business_hours`
--

INSERT INTO `business_hours` (`id`, `day`, `open_time`, `close_time`, `biz_id`, `created_at`, `updated_at`) VALUES
(1, 'MON', '8.00', '5.00', 1, '2015-09-29 06:32:45', '2015-09-29 06:32:45'),
(2, 'TUE', '8.00', '6.00', 1, '2015-09-29 06:32:45', '2015-09-29 06:32:45'),
(3, 'WED', '9.00', '5.00', 1, '2015-09-29 06:43:26', '2015-09-29 06:43:26'),
(4, 'THU', '8.00', '4.30', 1, '2015-09-29 06:43:26', '2015-09-29 06:43:26'),
(5, 'FRI', '9.00', '5.00', 1, '2015-09-29 06:43:26', '2015-09-29 06:43:26'),
(6, 'SAT', '9.00', '6.00', 1, '2015-09-29 06:43:26', '2015-09-29 06:43:26'),
(7, 'SUN', '10.00', '4.00', 1, '2015-09-29 06:43:26', '2015-09-29 06:43:26'),
(8, 'MON', '7.30', '4.30', 3, '2015-10-08 21:21:27', '2015-10-08 21:21:27'),
(9, 'TUE', '9.00', '6.00', 3, '2015-10-08 21:21:27', '2015-10-08 21:21:27'),
(10, 'WED', '8.00', '5.30', 3, '2015-10-08 21:21:27', '2015-10-08 21:21:27'),
(11, 'THU', '9.00', '6.00', 3, '2015-10-08 21:21:27', '2015-10-08 21:21:27'),
(12, 'FRI', '5.00', '5.00', 3, '2015-10-08 21:21:27', '2015-10-08 21:21:27'),
(13, 'SAT', '7.30', '5.30', 3, '2015-10-08 21:21:27', '2015-10-08 21:21:27'),
(14, 'SUN', '11.00', '2.30', 3, '2015-10-08 21:24:34', '2015-10-08 21:24:34'),
(31, 'MON', '9.00', '5.00', 8, '2015-10-09 15:11:28', '2015-10-09 15:11:28'),
(32, 'TUE', '9.00', '5.00', 8, '2015-10-09 15:11:28', '2015-10-09 15:11:28'),
(33, 'WED', '9.00', '5.00', 8, '2015-10-09 15:11:28', '2015-10-09 15:11:28'),
(34, 'THU', '9.00', '5.00', 8, '2015-10-09 15:11:28', '2015-10-09 15:11:28'),
(35, 'FRI', '9.00', '5.00', 8, '2015-10-09 15:11:29', '2015-10-09 15:11:29'),
(36, 'SAT', '9.00', '5.00', 8, '2015-10-09 15:11:29', '2015-10-09 15:11:29'),
(37, 'SUN', '9.00', '5.00', 8, '2015-10-09 15:11:29', '2015-10-09 15:11:29'),
(38, 'MON', '9.00', '5.00', 9, '2015-10-09 15:11:29', '2015-10-09 15:11:29'),
(39, 'TUE', '9.00', '5.00', 9, '2015-10-09 15:11:29', '2015-10-09 15:11:29'),
(40, 'WED', '9.00', '5.00', 9, '2015-10-09 15:11:29', '2015-10-09 15:11:29'),
(41, 'THU', '9.00', '5.00', 9, '2015-10-09 15:11:29', '2015-10-09 15:11:29'),
(42, 'FRI', '9.00', '5.00', 9, '2015-10-09 15:11:29', '2015-10-09 15:11:29'),
(43, 'SAT', '9.00', '5.00', 9, '2015-10-09 15:11:29', '2015-10-09 15:11:29'),
(44, 'SUN', '9.00', '5.00', 9, '2015-10-09 15:11:29', '2015-10-09 15:11:29'),
(45, 'MON', '9.00', '5.00', 11, '2015-10-09 15:11:29', '2015-10-09 15:11:29'),
(46, 'TUE', '9.00', '5.00', 11, '2015-10-09 15:11:29', '2015-10-09 15:11:29'),
(47, 'WED', '9.00', '5.00', 11, '2015-10-09 15:11:29', '2015-10-09 15:11:29'),
(48, 'THU', '9.00', '5.00', 11, '2015-10-09 15:11:29', '2015-10-09 15:11:29'),
(49, 'FRI', '9.00', '5.00', 11, '2015-10-09 15:11:29', '2015-10-09 15:11:29'),
(50, 'SAT', '9.00', '5.00', 11, '2015-10-09 15:11:29', '2015-10-09 15:11:29'),
(51, 'SUN', '9.00', '5.00', 11, '2015-10-09 15:11:29', '2015-10-09 15:11:29'),
(52, 'MON', '9.00', '5.00', 12, '2015-10-09 15:11:29', '2015-10-09 15:11:29'),
(53, 'TUE', '9.00', '5.00', 12, '2015-10-09 15:11:29', '2015-10-09 15:11:29'),
(54, 'WED', '9.00', '5.00', 12, '2015-10-09 15:11:30', '2015-10-09 15:11:30'),
(55, 'THU', '9.00', '5.00', 12, '2015-10-09 15:11:30', '2015-10-09 15:11:30'),
(56, 'FRI', '9.00', '5.00', 12, '2015-10-09 15:11:30', '2015-10-09 15:11:30'),
(57, 'SAT', '9.00', '5.00', 12, '2015-10-09 15:11:30', '2015-10-09 15:11:30'),
(58, 'SUN', '9.00', '5.00', 12, '2015-10-09 15:11:30', '2015-10-09 15:11:30'),
(59, 'MON', '9.00', '5.00', 15, '2015-10-09 15:11:30', '2015-10-09 15:11:30'),
(60, 'TUE', '9.00', '5.00', 15, '2015-10-09 15:11:30', '2015-10-09 15:11:30'),
(61, 'WED', '9.00', '5.00', 15, '2015-10-09 15:11:30', '2015-10-09 15:11:30'),
(62, 'THU', '9.00', '5.00', 15, '2015-10-09 15:11:30', '2015-10-09 15:11:30'),
(63, 'FRI', '9.00', '5.00', 15, '2015-10-09 15:11:30', '2015-10-09 15:11:30'),
(64, 'SAT', '9.00', '5.00', 15, '2015-10-09 15:11:30', '2015-10-09 15:11:30'),
(65, 'SUN', '9.00', '5.00', 15, '2015-10-09 15:11:30', '2015-10-09 15:11:30'),
(66, 'MON', '9.00', '5.00', 16, '2015-10-09 15:11:30', '2015-10-09 15:11:30'),
(67, 'TUE', '9.00', '5.00', 16, '2015-10-09 15:11:30', '2015-10-09 15:11:30'),
(68, 'WED', '9.00', '5.00', 16, '2015-10-09 15:11:30', '2015-10-09 15:11:30'),
(69, 'THU', '9.00', '5.00', 16, '2015-10-09 15:11:30', '2015-10-09 15:11:30'),
(70, 'FRI', '9.00', '5.00', 16, '2015-10-09 15:11:30', '2015-10-09 15:11:30'),
(71, 'SAT', '9.00', '5.00', 16, '2015-10-09 15:11:30', '2015-10-09 15:11:30'),
(72, 'SUN', '9.00', '5.00', 16, '2015-10-09 15:11:30', '2015-10-09 15:11:30'),
(73, 'MON', '9.00', '5.00', 17, '2015-10-09 15:11:30', '2015-10-09 15:11:30'),
(74, 'TUE', '9.00', '5.00', 17, '2015-10-09 15:11:30', '2015-10-09 15:11:30'),
(75, 'WED', '9.00', '5.00', 17, '2015-10-09 15:11:30', '2015-10-09 15:11:30'),
(76, 'THU', '9.00', '5.00', 17, '2015-10-09 15:11:30', '2015-10-09 15:11:30'),
(77, 'FRI', '9.00', '5.00', 17, '2015-10-09 15:11:30', '2015-10-09 15:11:30'),
(78, 'SAT', '9.00', '5.00', 17, '2015-10-09 15:11:30', '2015-10-09 15:11:30'),
(79, 'SUN', '9.00', '5.00', 17, '2015-10-09 15:11:30', '2015-10-09 15:11:30'),
(80, 'MON', '9.00', '5.00', 18, '2015-10-09 15:11:30', '2015-10-09 15:11:30'),
(81, 'TUE', '9.00', '5.00', 18, '2015-10-09 15:11:30', '2015-10-09 15:11:30'),
(82, 'WED', '9.00', '5.00', 18, '2015-10-09 15:11:30', '2015-10-09 15:11:30'),
(83, 'THU', '9.00', '5.00', 18, '2015-10-09 15:11:30', '2015-10-09 15:11:30'),
(84, 'FRI', '9.00', '5.00', 18, '2015-10-09 15:11:30', '2015-10-09 15:11:30'),
(85, 'SAT', '9.00', '5.00', 18, '2015-10-09 15:11:30', '2015-10-09 15:11:30'),
(86, 'SUN', '9.00', '5.00', 18, '2015-10-09 15:11:30', '2015-10-09 15:11:30'),
(87, 'MON', '9.00', '5.00', 19, '2015-10-09 15:11:30', '2015-10-09 15:11:30'),
(88, 'TUE', '9.00', '5.00', 19, '2015-10-09 15:11:30', '2015-10-09 15:11:30'),
(89, 'WED', '9.00', '5.00', 19, '2015-10-09 15:11:31', '2015-10-09 15:11:31'),
(90, 'THU', '9.00', '5.00', 19, '2015-10-09 15:11:31', '2015-10-09 15:11:31'),
(91, 'FRI', '9.00', '5.00', 19, '2015-10-09 15:11:31', '2015-10-09 15:11:31'),
(92, 'SAT', '9.00', '5.00', 19, '2015-10-09 15:11:31', '2015-10-09 15:11:31'),
(93, 'SUN', '9.00', '5.00', 19, '2015-10-09 15:11:31', '2015-10-09 15:11:31'),
(94, 'MON', '9.00', '5.00', 20, '2015-10-09 15:11:31', '2015-10-09 15:11:31'),
(95, 'TUE', '9.00', '5.00', 20, '2015-10-09 15:11:31', '2015-10-09 15:11:31'),
(96, 'WED', '9.00', '5.00', 20, '2015-10-09 15:11:31', '2015-10-09 15:11:31'),
(97, 'THU', '9.00', '5.00', 20, '2015-10-09 15:11:31', '2015-10-09 15:11:31'),
(98, 'FRI', '9.00', '5.00', 20, '2015-10-09 15:11:31', '2015-10-09 15:11:31'),
(99, 'SAT', '9.00', '5.00', 20, '2015-10-09 15:11:31', '2015-10-09 15:11:31'),
(100, 'SUN', '9.00', '5.00', 20, '2015-10-09 15:11:31', '2015-10-09 15:11:31'),
(101, 'MON', '9.00', '5.00', 21, '2015-10-09 15:11:31', '2015-10-09 15:11:31'),
(102, 'TUE', '9.00', '5.00', 21, '2015-10-09 15:11:31', '2015-10-09 15:11:31'),
(103, 'WED', '9.00', '5.00', 21, '2015-10-09 15:11:31', '2015-10-09 15:11:31'),
(104, 'THU', '9.00', '5.00', 21, '2015-10-09 15:11:31', '2015-10-09 15:11:31'),
(105, 'FRI', '9.00', '5.00', 21, '2015-10-09 15:11:31', '2015-10-09 15:11:31'),
(106, 'SAT', '9.00', '5.00', 21, '2015-10-09 15:11:31', '2015-10-09 15:11:31'),
(107, 'SUN', '9.00', '5.00', 21, '2015-10-09 15:11:31', '2015-10-09 15:11:31'),
(108, 'MON', '9.00', '5.00', 22, '2015-10-09 15:11:31', '2015-10-09 15:11:31'),
(109, 'TUE', '9.00', '5.00', 22, '2015-10-09 15:11:31', '2015-10-09 15:11:31'),
(110, 'WED', '9.00', '5.00', 22, '2015-10-09 15:11:31', '2015-10-09 15:11:31'),
(111, 'THU', '9.00', '5.00', 22, '2015-10-09 15:11:31', '2015-10-09 15:11:31'),
(112, 'FRI', '9.00', '5.00', 22, '2015-10-09 15:11:31', '2015-10-09 15:11:31'),
(113, 'SAT', '9.00', '5.00', 22, '2015-10-09 15:11:31', '2015-10-09 15:11:31'),
(114, 'SUN', '9.00', '5.00', 22, '2015-10-09 15:11:31', '2015-10-09 15:11:31'),
(115, 'MON', '9.00', '5.00', 23, '2015-10-09 15:11:31', '2015-10-09 15:11:31'),
(116, 'TUE', '9.00', '5.00', 23, '2015-10-09 15:11:31', '2015-10-09 15:11:31'),
(117, 'WED', '9.00', '5.00', 23, '2015-10-09 15:11:32', '2015-10-09 15:11:32'),
(118, 'THU', '9.00', '5.00', 23, '2015-10-09 15:11:32', '2015-10-09 15:11:32'),
(119, 'FRI', '9.00', '5.00', 23, '2015-10-09 15:11:32', '2015-10-09 15:11:32'),
(120, 'SAT', '9.00', '5.00', 23, '2015-10-09 15:11:32', '2015-10-09 15:11:32'),
(121, 'SUN', '9.00', '5.00', 23, '2015-10-09 15:11:32', '2015-10-09 15:11:32'),
(122, 'MON', '9.00', '5.00', 24, '2015-10-09 15:11:32', '2015-10-09 15:11:32'),
(123, 'TUE', '9.00', '5.00', 24, '2015-10-09 15:11:32', '2015-10-09 15:11:32'),
(124, 'WED', '9.00', '5.00', 24, '2015-10-09 15:11:32', '2015-10-09 15:11:32'),
(125, 'THU', '9.00', '5.00', 24, '2015-10-09 15:11:32', '2015-10-09 15:11:32'),
(126, 'FRI', '9.00', '5.00', 24, '2015-10-09 15:11:32', '2015-10-09 15:11:32'),
(127, 'SAT', '9.00', '5.00', 24, '2015-10-09 15:11:32', '2015-10-09 15:11:32'),
(128, 'SUN', '9.00', '5.00', 24, '2015-10-09 15:11:32', '2015-10-09 15:11:32'),
(129, 'MON', '9.00', '5.00', 25, '2015-10-09 15:11:32', '2015-10-09 15:11:32'),
(130, 'TUE', '9.00', '5.00', 25, '2015-10-09 15:11:32', '2015-10-09 15:11:32'),
(131, 'WED', '9.00', '5.00', 25, '2015-10-09 15:11:32', '2015-10-09 15:11:32'),
(132, 'THU', '9.00', '5.00', 25, '2015-10-09 15:11:32', '2015-10-09 15:11:32'),
(133, 'FRI', '9.00', '5.00', 25, '2015-10-09 15:11:32', '2015-10-09 15:11:32'),
(134, 'SAT', '9.00', '5.00', 25, '2015-10-09 15:11:32', '2015-10-09 15:11:32'),
(135, 'SUN', '9.00', '5.00', 25, '2015-10-09 15:11:32', '2015-10-09 15:11:32'),
(136, 'MON', '9.00', '5.00', 29, '2015-10-09 15:11:32', '2015-10-09 15:11:32'),
(137, 'TUE', '9.00', '5.00', 29, '2015-10-09 15:11:32', '2015-10-09 15:11:32'),
(138, 'WED', '9.00', '5.00', 29, '2015-10-09 15:11:32', '2015-10-09 15:11:32'),
(139, 'THU', '9.00', '5.00', 29, '2015-10-09 15:11:32', '2015-10-09 15:11:32'),
(140, 'FRI', '9.00', '5.00', 29, '2015-10-09 15:11:32', '2015-10-09 15:11:32'),
(141, 'SAT', '9.00', '5.00', 29, '2015-10-09 15:11:32', '2015-10-09 15:11:32'),
(142, 'SUN', '9.00', '5.00', 29, '2015-10-09 15:11:32', '2015-10-09 15:11:32'),
(143, 'MON', '9.00', '5.00', 1, '2015-10-09 15:11:44', '2015-10-09 15:11:44'),
(144, 'TUE', '9.00', '5.00', 1, '2015-10-09 15:11:44', '2015-10-09 15:11:44'),
(145, 'WED', '9.00', '5.00', 1, '2015-10-09 15:11:44', '2015-10-09 15:11:44'),
(146, 'THU', '9.00', '5.00', 1, '2015-10-09 15:11:44', '2015-10-09 15:11:44'),
(147, 'FRI', '9.00', '5.00', 1, '2015-10-09 15:11:44', '2015-10-09 15:11:44'),
(148, 'SAT', '9.00', '5.00', 1, '2015-10-09 15:11:44', '2015-10-09 15:11:44'),
(149, 'SUN', '9.00', '5.00', 1, '2015-10-09 15:11:44', '2015-10-09 15:11:44'),
(150, 'MON', '9.00', '5.00', 3, '2015-10-09 15:11:44', '2015-10-09 15:11:44'),
(151, 'TUE', '9.00', '5.00', 3, '2015-10-09 15:11:44', '2015-10-09 15:11:44'),
(152, 'WED', '9.00', '5.00', 3, '2015-10-09 15:11:44', '2015-10-09 15:11:44'),
(153, 'THU', '9.00', '5.00', 3, '2015-10-09 15:11:44', '2015-10-09 15:11:44'),
(154, 'FRI', '9.00', '5.00', 3, '2015-10-09 15:11:44', '2015-10-09 15:11:44'),
(155, 'SAT', '9.00', '5.00', 3, '2015-10-09 15:11:44', '2015-10-09 15:11:44'),
(156, 'SUN', '9.00', '5.00', 3, '2015-10-09 15:11:44', '2015-10-09 15:11:44'),
(157, 'MON', '9.00', '5.00', 8, '2015-10-09 15:11:44', '2015-10-09 15:11:44'),
(158, 'TUE', '9.00', '5.00', 8, '2015-10-09 15:11:44', '2015-10-09 15:11:44'),
(159, 'WED', '9.00', '5.00', 8, '2015-10-09 15:11:44', '2015-10-09 15:11:44'),
(160, 'THU', '9.00', '5.00', 8, '2015-10-09 15:11:44', '2015-10-09 15:11:44'),
(161, 'FRI', '9.00', '5.00', 8, '2015-10-09 15:11:44', '2015-10-09 15:11:44'),
(162, 'SAT', '9.00', '5.00', 8, '2015-10-09 15:11:44', '2015-10-09 15:11:44'),
(163, 'SUN', '9.00', '5.00', 8, '2015-10-09 15:11:44', '2015-10-09 15:11:44'),
(164, 'MON', '9.00', '5.00', 9, '2015-10-09 15:11:44', '2015-10-09 15:11:44'),
(165, 'TUE', '9.00', '5.00', 9, '2015-10-09 15:11:45', '2015-10-09 15:11:45'),
(166, 'WED', '9.00', '5.00', 9, '2015-10-09 15:11:45', '2015-10-09 15:11:45'),
(167, 'THU', '9.00', '5.00', 9, '2015-10-09 15:11:45', '2015-10-09 15:11:45'),
(168, 'FRI', '9.00', '5.00', 9, '2015-10-09 15:11:45', '2015-10-09 15:11:45'),
(169, 'SAT', '9.00', '5.00', 9, '2015-10-09 15:11:45', '2015-10-09 15:11:45'),
(170, 'SUN', '9.00', '5.00', 9, '2015-10-09 15:11:45', '2015-10-09 15:11:45'),
(171, 'MON', '9.00', '5.00', 11, '2015-10-09 15:11:45', '2015-10-09 15:11:45'),
(172, 'TUE', '9.00', '5.00', 11, '2015-10-09 15:11:45', '2015-10-09 15:11:45'),
(173, 'WED', '9.00', '5.00', 11, '2015-10-09 15:11:45', '2015-10-09 15:11:45'),
(174, 'THU', '9.00', '5.00', 11, '2015-10-09 15:11:45', '2015-10-09 15:11:45'),
(175, 'FRI', '9.00', '5.00', 11, '2015-10-09 15:11:45', '2015-10-09 15:11:45'),
(176, 'SAT', '9.00', '5.00', 11, '2015-10-09 15:11:45', '2015-10-09 15:11:45'),
(177, 'SUN', '9.00', '5.00', 11, '2015-10-09 15:11:45', '2015-10-09 15:11:45'),
(178, 'MON', '9.00', '5.00', 12, '2015-10-09 15:11:45', '2015-10-09 15:11:45'),
(179, 'TUE', '9.00', '5.00', 12, '2015-10-09 15:11:45', '2015-10-09 15:11:45'),
(180, 'WED', '9.00', '5.00', 12, '2015-10-09 15:11:45', '2015-10-09 15:11:45'),
(181, 'THU', '9.00', '5.00', 12, '2015-10-09 15:11:45', '2015-10-09 15:11:45'),
(182, 'FRI', '9.00', '5.00', 12, '2015-10-09 15:11:45', '2015-10-09 15:11:45'),
(183, 'SAT', '9.00', '5.00', 12, '2015-10-09 15:11:45', '2015-10-09 15:11:45'),
(184, 'SUN', '9.00', '5.00', 12, '2015-10-09 15:11:45', '2015-10-09 15:11:45'),
(185, 'MON', '9.00', '5.00', 15, '2015-10-09 15:11:45', '2015-10-09 15:11:45'),
(186, 'TUE', '9.00', '5.00', 15, '2015-10-09 15:11:45', '2015-10-09 15:11:45'),
(187, 'WED', '9.00', '5.00', 15, '2015-10-09 15:11:45', '2015-10-09 15:11:45'),
(188, 'THU', '9.00', '5.00', 15, '2015-10-09 15:11:45', '2015-10-09 15:11:45'),
(189, 'FRI', '9.00', '5.00', 15, '2015-10-09 15:11:45', '2015-10-09 15:11:45'),
(190, 'SAT', '9.00', '5.00', 15, '2015-10-09 15:11:45', '2015-10-09 15:11:45'),
(191, 'SUN', '9.00', '5.00', 15, '2015-10-09 15:11:45', '2015-10-09 15:11:45'),
(192, 'MON', '9.00', '5.00', 16, '2015-10-09 15:11:45', '2015-10-09 15:11:45'),
(193, 'TUE', '9.00', '5.00', 16, '2015-10-09 15:11:45', '2015-10-09 15:11:45'),
(194, 'WED', '9.00', '5.00', 16, '2015-10-09 15:11:46', '2015-10-09 15:11:46'),
(195, 'THU', '9.00', '5.00', 16, '2015-10-09 15:11:46', '2015-10-09 15:11:46'),
(196, 'FRI', '9.00', '5.00', 16, '2015-10-09 15:11:46', '2015-10-09 15:11:46'),
(197, 'SAT', '9.00', '5.00', 16, '2015-10-09 15:11:46', '2015-10-09 15:11:46'),
(198, 'SUN', '9.00', '5.00', 16, '2015-10-09 15:11:46', '2015-10-09 15:11:46'),
(199, 'MON', '9.00', '5.00', 17, '2015-10-09 15:11:46', '2015-10-09 15:11:46'),
(200, 'TUE', '9.00', '5.00', 17, '2015-10-09 15:11:46', '2015-10-09 15:11:46'),
(201, 'WED', '9.00', '5.00', 17, '2015-10-09 15:11:46', '2015-10-09 15:11:46'),
(202, 'THU', '9.00', '5.00', 17, '2015-10-09 15:11:46', '2015-10-09 15:11:46'),
(203, 'FRI', '9.00', '5.00', 17, '2015-10-09 15:11:46', '2015-10-09 15:11:46'),
(204, 'SAT', '9.00', '5.00', 17, '2015-10-09 15:11:46', '2015-10-09 15:11:46'),
(205, 'SUN', '9.00', '5.00', 17, '2015-10-09 15:11:46', '2015-10-09 15:11:46'),
(206, 'MON', '9.00', '5.00', 18, '2015-10-09 15:11:46', '2015-10-09 15:11:46'),
(207, 'TUE', '9.00', '5.00', 18, '2015-10-09 15:11:46', '2015-10-09 15:11:46'),
(208, 'WED', '9.00', '5.00', 18, '2015-10-09 15:11:46', '2015-10-09 15:11:46'),
(209, 'THU', '9.00', '5.00', 18, '2015-10-09 15:11:46', '2015-10-09 15:11:46'),
(210, 'FRI', '9.00', '5.00', 18, '2015-10-09 15:11:46', '2015-10-09 15:11:46'),
(211, 'SAT', '9.00', '5.00', 18, '2015-10-09 15:11:46', '2015-10-09 15:11:46'),
(212, 'SUN', '9.00', '5.00', 18, '2015-10-09 15:11:46', '2015-10-09 15:11:46'),
(213, 'MON', '9.00', '5.00', 19, '2015-10-09 15:11:46', '2015-10-09 15:11:46'),
(214, 'TUE', '9.00', '5.00', 19, '2015-10-09 15:11:46', '2015-10-09 15:11:46'),
(215, 'WED', '9.00', '5.00', 19, '2015-10-09 15:11:46', '2015-10-09 15:11:46'),
(216, 'THU', '9.00', '5.00', 19, '2015-10-09 15:11:46', '2015-10-09 15:11:46'),
(217, 'FRI', '9.00', '5.00', 19, '2015-10-09 15:11:46', '2015-10-09 15:11:46'),
(218, 'SAT', '9.00', '5.00', 19, '2015-10-09 15:11:46', '2015-10-09 15:11:46'),
(219, 'SUN', '9.00', '5.00', 19, '2015-10-09 15:11:46', '2015-10-09 15:11:46'),
(220, 'MON', '9.00', '5.00', 20, '2015-10-09 15:11:46', '2015-10-09 15:11:46'),
(221, 'TUE', '9.00', '5.00', 20, '2015-10-09 15:11:47', '2015-10-09 15:11:47'),
(222, 'WED', '9.00', '5.00', 20, '2015-10-09 15:11:47', '2015-10-09 15:11:47'),
(223, 'THU', '9.00', '5.00', 20, '2015-10-09 15:11:47', '2015-10-09 15:11:47'),
(224, 'FRI', '9.00', '5.00', 20, '2015-10-09 15:11:47', '2015-10-09 15:11:47'),
(225, 'SAT', '9.00', '5.00', 20, '2015-10-09 15:11:47', '2015-10-09 15:11:47'),
(226, 'SUN', '9.00', '5.00', 20, '2015-10-09 15:11:47', '2015-10-09 15:11:47'),
(227, 'MON', '9.00', '5.00', 21, '2015-10-09 15:11:47', '2015-10-09 15:11:47'),
(228, 'TUE', '9.00', '5.00', 21, '2015-10-09 15:11:47', '2015-10-09 15:11:47'),
(229, 'WED', '9.00', '5.00', 21, '2015-10-09 15:11:47', '2015-10-09 15:11:47'),
(230, 'THU', '9.00', '5.00', 21, '2015-10-09 15:11:47', '2015-10-09 15:11:47'),
(231, 'FRI', '9.00', '5.00', 21, '2015-10-09 15:11:47', '2015-10-09 15:11:47'),
(232, 'SAT', '9.00', '5.00', 21, '2015-10-09 15:11:47', '2015-10-09 15:11:47'),
(233, 'SUN', '9.00', '5.00', 21, '2015-10-09 15:11:47', '2015-10-09 15:11:47'),
(234, 'MON', '9.00', '5.00', 22, '2015-10-09 15:11:47', '2015-10-09 15:11:47'),
(235, 'TUE', '9.00', '5.00', 22, '2015-10-09 15:11:47', '2015-10-09 15:11:47'),
(236, 'WED', '9.00', '5.00', 22, '2015-10-09 15:11:47', '2015-10-09 15:11:47'),
(237, 'THU', '9.00', '5.00', 22, '2015-10-09 15:11:48', '2015-10-09 15:11:48'),
(238, 'FRI', '9.00', '5.00', 22, '2015-10-09 15:11:48', '2015-10-09 15:11:48'),
(239, 'SAT', '9.00', '5.00', 22, '2015-10-09 15:11:48', '2015-10-09 15:11:48'),
(240, 'SUN', '9.00', '5.00', 22, '2015-10-09 15:11:48', '2015-10-09 15:11:48'),
(241, 'MON', '9.00', '5.00', 23, '2015-10-09 15:11:48', '2015-10-09 15:11:48'),
(242, 'TUE', '9.00', '5.00', 23, '2015-10-09 15:11:48', '2015-10-09 15:11:48'),
(243, 'WED', '9.00', '5.00', 23, '2015-10-09 15:11:48', '2015-10-09 15:11:48'),
(244, 'THU', '9.00', '5.00', 23, '2015-10-09 15:11:48', '2015-10-09 15:11:48'),
(245, 'FRI', '9.00', '5.00', 23, '2015-10-09 15:11:48', '2015-10-09 15:11:48'),
(246, 'SAT', '9.00', '5.00', 23, '2015-10-09 15:11:48', '2015-10-09 15:11:48'),
(247, 'SUN', '9.00', '5.00', 23, '2015-10-09 15:11:48', '2015-10-09 15:11:48'),
(248, 'MON', '9.00', '5.00', 24, '2015-10-09 15:11:48', '2015-10-09 15:11:48'),
(249, 'TUE', '9.00', '5.00', 24, '2015-10-09 15:11:48', '2015-10-09 15:11:48'),
(250, 'WED', '9.00', '5.00', 24, '2015-10-09 15:11:48', '2015-10-09 15:11:48'),
(251, 'THU', '9.00', '5.00', 24, '2015-10-09 15:11:48', '2015-10-09 15:11:48'),
(252, 'FRI', '9.00', '5.00', 24, '2015-10-09 15:11:48', '2015-10-09 15:11:48'),
(253, 'SAT', '9.00', '5.00', 24, '2015-10-09 15:11:48', '2015-10-09 15:11:48'),
(254, 'SUN', '9.00', '5.00', 24, '2015-10-09 15:11:48', '2015-10-09 15:11:48'),
(255, 'MON', '9.00', '5.00', 25, '2015-10-09 15:11:48', '2015-10-09 15:11:48'),
(256, 'TUE', '9.00', '5.00', 25, '2015-10-09 15:11:48', '2015-10-09 15:11:48'),
(257, 'WED', '9.00', '5.00', 25, '2015-10-09 15:11:48', '2015-10-09 15:11:48'),
(258, 'THU', '9.00', '5.00', 25, '2015-10-09 15:11:48', '2015-10-09 15:11:48'),
(259, 'FRI', '9.00', '5.00', 25, '2015-10-09 15:11:48', '2015-10-09 15:11:48'),
(260, 'SAT', '9.00', '5.00', 25, '2015-10-09 15:11:48', '2015-10-09 15:11:48'),
(261, 'SUN', '9.00', '5.00', 25, '2015-10-09 15:11:49', '2015-10-09 15:11:49'),
(262, 'MON', '9.00', '5.00', 29, '2015-10-09 15:11:49', '2015-10-09 15:11:49'),
(263, 'TUE', '9.00', '5.00', 29, '2015-10-09 15:11:49', '2015-10-09 15:11:49'),
(264, 'WED', '9.00', '5.00', 29, '2015-10-09 15:11:49', '2015-10-09 15:11:49'),
(265, 'THU', '9.00', '5.00', 29, '2015-10-09 15:11:49', '2015-10-09 15:11:49'),
(266, 'FRI', '9.00', '5.00', 29, '2015-10-09 15:11:49', '2015-10-09 15:11:49'),
(267, 'SAT', '9.00', '5.00', 29, '2015-10-09 15:11:49', '2015-10-09 15:11:49'),
(268, 'SUN', '9.00', '5.00', 29, '2015-10-09 15:11:49', '2015-10-09 15:11:49'),
(269, 'MON', '9.00', '5.00', 1, '2015-10-09 15:11:58', '2015-10-09 15:11:58'),
(270, 'TUE', '9.00', '5.00', 1, '2015-10-09 15:11:59', '2015-10-09 15:11:59'),
(271, 'WED', '9.00', '5.00', 1, '2015-10-09 15:11:59', '2015-10-09 15:11:59'),
(272, 'THU', '9.00', '5.00', 1, '2015-10-09 15:11:59', '2015-10-09 15:11:59'),
(273, 'FRI', '9.00', '5.00', 1, '2015-10-09 15:11:59', '2015-10-09 15:11:59'),
(274, 'SAT', '9.00', '5.00', 1, '2015-10-09 15:11:59', '2015-10-09 15:11:59'),
(275, 'SUN', '9.00', '5.00', 1, '2015-10-09 15:11:59', '2015-10-09 15:11:59'),
(276, 'MON', '9.00', '5.00', 3, '2015-10-09 15:11:59', '2015-10-09 15:11:59'),
(277, 'TUE', '9.00', '5.00', 3, '2015-10-09 15:11:59', '2015-10-09 15:11:59'),
(278, 'WED', '9.00', '5.00', 3, '2015-10-09 15:11:59', '2015-10-09 15:11:59'),
(279, 'THU', '9.00', '5.00', 3, '2015-10-09 15:11:59', '2015-10-09 15:11:59'),
(280, 'FRI', '9.00', '5.00', 3, '2015-10-09 15:11:59', '2015-10-09 15:11:59'),
(281, 'SAT', '9.00', '5.00', 3, '2015-10-09 15:11:59', '2015-10-09 15:11:59'),
(282, 'SUN', '9.00', '5.00', 3, '2015-10-09 15:11:59', '2015-10-09 15:11:59'),
(283, 'MON', '9.00', '5.00', 8, '2015-10-09 15:11:59', '2015-10-09 15:11:59'),
(284, 'TUE', '9.00', '5.00', 8, '2015-10-09 15:11:59', '2015-10-09 15:11:59'),
(285, 'WED', '9.00', '5.00', 8, '2015-10-09 15:11:59', '2015-10-09 15:11:59'),
(286, 'THU', '9.00', '5.00', 8, '2015-10-09 15:11:59', '2015-10-09 15:11:59'),
(287, 'FRI', '9.00', '5.00', 8, '2015-10-09 15:12:00', '2015-10-09 15:12:00'),
(288, 'SAT', '9.00', '5.00', 8, '2015-10-09 15:12:00', '2015-10-09 15:12:00'),
(289, 'SUN', '9.00', '5.00', 8, '2015-10-09 15:12:00', '2015-10-09 15:12:00'),
(290, 'MON', '9.00', '5.00', 9, '2015-10-09 15:12:00', '2015-10-09 15:12:00'),
(291, 'TUE', '9.00', '5.00', 9, '2015-10-09 15:12:00', '2015-10-09 15:12:00'),
(292, 'WED', '9.00', '5.00', 9, '2015-10-09 15:12:00', '2015-10-09 15:12:00'),
(293, 'THU', '9.00', '5.00', 9, '2015-10-09 15:12:00', '2015-10-09 15:12:00'),
(294, 'FRI', '9.00', '5.00', 9, '2015-10-09 15:12:00', '2015-10-09 15:12:00'),
(295, 'SAT', '9.00', '5.00', 9, '2015-10-09 15:12:00', '2015-10-09 15:12:00'),
(296, 'SUN', '9.00', '5.00', 9, '2015-10-09 15:12:00', '2015-10-09 15:12:00'),
(297, 'MON', '9.00', '5.00', 11, '2015-10-09 15:12:00', '2015-10-09 15:12:00'),
(298, 'TUE', '9.00', '5.00', 11, '2015-10-09 15:12:00', '2015-10-09 15:12:00'),
(299, 'WED', '9.00', '5.00', 11, '2015-10-09 15:12:00', '2015-10-09 15:12:00'),
(300, 'THU', '9.00', '5.00', 11, '2015-10-09 15:12:00', '2015-10-09 15:12:00'),
(301, 'FRI', '9.00', '5.00', 11, '2015-10-09 15:12:00', '2015-10-09 15:12:00'),
(302, 'SAT', '9.00', '5.00', 11, '2015-10-09 15:12:00', '2015-10-09 15:12:00'),
(303, 'SUN', '9.00', '5.00', 11, '2015-10-09 15:12:00', '2015-10-09 15:12:00'),
(304, 'MON', '9.00', '5.00', 12, '2015-10-09 15:12:00', '2015-10-09 15:12:00'),
(305, 'TUE', '9.00', '5.00', 12, '2015-10-09 15:12:01', '2015-10-09 15:12:01'),
(306, 'WED', '9.00', '5.00', 12, '2015-10-09 15:12:01', '2015-10-09 15:12:01'),
(307, 'THU', '9.00', '5.00', 12, '2015-10-09 15:12:01', '2015-10-09 15:12:01'),
(308, 'FRI', '9.00', '5.00', 12, '2015-10-09 15:12:01', '2015-10-09 15:12:01'),
(309, 'SAT', '9.00', '5.00', 12, '2015-10-09 15:12:01', '2015-10-09 15:12:01'),
(310, 'SUN', '9.00', '5.00', 12, '2015-10-09 15:12:01', '2015-10-09 15:12:01'),
(311, 'MON', '9.00', '5.00', 15, '2015-10-09 15:12:01', '2015-10-09 15:12:01'),
(312, 'TUE', '9.00', '5.00', 15, '2015-10-09 15:12:01', '2015-10-09 15:12:01'),
(313, 'WED', '9.00', '5.00', 15, '2015-10-09 15:12:01', '2015-10-09 15:12:01'),
(314, 'THU', '9.00', '5.00', 15, '2015-10-09 15:12:01', '2015-10-09 15:12:01'),
(315, 'FRI', '9.00', '5.00', 15, '2015-10-09 15:12:01', '2015-10-09 15:12:01'),
(316, 'SAT', '9.00', '5.00', 15, '2015-10-09 15:12:01', '2015-10-09 15:12:01'),
(317, 'SUN', '9.00', '5.00', 15, '2015-10-09 15:12:01', '2015-10-09 15:12:01'),
(318, 'MON', '9.00', '5.00', 16, '2015-10-09 15:12:01', '2015-10-09 15:12:01'),
(319, 'TUE', '9.00', '5.00', 16, '2015-10-09 15:12:01', '2015-10-09 15:12:01'),
(320, 'WED', '9.00', '5.00', 16, '2015-10-09 15:12:01', '2015-10-09 15:12:01'),
(321, 'THU', '9.00', '5.00', 16, '2015-10-09 15:12:01', '2015-10-09 15:12:01'),
(322, 'FRI', '9.00', '5.00', 16, '2015-10-09 15:12:01', '2015-10-09 15:12:01'),
(323, 'SAT', '9.00', '5.00', 16, '2015-10-09 15:12:01', '2015-10-09 15:12:01'),
(324, 'SUN', '9.00', '5.00', 16, '2015-10-09 15:12:02', '2015-10-09 15:12:02'),
(325, 'MON', '9.00', '5.00', 17, '2015-10-09 15:12:02', '2015-10-09 15:12:02'),
(326, 'TUE', '9.00', '5.00', 17, '2015-10-09 15:12:02', '2015-10-09 15:12:02'),
(327, 'WED', '9.00', '5.00', 17, '2015-10-09 15:12:02', '2015-10-09 15:12:02'),
(328, 'THU', '9.00', '5.00', 17, '2015-10-09 15:12:02', '2015-10-09 15:12:02'),
(329, 'FRI', '9.00', '5.00', 17, '2015-10-09 15:12:02', '2015-10-09 15:12:02'),
(330, 'SAT', '9.00', '5.00', 17, '2015-10-09 15:12:02', '2015-10-09 15:12:02'),
(331, 'SUN', '9.00', '5.00', 17, '2015-10-09 15:12:02', '2015-10-09 15:12:02'),
(332, 'MON', '9.00', '5.00', 18, '2015-10-09 15:12:02', '2015-10-09 15:12:02'),
(333, 'TUE', '9.00', '5.00', 18, '2015-10-09 15:12:02', '2015-10-09 15:12:02'),
(334, 'WED', '9.00', '5.00', 18, '2015-10-09 15:12:02', '2015-10-09 15:12:02'),
(335, 'THU', '9.00', '5.00', 18, '2015-10-09 15:12:02', '2015-10-09 15:12:02'),
(336, 'FRI', '9.00', '5.00', 18, '2015-10-09 15:12:02', '2015-10-09 15:12:02'),
(337, 'SAT', '9.00', '5.00', 18, '2015-10-09 15:12:02', '2015-10-09 15:12:02'),
(338, 'SUN', '9.00', '5.00', 18, '2015-10-09 15:12:02', '2015-10-09 15:12:02'),
(339, 'MON', '9.00', '5.00', 19, '2015-10-09 15:12:02', '2015-10-09 15:12:02'),
(340, 'TUE', '9.00', '5.00', 19, '2015-10-09 15:12:02', '2015-10-09 15:12:02'),
(341, 'WED', '9.00', '5.00', 19, '2015-10-09 15:12:02', '2015-10-09 15:12:02'),
(342, 'THU', '9.00', '5.00', 19, '2015-10-09 15:12:03', '2015-10-09 15:12:03'),
(343, 'FRI', '9.00', '5.00', 19, '2015-10-09 15:12:03', '2015-10-09 15:12:03'),
(344, 'SAT', '9.00', '5.00', 19, '2015-10-09 15:12:03', '2015-10-09 15:12:03'),
(345, 'SUN', '9.00', '5.00', 19, '2015-10-09 15:12:03', '2015-10-09 15:12:03'),
(346, 'MON', '9.00', '5.00', 20, '2015-10-09 15:12:03', '2015-10-09 15:12:03'),
(347, 'TUE', '9.00', '5.00', 20, '2015-10-09 15:12:03', '2015-10-09 15:12:03'),
(348, 'WED', '9.00', '5.00', 20, '2015-10-09 15:12:03', '2015-10-09 15:12:03'),
(349, 'THU', '9.00', '5.00', 20, '2015-10-09 15:12:03', '2015-10-09 15:12:03'),
(350, 'FRI', '9.00', '5.00', 20, '2015-10-09 15:12:03', '2015-10-09 15:12:03'),
(351, 'SAT', '9.00', '5.00', 20, '2015-10-09 15:12:03', '2015-10-09 15:12:03'),
(352, 'SUN', '9.00', '5.00', 20, '2015-10-09 15:12:03', '2015-10-09 15:12:03'),
(353, 'MON', '9.00', '5.00', 21, '2015-10-09 15:12:03', '2015-10-09 15:12:03'),
(354, 'TUE', '9.00', '5.00', 21, '2015-10-09 15:12:03', '2015-10-09 15:12:03'),
(355, 'WED', '9.00', '5.00', 21, '2015-10-09 15:12:03', '2015-10-09 15:12:03'),
(356, 'THU', '9.00', '5.00', 21, '2015-10-09 15:12:03', '2015-10-09 15:12:03'),
(357, 'FRI', '9.00', '5.00', 21, '2015-10-09 15:12:04', '2015-10-09 15:12:04'),
(358, 'SAT', '9.00', '5.00', 21, '2015-10-09 15:12:04', '2015-10-09 15:12:04'),
(359, 'SUN', '9.00', '5.00', 21, '2015-10-09 15:12:04', '2015-10-09 15:12:04'),
(360, 'MON', '9.00', '5.00', 22, '2015-10-09 15:12:04', '2015-10-09 15:12:04'),
(361, 'TUE', '9.00', '5.00', 22, '2015-10-09 15:12:04', '2015-10-09 15:12:04'),
(362, 'WED', '9.00', '5.00', 22, '2015-10-09 15:12:04', '2015-10-09 15:12:04'),
(363, 'THU', '9.00', '5.00', 22, '2015-10-09 15:12:04', '2015-10-09 15:12:04'),
(364, 'FRI', '9.00', '5.00', 22, '2015-10-09 15:12:04', '2015-10-09 15:12:04'),
(365, 'SAT', '9.00', '5.00', 22, '2015-10-09 15:12:04', '2015-10-09 15:12:04'),
(366, 'SUN', '9.00', '5.00', 22, '2015-10-09 15:12:04', '2015-10-09 15:12:04'),
(367, 'MON', '9.00', '5.00', 23, '2015-10-09 15:12:04', '2015-10-09 15:12:04'),
(368, 'TUE', '9.00', '5.00', 23, '2015-10-09 15:12:04', '2015-10-09 15:12:04'),
(369, 'WED', '9.00', '5.00', 23, '2015-10-09 15:12:04', '2015-10-09 15:12:04'),
(370, 'THU', '9.00', '5.00', 23, '2015-10-09 15:12:04', '2015-10-09 15:12:04'),
(371, 'FRI', '9.00', '5.00', 23, '2015-10-09 15:12:04', '2015-10-09 15:12:04'),
(372, 'SAT', '9.00', '5.00', 23, '2015-10-09 15:12:04', '2015-10-09 15:12:04'),
(373, 'SUN', '9.00', '5.00', 23, '2015-10-09 15:12:05', '2015-10-09 15:12:05'),
(374, 'MON', '9.00', '5.00', 24, '2015-10-09 15:12:05', '2015-10-09 15:12:05'),
(375, 'TUE', '9.00', '5.00', 24, '2015-10-09 15:12:05', '2015-10-09 15:12:05'),
(376, 'WED', '9.00', '5.00', 24, '2015-10-09 15:12:05', '2015-10-09 15:12:05'),
(377, 'THU', '9.00', '5.00', 24, '2015-10-09 15:12:05', '2015-10-09 15:12:05'),
(378, 'FRI', '9.00', '5.00', 24, '2015-10-09 15:12:05', '2015-10-09 15:12:05'),
(379, 'SAT', '9.00', '5.00', 24, '2015-10-09 15:12:05', '2015-10-09 15:12:05'),
(380, 'SUN', '9.00', '5.00', 24, '2015-10-09 15:12:05', '2015-10-09 15:12:05'),
(381, 'MON', '9.00', '5.00', 25, '2015-10-09 15:12:05', '2015-10-09 15:12:05'),
(382, 'TUE', '9.00', '5.00', 25, '2015-10-09 15:12:05', '2015-10-09 15:12:05'),
(383, 'WED', '9.00', '5.00', 25, '2015-10-09 15:12:05', '2015-10-09 15:12:05'),
(384, 'THU', '9.00', '5.00', 25, '2015-10-09 15:12:05', '2015-10-09 15:12:05'),
(385, 'FRI', '9.00', '5.00', 25, '2015-10-09 15:12:05', '2015-10-09 15:12:05'),
(386, 'SAT', '9.00', '5.00', 25, '2015-10-09 15:12:05', '2015-10-09 15:12:05'),
(387, 'SUN', '9.00', '5.00', 25, '2015-10-09 15:12:05', '2015-10-09 15:12:05'),
(388, 'MON', '9.00', '5.00', 29, '2015-10-09 15:12:05', '2015-10-09 15:12:05'),
(389, 'TUE', '9.00', '5.00', 29, '2015-10-09 15:12:05', '2015-10-09 15:12:05'),
(390, 'WED', '9.00', '5.00', 29, '2015-10-09 15:12:05', '2015-10-09 15:12:05'),
(391, 'THU', '9.00', '5.00', 29, '2015-10-09 15:12:05', '2015-10-09 15:12:05'),
(392, 'FRI', '9.00', '5.00', 29, '2015-10-09 15:12:05', '2015-10-09 15:12:05'),
(393, 'SAT', '9.00', '5.00', 29, '2015-10-09 15:12:06', '2015-10-09 15:12:06'),
(394, 'SUN', '9.00', '5.00', 29, '2015-10-09 15:12:06', '2015-10-09 15:12:06'),
(395, 'MON', '9.00', '5.00', 1, '2015-10-09 15:12:18', '2015-10-09 15:12:18'),
(396, 'TUE', '9.00', '5.00', 1, '2015-10-09 15:12:18', '2015-10-09 15:12:18'),
(397, 'WED', '9.00', '5.00', 1, '2015-10-09 15:12:18', '2015-10-09 15:12:18'),
(398, 'THU', '9.00', '5.00', 1, '2015-10-09 15:12:18', '2015-10-09 15:12:18'),
(399, 'FRI', '9.00', '5.00', 1, '2015-10-09 15:12:18', '2015-10-09 15:12:18'),
(400, 'SAT', '9.00', '5.00', 1, '2015-10-09 15:12:18', '2015-10-09 15:12:18'),
(401, 'SUN', '9.00', '5.00', 1, '2015-10-09 15:12:18', '2015-10-09 15:12:18'),
(402, 'MON', '9.00', '5.00', 3, '2015-10-09 15:12:18', '2015-10-09 15:12:18'),
(403, 'TUE', '9.00', '5.00', 3, '2015-10-09 15:12:18', '2015-10-09 15:12:18'),
(404, 'WED', '9.00', '5.00', 3, '2015-10-09 15:12:18', '2015-10-09 15:12:18'),
(405, 'THU', '9.00', '5.00', 3, '2015-10-09 15:12:18', '2015-10-09 15:12:18'),
(406, 'FRI', '9.00', '5.00', 3, '2015-10-09 15:12:19', '2015-10-09 15:12:19'),
(407, 'SAT', '9.00', '5.00', 3, '2015-10-09 15:12:19', '2015-10-09 15:12:19'),
(408, 'SUN', '9.00', '5.00', 3, '2015-10-09 15:12:19', '2015-10-09 15:12:19'),
(409, 'MON', '9.00', '5.00', 8, '2015-10-09 15:12:19', '2015-10-09 15:12:19'),
(410, 'TUE', '9.00', '5.00', 8, '2015-10-09 15:12:19', '2015-10-09 15:12:19'),
(411, 'WED', '9.00', '5.00', 8, '2015-10-09 15:12:19', '2015-10-09 15:12:19'),
(412, 'THU', '9.00', '5.00', 8, '2015-10-09 15:12:19', '2015-10-09 15:12:19'),
(413, 'FRI', '9.00', '5.00', 8, '2015-10-09 15:12:19', '2015-10-09 15:12:19'),
(414, 'SAT', '9.00', '5.00', 8, '2015-10-09 15:12:19', '2015-10-09 15:12:19'),
(415, 'SUN', '9.00', '5.00', 8, '2015-10-09 15:12:19', '2015-10-09 15:12:19'),
(416, 'MON', '9.00', '5.00', 9, '2015-10-09 15:12:19', '2015-10-09 15:12:19'),
(417, 'TUE', '9.00', '5.00', 9, '2015-10-09 15:12:19', '2015-10-09 15:12:19'),
(418, 'WED', '9.00', '5.00', 9, '2015-10-09 15:12:19', '2015-10-09 15:12:19'),
(419, 'THU', '9.00', '5.00', 9, '2015-10-09 15:12:19', '2015-10-09 15:12:19'),
(420, 'FRI', '9.00', '5.00', 9, '2015-10-09 15:12:19', '2015-10-09 15:12:19'),
(421, 'SAT', '9.00', '5.00', 9, '2015-10-09 15:12:19', '2015-10-09 15:12:19'),
(422, 'SUN', '9.00', '5.00', 9, '2015-10-09 15:12:19', '2015-10-09 15:12:19'),
(423, 'MON', '9.00', '5.00', 11, '2015-10-09 15:12:20', '2015-10-09 15:12:20'),
(424, 'TUE', '9.00', '5.00', 11, '2015-10-09 15:12:20', '2015-10-09 15:12:20'),
(425, 'WED', '9.00', '5.00', 11, '2015-10-09 15:12:20', '2015-10-09 15:12:20'),
(426, 'THU', '9.00', '5.00', 11, '2015-10-09 15:12:20', '2015-10-09 15:12:20'),
(427, 'FRI', '9.00', '5.00', 11, '2015-10-09 15:12:20', '2015-10-09 15:12:20'),
(428, 'SAT', '9.00', '5.00', 11, '2015-10-09 15:12:20', '2015-10-09 15:12:20'),
(429, 'SUN', '9.00', '5.00', 11, '2015-10-09 15:12:20', '2015-10-09 15:12:20'),
(430, 'MON', '9.00', '5.00', 12, '2015-10-09 15:12:20', '2015-10-09 15:12:20'),
(431, 'TUE', '9.00', '5.00', 12, '2015-10-09 15:12:20', '2015-10-09 15:12:20'),
(432, 'WED', '9.00', '5.00', 12, '2015-10-09 15:12:20', '2015-10-09 15:12:20'),
(433, 'THU', '9.00', '5.00', 12, '2015-10-09 15:12:20', '2015-10-09 15:12:20'),
(434, 'FRI', '9.00', '5.00', 12, '2015-10-09 15:12:20', '2015-10-09 15:12:20'),
(435, 'SAT', '9.00', '5.00', 12, '2015-10-09 15:12:20', '2015-10-09 15:12:20'),
(436, 'SUN', '9.00', '5.00', 12, '2015-10-09 15:12:20', '2015-10-09 15:12:20'),
(437, 'MON', '9.00', '5.00', 15, '2015-10-09 15:12:20', '2015-10-09 15:12:20'),
(438, 'TUE', '9.00', '5.00', 15, '2015-10-09 15:12:20', '2015-10-09 15:12:20'),
(439, 'WED', '9.00', '5.00', 15, '2015-10-09 15:12:20', '2015-10-09 15:12:20'),
(440, 'THU', '9.00', '5.00', 15, '2015-10-09 15:12:20', '2015-10-09 15:12:20'),
(441, 'FRI', '9.00', '5.00', 15, '2015-10-09 15:12:20', '2015-10-09 15:12:20'),
(442, 'SAT', '9.00', '5.00', 15, '2015-10-09 15:12:21', '2015-10-09 15:12:21'),
(443, 'SUN', '9.00', '5.00', 15, '2015-10-09 15:12:21', '2015-10-09 15:12:21'),
(444, 'MON', '9.00', '5.00', 16, '2015-10-09 15:12:21', '2015-10-09 15:12:21'),
(445, 'TUE', '9.00', '5.00', 16, '2015-10-09 15:12:21', '2015-10-09 15:12:21'),
(446, 'WED', '9.00', '5.00', 16, '2015-10-09 15:12:21', '2015-10-09 15:12:21'),
(447, 'THU', '9.00', '5.00', 16, '2015-10-09 15:12:21', '2015-10-09 15:12:21'),
(448, 'FRI', '9.00', '5.00', 16, '2015-10-09 15:12:21', '2015-10-09 15:12:21'),
(449, 'SAT', '9.00', '5.00', 16, '2015-10-09 15:12:21', '2015-10-09 15:12:21'),
(450, 'SUN', '9.00', '5.00', 16, '2015-10-09 15:12:21', '2015-10-09 15:12:21'),
(451, 'MON', '9.00', '5.00', 17, '2015-10-09 15:12:21', '2015-10-09 15:12:21'),
(452, 'TUE', '9.00', '5.00', 17, '2015-10-09 15:12:21', '2015-10-09 15:12:21'),
(453, 'WED', '9.00', '5.00', 17, '2015-10-09 15:12:21', '2015-10-09 15:12:21'),
(454, 'THU', '9.00', '5.00', 17, '2015-10-09 15:12:21', '2015-10-09 15:12:21'),
(455, 'FRI', '9.00', '5.00', 17, '2015-10-09 15:12:21', '2015-10-09 15:12:21'),
(456, 'SAT', '9.00', '5.00', 17, '2015-10-09 15:12:21', '2015-10-09 15:12:21'),
(457, 'SUN', '9.00', '5.00', 17, '2015-10-09 15:12:21', '2015-10-09 15:12:21'),
(458, 'MON', '9.00', '5.00', 18, '2015-10-09 15:12:21', '2015-10-09 15:12:21'),
(459, 'TUE', '9.00', '5.00', 18, '2015-10-09 15:12:21', '2015-10-09 15:12:21'),
(460, 'WED', '9.00', '5.00', 18, '2015-10-09 15:12:21', '2015-10-09 15:12:21'),
(461, 'THU', '9.00', '5.00', 18, '2015-10-09 15:12:22', '2015-10-09 15:12:22'),
(462, 'FRI', '9.00', '5.00', 18, '2015-10-09 15:12:22', '2015-10-09 15:12:22'),
(463, 'SAT', '9.00', '5.00', 18, '2015-10-09 15:12:22', '2015-10-09 15:12:22'),
(464, 'SUN', '9.00', '5.00', 18, '2015-10-09 15:12:22', '2015-10-09 15:12:22'),
(465, 'MON', '9.00', '5.00', 19, '2015-10-09 15:12:22', '2015-10-09 15:12:22'),
(466, 'TUE', '9.00', '5.00', 19, '2015-10-09 15:12:22', '2015-10-09 15:12:22'),
(467, 'WED', '9.00', '5.00', 19, '2015-10-09 15:12:22', '2015-10-09 15:12:22'),
(468, 'THU', '9.00', '5.00', 19, '2015-10-09 15:12:22', '2015-10-09 15:12:22'),
(469, 'FRI', '9.00', '5.00', 19, '2015-10-09 15:12:22', '2015-10-09 15:12:22'),
(470, 'SAT', '9.00', '5.00', 19, '2015-10-09 15:12:22', '2015-10-09 15:12:22'),
(471, 'SUN', '9.00', '5.00', 19, '2015-10-09 15:12:22', '2015-10-09 15:12:22'),
(472, 'MON', '9.00', '5.00', 20, '2015-10-09 15:12:22', '2015-10-09 15:12:22'),
(473, 'TUE', '9.00', '5.00', 20, '2015-10-09 15:12:22', '2015-10-09 15:12:22'),
(474, 'WED', '9.00', '5.00', 20, '2015-10-09 15:12:22', '2015-10-09 15:12:22'),
(475, 'THU', '9.00', '5.00', 20, '2015-10-09 15:12:22', '2015-10-09 15:12:22'),
(476, 'FRI', '9.00', '5.00', 20, '2015-10-09 15:12:22', '2015-10-09 15:12:22'),
(477, 'SAT', '9.00', '5.00', 20, '2015-10-09 15:12:22', '2015-10-09 15:12:22'),
(478, 'SUN', '9.00', '5.00', 20, '2015-10-09 15:12:22', '2015-10-09 15:12:22'),
(479, 'MON', '9.00', '5.00', 21, '2015-10-09 15:12:22', '2015-10-09 15:12:22'),
(480, 'TUE', '9.00', '5.00', 21, '2015-10-09 15:12:22', '2015-10-09 15:12:22'),
(481, 'WED', '9.00', '5.00', 21, '2015-10-09 15:12:23', '2015-10-09 15:12:23'),
(482, 'THU', '9.00', '5.00', 21, '2015-10-09 15:12:23', '2015-10-09 15:12:23'),
(483, 'FRI', '9.00', '5.00', 21, '2015-10-09 15:12:23', '2015-10-09 15:12:23'),
(484, 'SAT', '9.00', '5.00', 21, '2015-10-09 15:12:23', '2015-10-09 15:12:23'),
(485, 'SUN', '9.00', '5.00', 21, '2015-10-09 15:12:23', '2015-10-09 15:12:23'),
(486, 'MON', '9.00', '5.00', 22, '2015-10-09 15:12:23', '2015-10-09 15:12:23'),
(487, 'TUE', '9.00', '5.00', 22, '2015-10-09 15:12:23', '2015-10-09 15:12:23'),
(488, 'WED', '9.00', '5.00', 22, '2015-10-09 15:12:23', '2015-10-09 15:12:23'),
(489, 'THU', '9.00', '5.00', 22, '2015-10-09 15:12:23', '2015-10-09 15:12:23'),
(490, 'FRI', '9.00', '5.00', 22, '2015-10-09 15:12:23', '2015-10-09 15:12:23'),
(491, 'SAT', '9.00', '5.00', 22, '2015-10-09 15:12:23', '2015-10-09 15:12:23'),
(492, 'SUN', '9.00', '5.00', 22, '2015-10-09 15:12:23', '2015-10-09 15:12:23'),
(493, 'MON', '9.00', '5.00', 23, '2015-10-09 15:12:23', '2015-10-09 15:12:23'),
(494, 'TUE', '9.00', '5.00', 23, '2015-10-09 15:12:23', '2015-10-09 15:12:23'),
(495, 'WED', '9.00', '5.00', 23, '2015-10-09 15:12:23', '2015-10-09 15:12:23'),
(496, 'THU', '9.00', '5.00', 23, '2015-10-09 15:12:23', '2015-10-09 15:12:23'),
(497, 'FRI', '9.00', '5.00', 23, '2015-10-09 15:12:23', '2015-10-09 15:12:23'),
(498, 'SAT', '9.00', '5.00', 23, '2015-10-09 15:12:23', '2015-10-09 15:12:23'),
(499, 'SUN', '9.00', '5.00', 23, '2015-10-09 15:12:23', '2015-10-09 15:12:23'),
(500, 'MON', '9.00', '5.00', 24, '2015-10-09 15:12:23', '2015-10-09 15:12:23'),
(501, 'TUE', '9.00', '5.00', 24, '2015-10-09 15:12:24', '2015-10-09 15:12:24'),
(502, 'WED', '9.00', '5.00', 24, '2015-10-09 15:12:24', '2015-10-09 15:12:24'),
(503, 'THU', '9.00', '5.00', 24, '2015-10-09 15:12:24', '2015-10-09 15:12:24'),
(504, 'FRI', '9.00', '5.00', 24, '2015-10-09 15:12:24', '2015-10-09 15:12:24'),
(505, 'SAT', '9.00', '5.00', 24, '2015-10-09 15:12:24', '2015-10-09 15:12:24'),
(506, 'SUN', '9.00', '5.00', 24, '2015-10-09 15:12:24', '2015-10-09 15:12:24'),
(507, 'MON', '9.00', '5.00', 25, '2015-10-09 15:12:24', '2015-10-09 15:12:24'),
(508, 'TUE', '9.00', '5.00', 25, '2015-10-09 15:12:24', '2015-10-09 15:12:24'),
(509, 'WED', '9.00', '5.00', 25, '2015-10-09 15:12:24', '2015-10-09 15:12:24'),
(510, 'THU', '9.00', '5.00', 25, '2015-10-09 15:12:24', '2015-10-09 15:12:24'),
(511, 'FRI', '9.00', '5.00', 25, '2015-10-09 15:12:24', '2015-10-09 15:12:24'),
(512, 'SAT', '9.00', '5.00', 25, '2015-10-09 15:12:24', '2015-10-09 15:12:24'),
(513, 'SUN', '9.00', '5.00', 25, '2015-10-09 15:12:24', '2015-10-09 15:12:24'),
(514, 'MON', '9.00', '5.00', 29, '2015-10-09 15:12:24', '2015-10-09 15:12:24'),
(515, 'TUE', '9.00', '5.00', 29, '2015-10-09 15:12:24', '2015-10-09 15:12:24'),
(516, 'WED', '9.00', '5.00', 29, '2015-10-09 15:12:24', '2015-10-09 15:12:24'),
(517, 'THU', '9.00', '5.00', 29, '2015-10-09 15:12:24', '2015-10-09 15:12:24'),
(518, 'FRI', '9.00', '5.00', 29, '2015-10-09 15:12:24', '2015-10-09 15:12:24'),
(519, 'SAT', '9.00', '5.00', 29, '2015-10-09 15:12:24', '2015-10-09 15:12:24'),
(520, 'SUN', '9.00', '5.00', 29, '2015-10-09 15:12:24', '2015-10-09 15:12:24'),
(521, 'MON', '9.00', '5.00', 1, '2015-10-09 15:17:12', '2015-10-09 15:17:12'),
(522, 'TUE', '9.00', '5.00', 1, '2015-10-09 15:17:12', '2015-10-09 15:17:12'),
(523, 'WED', '9.00', '5.00', 1, '2015-10-09 15:17:12', '2015-10-09 15:17:12'),
(524, 'THU', '9.00', '5.00', 1, '2015-10-09 15:17:12', '2015-10-09 15:17:12'),
(525, 'FRI', '9.00', '5.00', 1, '2015-10-09 15:17:12', '2015-10-09 15:17:12'),
(526, 'SAT', '9.00', '5.00', 1, '2015-10-09 15:17:12', '2015-10-09 15:17:12'),
(527, 'SUN', '9.00', '5.00', 1, '2015-10-09 15:17:12', '2015-10-09 15:17:12'),
(528, 'MON', '9.00', '5.00', 3, '2015-10-09 15:17:12', '2015-10-09 15:17:12'),
(529, 'TUE', '9.00', '5.00', 3, '2015-10-09 15:17:12', '2015-10-09 15:17:12'),
(530, 'WED', '9.00', '5.00', 3, '2015-10-09 15:17:12', '2015-10-09 15:17:12'),
(531, 'THU', '9.00', '5.00', 3, '2015-10-09 15:17:12', '2015-10-09 15:17:12'),
(532, 'FRI', '9.00', '5.00', 3, '2015-10-09 15:17:12', '2015-10-09 15:17:12'),
(533, 'SAT', '9.00', '5.00', 3, '2015-10-09 15:17:12', '2015-10-09 15:17:12'),
(534, 'SUN', '9.00', '5.00', 3, '2015-10-09 15:17:12', '2015-10-09 15:17:12'),
(535, 'MON', '9.00', '5.00', 8, '2015-10-09 15:17:13', '2015-10-09 15:17:13'),
(536, 'TUE', '9.00', '5.00', 8, '2015-10-09 15:17:13', '2015-10-09 15:17:13'),
(537, 'WED', '9.00', '5.00', 8, '2015-10-09 15:17:13', '2015-10-09 15:17:13'),
(538, 'THU', '9.00', '5.00', 8, '2015-10-09 15:17:13', '2015-10-09 15:17:13'),
(539, 'FRI', '9.00', '5.00', 8, '2015-10-09 15:17:13', '2015-10-09 15:17:13'),
(540, 'SAT', '9.00', '5.00', 8, '2015-10-09 15:17:13', '2015-10-09 15:17:13'),
(541, 'SUN', '9.00', '5.00', 8, '2015-10-09 15:17:13', '2015-10-09 15:17:13'),
(542, 'MON', '9.00', '5.00', 9, '2015-10-09 15:17:13', '2015-10-09 15:17:13'),
(543, 'TUE', '9.00', '5.00', 9, '2015-10-09 15:17:13', '2015-10-09 15:17:13'),
(544, 'WED', '9.00', '5.00', 9, '2015-10-09 15:17:13', '2015-10-09 15:17:13'),
(545, 'THU', '9.00', '5.00', 9, '2015-10-09 15:17:13', '2015-10-09 15:17:13'),
(546, 'FRI', '9.00', '5.00', 9, '2015-10-09 15:17:13', '2015-10-09 15:17:13'),
(547, 'SAT', '9.00', '5.00', 9, '2015-10-09 15:17:13', '2015-10-09 15:17:13'),
(548, 'SUN', '9.00', '5.00', 9, '2015-10-09 15:17:13', '2015-10-09 15:17:13'),
(549, 'MON', '9.00', '5.00', 11, '2015-10-09 15:17:13', '2015-10-09 15:17:13'),
(550, 'TUE', '9.00', '5.00', 11, '2015-10-09 15:17:13', '2015-10-09 15:17:13'),
(551, 'WED', '9.00', '5.00', 11, '2015-10-09 15:17:13', '2015-10-09 15:17:13'),
(552, 'THU', '9.00', '5.00', 11, '2015-10-09 15:17:13', '2015-10-09 15:17:13'),
(553, 'FRI', '9.00', '5.00', 11, '2015-10-09 15:17:13', '2015-10-09 15:17:13'),
(554, 'SAT', '9.00', '5.00', 11, '2015-10-09 15:17:13', '2015-10-09 15:17:13'),
(555, 'SUN', '9.00', '5.00', 11, '2015-10-09 15:17:14', '2015-10-09 15:17:14'),
(556, 'MON', '9.00', '5.00', 12, '2015-10-09 15:17:14', '2015-10-09 15:17:14'),
(557, 'TUE', '9.00', '5.00', 12, '2015-10-09 15:17:14', '2015-10-09 15:17:14'),
(558, 'WED', '9.00', '5.00', 12, '2015-10-09 15:17:14', '2015-10-09 15:17:14'),
(559, 'THU', '9.00', '5.00', 12, '2015-10-09 15:17:14', '2015-10-09 15:17:14'),
(560, 'FRI', '9.00', '5.00', 12, '2015-10-09 15:17:14', '2015-10-09 15:17:14'),
(561, 'SAT', '9.00', '5.00', 12, '2015-10-09 15:17:14', '2015-10-09 15:17:14'),
(562, 'SUN', '9.00', '5.00', 12, '2015-10-09 15:17:14', '2015-10-09 15:17:14'),
(563, 'MON', '9.00', '5.00', 15, '2015-10-09 15:17:14', '2015-10-09 15:17:14'),
(564, 'TUE', '9.00', '5.00', 15, '2015-10-09 15:17:14', '2015-10-09 15:17:14'),
(565, 'WED', '9.00', '5.00', 15, '2015-10-09 15:17:14', '2015-10-09 15:17:14'),
(566, 'THU', '9.00', '5.00', 15, '2015-10-09 15:17:14', '2015-10-09 15:17:14'),
(567, 'FRI', '9.00', '5.00', 15, '2015-10-09 15:17:14', '2015-10-09 15:17:14'),
(568, 'SAT', '9.00', '5.00', 15, '2015-10-09 15:17:14', '2015-10-09 15:17:14'),
(569, 'SUN', '9.00', '5.00', 15, '2015-10-09 15:17:14', '2015-10-09 15:17:14'),
(570, 'MON', '9.00', '5.00', 16, '2015-10-09 15:17:14', '2015-10-09 15:17:14'),
(571, 'TUE', '9.00', '5.00', 16, '2015-10-09 15:17:14', '2015-10-09 15:17:14'),
(572, 'WED', '9.00', '5.00', 16, '2015-10-09 15:17:14', '2015-10-09 15:17:14'),
(573, 'THU', '9.00', '5.00', 16, '2015-10-09 15:17:14', '2015-10-09 15:17:14'),
(574, 'FRI', '9.00', '5.00', 16, '2015-10-09 15:17:14', '2015-10-09 15:17:14'),
(575, 'SAT', '9.00', '5.00', 16, '2015-10-09 15:17:14', '2015-10-09 15:17:14'),
(576, 'SUN', '9.00', '5.00', 16, '2015-10-09 15:17:14', '2015-10-09 15:17:14'),
(577, 'MON', '9.00', '5.00', 17, '2015-10-09 15:17:14', '2015-10-09 15:17:14'),
(578, 'TUE', '9.00', '5.00', 17, '2015-10-09 15:17:14', '2015-10-09 15:17:14'),
(579, 'WED', '9.00', '5.00', 17, '2015-10-09 15:17:14', '2015-10-09 15:17:14'),
(580, 'THU', '9.00', '5.00', 17, '2015-10-09 15:17:14', '2015-10-09 15:17:14'),
(581, 'FRI', '9.00', '5.00', 17, '2015-10-09 15:17:15', '2015-10-09 15:17:15'),
(582, 'SAT', '9.00', '5.00', 17, '2015-10-09 15:17:15', '2015-10-09 15:17:15'),
(583, 'SUN', '9.00', '5.00', 17, '2015-10-09 15:17:15', '2015-10-09 15:17:15'),
(584, 'MON', '9.00', '5.00', 18, '2015-10-09 15:17:15', '2015-10-09 15:17:15'),
(585, 'TUE', '9.00', '5.00', 18, '2015-10-09 15:17:15', '2015-10-09 15:17:15'),
(586, 'WED', '9.00', '5.00', 18, '2015-10-09 15:17:15', '2015-10-09 15:17:15'),
(587, 'THU', '9.00', '5.00', 18, '2015-10-09 15:17:15', '2015-10-09 15:17:15'),
(588, 'FRI', '9.00', '5.00', 18, '2015-10-09 15:17:15', '2015-10-09 15:17:15'),
(589, 'SAT', '9.00', '5.00', 18, '2015-10-09 15:17:15', '2015-10-09 15:17:15'),
(590, 'SUN', '9.00', '5.00', 18, '2015-10-09 15:17:15', '2015-10-09 15:17:15'),
(591, 'MON', '9.00', '5.00', 19, '2015-10-09 15:17:15', '2015-10-09 15:17:15'),
(592, 'TUE', '9.00', '5.00', 19, '2015-10-09 15:17:15', '2015-10-09 15:17:15'),
(593, 'WED', '9.00', '5.00', 19, '2015-10-09 15:17:15', '2015-10-09 15:17:15'),
(594, 'THU', '9.00', '5.00', 19, '2015-10-09 15:17:15', '2015-10-09 15:17:15'),
(595, 'FRI', '9.00', '5.00', 19, '2015-10-09 15:17:15', '2015-10-09 15:17:15'),
(596, 'SAT', '9.00', '5.00', 19, '2015-10-09 15:17:15', '2015-10-09 15:17:15'),
(597, 'SUN', '9.00', '5.00', 19, '2015-10-09 15:17:15', '2015-10-09 15:17:15'),
(598, 'MON', '9.00', '5.00', 20, '2015-10-09 15:17:15', '2015-10-09 15:17:15'),
(599, 'TUE', '9.00', '5.00', 20, '2015-10-09 15:17:15', '2015-10-09 15:17:15'),
(600, 'WED', '9.00', '5.00', 20, '2015-10-09 15:17:15', '2015-10-09 15:17:15'),
(601, 'THU', '9.00', '5.00', 20, '2015-10-09 15:17:15', '2015-10-09 15:17:15'),
(602, 'FRI', '9.00', '5.00', 20, '2015-10-09 15:17:15', '2015-10-09 15:17:15'),
(603, 'SAT', '9.00', '5.00', 20, '2015-10-09 15:17:15', '2015-10-09 15:17:15'),
(604, 'SUN', '9.00', '5.00', 20, '2015-10-09 15:17:15', '2015-10-09 15:17:15'),
(605, 'MON', '9.00', '5.00', 21, '2015-10-09 15:17:15', '2015-10-09 15:17:15'),
(606, 'TUE', '9.00', '5.00', 21, '2015-10-09 15:17:15', '2015-10-09 15:17:15'),
(607, 'WED', '9.00', '5.00', 21, '2015-10-09 15:17:15', '2015-10-09 15:17:15'),
(608, 'THU', '9.00', '5.00', 21, '2015-10-09 15:17:15', '2015-10-09 15:17:15'),
(609, 'FRI', '9.00', '5.00', 21, '2015-10-09 15:17:16', '2015-10-09 15:17:16'),
(610, 'SAT', '9.00', '5.00', 21, '2015-10-09 15:17:16', '2015-10-09 15:17:16'),
(611, 'SUN', '9.00', '5.00', 21, '2015-10-09 15:17:16', '2015-10-09 15:17:16'),
(612, 'MON', '9.00', '5.00', 22, '2015-10-09 15:17:16', '2015-10-09 15:17:16'),
(613, 'TUE', '9.00', '5.00', 22, '2015-10-09 15:17:16', '2015-10-09 15:17:16'),
(614, 'WED', '9.00', '5.00', 22, '2015-10-09 15:17:16', '2015-10-09 15:17:16'),
(615, 'THU', '9.00', '5.00', 22, '2015-10-09 15:17:16', '2015-10-09 15:17:16'),
(616, 'FRI', '9.00', '5.00', 22, '2015-10-09 15:17:16', '2015-10-09 15:17:16'),
(617, 'SAT', '9.00', '5.00', 22, '2015-10-09 15:17:16', '2015-10-09 15:17:16'),
(618, 'SUN', '9.00', '5.00', 22, '2015-10-09 15:17:16', '2015-10-09 15:17:16'),
(619, 'MON', '9.00', '5.00', 23, '2015-10-09 15:17:16', '2015-10-09 15:17:16'),
(620, 'TUE', '9.00', '5.00', 23, '2015-10-09 15:17:16', '2015-10-09 15:17:16'),
(621, 'WED', '9.00', '5.00', 23, '2015-10-09 15:17:16', '2015-10-09 15:17:16'),
(622, 'THU', '9.00', '5.00', 23, '2015-10-09 15:17:16', '2015-10-09 15:17:16'),
(623, 'FRI', '9.00', '5.00', 23, '2015-10-09 15:17:16', '2015-10-09 15:17:16'),
(624, 'SAT', '9.00', '5.00', 23, '2015-10-09 15:17:16', '2015-10-09 15:17:16'),
(625, 'SUN', '9.00', '5.00', 23, '2015-10-09 15:17:16', '2015-10-09 15:17:16'),
(626, 'MON', '9.00', '5.00', 24, '2015-10-09 15:17:16', '2015-10-09 15:17:16'),
(627, 'TUE', '9.00', '5.00', 24, '2015-10-09 15:17:16', '2015-10-09 15:17:16'),
(628, 'WED', '9.00', '5.00', 24, '2015-10-09 15:17:16', '2015-10-09 15:17:16'),
(629, 'THU', '9.00', '5.00', 24, '2015-10-09 15:17:16', '2015-10-09 15:17:16'),
(630, 'FRI', '9.00', '5.00', 24, '2015-10-09 15:17:16', '2015-10-09 15:17:16'),
(631, 'SAT', '9.00', '5.00', 24, '2015-10-09 15:17:16', '2015-10-09 15:17:16'),
(632, 'SUN', '9.00', '5.00', 24, '2015-10-09 15:17:16', '2015-10-09 15:17:16'),
(633, 'MON', '9.00', '5.00', 25, '2015-10-09 15:17:16', '2015-10-09 15:17:16'),
(634, 'TUE', '9.00', '5.00', 25, '2015-10-09 15:17:16', '2015-10-09 15:17:16'),
(635, 'WED', '9.00', '5.00', 25, '2015-10-09 15:17:16', '2015-10-09 15:17:16'),
(636, 'THU', '9.00', '5.00', 25, '2015-10-09 15:17:16', '2015-10-09 15:17:16'),
(637, 'FRI', '9.00', '5.00', 25, '2015-10-09 15:17:16', '2015-10-09 15:17:16'),
(638, 'SAT', '9.00', '5.00', 25, '2015-10-09 15:17:17', '2015-10-09 15:17:17'),
(639, 'SUN', '9.00', '5.00', 25, '2015-10-09 15:17:17', '2015-10-09 15:17:17'),
(640, 'MON', '9.00', '5.00', 29, '2015-10-09 15:17:17', '2015-10-09 15:17:17'),
(641, 'TUE', '9.00', '5.00', 29, '2015-10-09 15:17:17', '2015-10-09 15:17:17'),
(642, 'WED', '9.00', '5.00', 29, '2015-10-09 15:17:17', '2015-10-09 15:17:17'),
(643, 'THU', '9.00', '5.00', 29, '2015-10-09 15:17:17', '2015-10-09 15:17:17'),
(644, 'FRI', '9.00', '5.00', 29, '2015-10-09 15:17:17', '2015-10-09 15:17:17'),
(645, 'SAT', '9.00', '5.00', 29, '2015-10-09 15:17:17', '2015-10-09 15:17:17'),
(646, 'SUN', '9.00', '5.00', 29, '2015-10-09 15:17:17', '2015-10-09 15:17:17'),
(647, 'MON', '9.00', '5.00', 1, '2015-10-09 15:18:07', '2015-10-09 15:18:07'),
(648, 'TUE', '9.00', '5.00', 1, '2015-10-09 15:18:07', '2015-10-09 15:18:07'),
(649, 'WED', '9.00', '5.00', 1, '2015-10-09 15:18:07', '2015-10-09 15:18:07'),
(650, 'THU', '9.00', '5.00', 1, '2015-10-09 15:18:07', '2015-10-09 15:18:07'),
(651, 'FRI', '9.00', '5.00', 1, '2015-10-09 15:18:08', '2015-10-09 15:18:08'),
(652, 'SAT', '9.00', '5.00', 1, '2015-10-09 15:18:08', '2015-10-09 15:18:08'),
(653, 'SUN', '9.00', '5.00', 1, '2015-10-09 15:18:08', '2015-10-09 15:18:08'),
(654, 'MON', '9.00', '5.00', 3, '2015-10-09 15:18:08', '2015-10-09 15:18:08'),
(655, 'TUE', '9.00', '5.00', 3, '2015-10-09 15:18:08', '2015-10-09 15:18:08'),
(656, 'WED', '9.00', '5.00', 3, '2015-10-09 15:18:08', '2015-10-09 15:18:08'),
(657, 'THU', '9.00', '5.00', 3, '2015-10-09 15:18:08', '2015-10-09 15:18:08'),
(658, 'FRI', '9.00', '5.00', 3, '2015-10-09 15:18:08', '2015-10-09 15:18:08');
INSERT INTO `business_hours` (`id`, `day`, `open_time`, `close_time`, `biz_id`, `created_at`, `updated_at`) VALUES
(659, 'SAT', '9.00', '5.00', 3, '2015-10-09 15:18:08', '2015-10-09 15:18:08'),
(660, 'SUN', '9.00', '5.00', 3, '2015-10-09 15:18:08', '2015-10-09 15:18:08'),
(661, 'MON', '9.00', '5.00', 8, '2015-10-09 15:18:08', '2015-10-09 15:18:08'),
(662, 'TUE', '9.00', '5.00', 8, '2015-10-09 15:18:08', '2015-10-09 15:18:08'),
(663, 'WED', '9.00', '5.00', 8, '2015-10-09 15:18:08', '2015-10-09 15:18:08'),
(664, 'THU', '9.00', '5.00', 8, '2015-10-09 15:18:08', '2015-10-09 15:18:08'),
(665, 'FRI', '9.00', '5.00', 8, '2015-10-09 15:18:08', '2015-10-09 15:18:08'),
(666, 'SAT', '9.00', '5.00', 8, '2015-10-09 15:18:08', '2015-10-09 15:18:08'),
(667, 'SUN', '9.00', '5.00', 8, '2015-10-09 15:18:08', '2015-10-09 15:18:08'),
(668, 'MON', '9.00', '5.00', 9, '2015-10-09 15:18:08', '2015-10-09 15:18:08'),
(669, 'TUE', '9.00', '5.00', 9, '2015-10-09 15:18:08', '2015-10-09 15:18:08'),
(670, 'WED', '9.00', '5.00', 9, '2015-10-09 15:18:08', '2015-10-09 15:18:08'),
(671, 'THU', '9.00', '5.00', 9, '2015-10-09 15:18:08', '2015-10-09 15:18:08'),
(672, 'FRI', '9.00', '5.00', 9, '2015-10-09 15:18:08', '2015-10-09 15:18:08'),
(673, 'SAT', '9.00', '5.00', 9, '2015-10-09 15:18:08', '2015-10-09 15:18:08'),
(674, 'SUN', '9.00', '5.00', 9, '2015-10-09 15:18:08', '2015-10-09 15:18:08'),
(675, 'MON', '9.00', '5.00', 11, '2015-10-09 15:18:08', '2015-10-09 15:18:08'),
(676, 'TUE', '9.00', '5.00', 11, '2015-10-09 15:18:08', '2015-10-09 15:18:08'),
(677, 'WED', '9.00', '5.00', 11, '2015-10-09 15:18:08', '2015-10-09 15:18:08'),
(678, 'THU', '9.00', '5.00', 11, '2015-10-09 15:18:08', '2015-10-09 15:18:08'),
(679, 'FRI', '9.00', '5.00', 11, '2015-10-09 15:18:08', '2015-10-09 15:18:08'),
(680, 'SAT', '9.00', '5.00', 11, '2015-10-09 15:18:09', '2015-10-09 15:18:09'),
(681, 'SUN', '9.00', '5.00', 11, '2015-10-09 15:18:09', '2015-10-09 15:18:09'),
(682, 'MON', '9.00', '5.00', 12, '2015-10-09 15:18:09', '2015-10-09 15:18:09'),
(683, 'TUE', '9.00', '5.00', 12, '2015-10-09 15:18:09', '2015-10-09 15:18:09'),
(684, 'WED', '9.00', '5.00', 12, '2015-10-09 15:18:09', '2015-10-09 15:18:09'),
(685, 'THU', '9.00', '5.00', 12, '2015-10-09 15:18:09', '2015-10-09 15:18:09'),
(686, 'FRI', '9.00', '5.00', 12, '2015-10-09 15:18:09', '2015-10-09 15:18:09'),
(687, 'SAT', '9.00', '5.00', 12, '2015-10-09 15:18:09', '2015-10-09 15:18:09'),
(688, 'SUN', '9.00', '5.00', 12, '2015-10-09 15:18:09', '2015-10-09 15:18:09'),
(689, 'MON', '9.00', '5.00', 15, '2015-10-09 15:18:09', '2015-10-09 15:18:09'),
(690, 'TUE', '9.00', '5.00', 15, '2015-10-09 15:18:09', '2015-10-09 15:18:09'),
(691, 'WED', '9.00', '5.00', 15, '2015-10-09 15:18:09', '2015-10-09 15:18:09'),
(692, 'THU', '9.00', '5.00', 15, '2015-10-09 15:18:09', '2015-10-09 15:18:09'),
(693, 'FRI', '9.00', '5.00', 15, '2015-10-09 15:18:09', '2015-10-09 15:18:09'),
(694, 'SAT', '9.00', '5.00', 15, '2015-10-09 15:18:09', '2015-10-09 15:18:09'),
(695, 'SUN', '9.00', '5.00', 15, '2015-10-09 15:18:09', '2015-10-09 15:18:09'),
(696, 'MON', '9.00', '5.00', 16, '2015-10-09 15:18:09', '2015-10-09 15:18:09'),
(697, 'TUE', '9.00', '5.00', 16, '2015-10-09 15:18:09', '2015-10-09 15:18:09'),
(698, 'WED', '9.00', '5.00', 16, '2015-10-09 15:18:09', '2015-10-09 15:18:09'),
(699, 'THU', '9.00', '5.00', 16, '2015-10-09 15:18:09', '2015-10-09 15:18:09'),
(700, 'FRI', '9.00', '5.00', 16, '2015-10-09 15:18:10', '2015-10-09 15:18:10'),
(701, 'SAT', '9.00', '5.00', 16, '2015-10-09 15:18:10', '2015-10-09 15:18:10'),
(702, 'SUN', '9.00', '5.00', 16, '2015-10-09 15:18:10', '2015-10-09 15:18:10'),
(703, 'MON', '9.00', '5.00', 17, '2015-10-09 15:18:10', '2015-10-09 15:18:10'),
(704, 'TUE', '9.00', '5.00', 17, '2015-10-09 15:18:10', '2015-10-09 15:18:10'),
(705, 'WED', '9.00', '5.00', 17, '2015-10-09 15:18:10', '2015-10-09 15:18:10'),
(706, 'THU', '9.00', '5.00', 17, '2015-10-09 15:18:10', '2015-10-09 15:18:10'),
(707, 'FRI', '9.00', '5.00', 17, '2015-10-09 15:18:10', '2015-10-09 15:18:10'),
(708, 'SAT', '9.00', '5.00', 17, '2015-10-09 15:18:10', '2015-10-09 15:18:10'),
(709, 'SUN', '9.00', '5.00', 17, '2015-10-09 15:18:10', '2015-10-09 15:18:10'),
(710, 'MON', '9.00', '5.00', 18, '2015-10-09 15:18:10', '2015-10-09 15:18:10'),
(711, 'TUE', '9.00', '5.00', 18, '2015-10-09 15:18:10', '2015-10-09 15:18:10'),
(712, 'WED', '9.00', '5.00', 18, '2015-10-09 15:18:10', '2015-10-09 15:18:10'),
(713, 'THU', '9.00', '5.00', 18, '2015-10-09 15:18:10', '2015-10-09 15:18:10'),
(714, 'FRI', '9.00', '5.00', 18, '2015-10-09 15:18:10', '2015-10-09 15:18:10'),
(715, 'SAT', '9.00', '5.00', 18, '2015-10-09 15:18:10', '2015-10-09 15:18:10'),
(716, 'SUN', '9.00', '5.00', 18, '2015-10-09 15:18:10', '2015-10-09 15:18:10'),
(717, 'MON', '9.00', '5.00', 19, '2015-10-09 15:18:10', '2015-10-09 15:18:10'),
(718, 'TUE', '9.00', '5.00', 19, '2015-10-09 15:18:10', '2015-10-09 15:18:10'),
(719, 'WED', '9.00', '5.00', 19, '2015-10-09 15:18:10', '2015-10-09 15:18:10'),
(720, 'THU', '9.00', '5.00', 19, '2015-10-09 15:18:10', '2015-10-09 15:18:10'),
(721, 'FRI', '9.00', '5.00', 19, '2015-10-09 15:18:10', '2015-10-09 15:18:10'),
(722, 'SAT', '9.00', '5.00', 19, '2015-10-09 15:18:10', '2015-10-09 15:18:10'),
(723, 'SUN', '9.00', '5.00', 19, '2015-10-09 15:18:10', '2015-10-09 15:18:10'),
(724, 'MON', '9.00', '5.00', 20, '2015-10-09 15:18:10', '2015-10-09 15:18:10'),
(725, 'TUE', '9.00', '5.00', 20, '2015-10-09 15:18:11', '2015-10-09 15:18:11'),
(726, 'WED', '9.00', '5.00', 20, '2015-10-09 15:18:11', '2015-10-09 15:18:11'),
(727, 'THU', '9.00', '5.00', 20, '2015-10-09 15:18:11', '2015-10-09 15:18:11'),
(728, 'FRI', '9.00', '5.00', 20, '2015-10-09 15:18:11', '2015-10-09 15:18:11'),
(729, 'SAT', '9.00', '5.00', 20, '2015-10-09 15:18:11', '2015-10-09 15:18:11'),
(730, 'SUN', '9.00', '5.00', 20, '2015-10-09 15:18:11', '2015-10-09 15:18:11'),
(731, 'MON', '9.00', '5.00', 21, '2015-10-09 15:18:11', '2015-10-09 15:18:11'),
(732, 'TUE', '9.00', '5.00', 21, '2015-10-09 15:18:11', '2015-10-09 15:18:11'),
(733, 'WED', '9.00', '5.00', 21, '2015-10-09 15:18:11', '2015-10-09 15:18:11'),
(734, 'THU', '9.00', '5.00', 21, '2015-10-09 15:18:11', '2015-10-09 15:18:11'),
(735, 'FRI', '9.00', '5.00', 21, '2015-10-09 15:18:11', '2015-10-09 15:18:11'),
(736, 'SAT', '9.00', '5.00', 21, '2015-10-09 15:18:11', '2015-10-09 15:18:11'),
(737, 'SUN', '9.00', '5.00', 21, '2015-10-09 15:18:11', '2015-10-09 15:18:11'),
(738, 'MON', '9.00', '5.00', 22, '2015-10-09 15:18:11', '2015-10-09 15:18:11'),
(739, 'TUE', '9.00', '5.00', 22, '2015-10-09 15:18:11', '2015-10-09 15:18:11'),
(740, 'WED', '9.00', '5.00', 22, '2015-10-09 15:18:11', '2015-10-09 15:18:11'),
(741, 'THU', '9.00', '5.00', 22, '2015-10-09 15:18:11', '2015-10-09 15:18:11'),
(742, 'FRI', '9.00', '5.00', 22, '2015-10-09 15:18:11', '2015-10-09 15:18:11'),
(743, 'SAT', '9.00', '5.00', 22, '2015-10-09 15:18:11', '2015-10-09 15:18:11'),
(744, 'SUN', '9.00', '5.00', 22, '2015-10-09 15:18:11', '2015-10-09 15:18:11'),
(745, 'MON', '9.00', '5.00', 23, '2015-10-09 15:18:11', '2015-10-09 15:18:11'),
(746, 'TUE', '9.00', '5.00', 23, '2015-10-09 15:18:11', '2015-10-09 15:18:11'),
(747, 'WED', '9.00', '5.00', 23, '2015-10-09 15:18:11', '2015-10-09 15:18:11'),
(748, 'THU', '9.00', '5.00', 23, '2015-10-09 15:18:11', '2015-10-09 15:18:11'),
(749, 'FRI', '9.00', '5.00', 23, '2015-10-09 15:18:11', '2015-10-09 15:18:11'),
(750, 'SAT', '9.00', '5.00', 23, '2015-10-09 15:18:11', '2015-10-09 15:18:11'),
(751, 'SUN', '9.00', '5.00', 23, '2015-10-09 15:18:11', '2015-10-09 15:18:11'),
(752, 'MON', '9.00', '5.00', 24, '2015-10-09 15:18:12', '2015-10-09 15:18:12'),
(753, 'TUE', '9.00', '5.00', 24, '2015-10-09 15:18:12', '2015-10-09 15:18:12'),
(754, 'WED', '9.00', '5.00', 24, '2015-10-09 15:18:12', '2015-10-09 15:18:12'),
(755, 'THU', '9.00', '5.00', 24, '2015-10-09 15:18:12', '2015-10-09 15:18:12'),
(756, 'FRI', '9.00', '5.00', 24, '2015-10-09 15:18:12', '2015-10-09 15:18:12'),
(757, 'SAT', '9.00', '5.00', 24, '2015-10-09 15:18:12', '2015-10-09 15:18:12'),
(758, 'SUN', '9.00', '5.00', 24, '2015-10-09 15:18:12', '2015-10-09 15:18:12'),
(759, 'MON', '9.00', '5.00', 25, '2015-10-09 15:18:12', '2015-10-09 15:18:12'),
(760, 'TUE', '9.00', '5.00', 25, '2015-10-09 15:18:12', '2015-10-09 15:18:12'),
(761, 'WED', '9.00', '5.00', 25, '2015-10-09 15:18:12', '2015-10-09 15:18:12'),
(762, 'THU', '9.00', '5.00', 25, '2015-10-09 15:18:12', '2015-10-09 15:18:12'),
(763, 'FRI', '9.00', '5.00', 25, '2015-10-09 15:18:12', '2015-10-09 15:18:12'),
(764, 'SAT', '9.00', '5.00', 25, '2015-10-09 15:18:12', '2015-10-09 15:18:12'),
(765, 'SUN', '9.00', '5.00', 25, '2015-10-09 15:18:12', '2015-10-09 15:18:12'),
(766, 'MON', '9.00', '5.00', 29, '2015-10-09 15:18:12', '2015-10-09 15:18:12'),
(767, 'TUE', '9.00', '5.00', 29, '2015-10-09 15:18:12', '2015-10-09 15:18:12'),
(768, 'WED', '9.00', '5.00', 29, '2015-10-09 15:18:12', '2015-10-09 15:18:12'),
(769, 'THU', '9.00', '5.00', 29, '2015-10-09 15:18:12', '2015-10-09 15:18:12'),
(770, 'FRI', '9.00', '5.00', 29, '2015-10-09 15:18:12', '2015-10-09 15:18:12'),
(771, 'SAT', '9.00', '5.00', 29, '2015-10-09 15:18:12', '2015-10-09 15:18:12'),
(772, 'SUN', '9.00', '5.00', 29, '2015-10-09 15:18:12', '2015-10-09 15:18:12'),
(773, 'MON', '9.00', '5.00', 34, '2015-11-04 16:57:02', '2015-11-04 16:57:02'),
(774, 'TUE', '9.00', '5.00', 34, '2015-11-04 16:57:02', '2015-11-04 16:57:02'),
(775, 'WED', '9.00', '5.00', 34, '2015-11-04 16:57:02', '2015-11-04 16:57:02'),
(776, 'THU', '9.00', '5.00', 34, '2015-11-04 16:57:02', '2015-11-04 16:57:02'),
(777, 'FRI', '9.00', '5.00', 34, '2015-11-04 16:57:02', '2015-11-04 16:57:02'),
(778, 'SAT', '9.00', '5.00', 34, '2015-11-04 16:57:02', '2015-11-04 16:57:02'),
(779, 'SUN', '9.00', '5.00', 34, '2015-11-04 16:57:02', '2015-11-04 16:57:02'),
(780, 'MON', '9.00', '5.00', 35, '2015-11-04 17:01:02', '2015-11-04 17:01:02'),
(781, 'TUE', '9.00', '5.00', 35, '2015-11-04 17:01:02', '2015-11-04 17:01:02'),
(782, 'WED', '9.00', '5.00', 35, '2015-11-04 17:01:02', '2015-11-04 17:01:02'),
(783, 'THU', '9.00', '5.00', 35, '2015-11-04 17:01:02', '2015-11-04 17:01:02'),
(784, 'FRI', '9.00', '5.00', 35, '2015-11-04 17:01:02', '2015-11-04 17:01:02'),
(785, 'SAT', '9.00', '5.00', 35, '2015-11-04 17:01:02', '2015-11-04 17:01:02'),
(786, 'SUN', '9.00', '5.00', 35, '2015-11-04 17:01:02', '2015-11-04 17:01:02'),
(787, 'MON', '9.00', '5.00', 36, '2015-11-04 17:07:23', '2015-11-04 17:07:23'),
(788, 'TUE', '9.00', '5.00', 36, '2015-11-04 17:07:23', '2015-11-04 17:07:23'),
(789, 'WED', '9.00', '5.00', 36, '2015-11-04 17:07:23', '2015-11-04 17:07:23'),
(790, 'THU', '9.00', '5.00', 36, '2015-11-04 17:07:23', '2015-11-04 17:07:23'),
(791, 'FRI', '9.00', '5.00', 36, '2015-11-04 17:07:23', '2015-11-04 17:07:23'),
(792, 'SAT', '9.00', '5.00', 36, '2015-11-04 17:07:23', '2015-11-04 17:07:23'),
(793, 'SUN', '9.00', '5.00', 36, '2015-11-04 17:07:23', '2015-11-04 17:07:23'),
(794, 'MON', '9.00', '5.00', 37, '2015-11-04 17:10:19', '2015-11-04 17:10:19'),
(795, 'TUE', '9.00', '5.00', 37, '2015-11-04 17:10:19', '2015-11-04 17:10:19'),
(796, 'WED', '9.00', '5.00', 37, '2015-11-04 17:10:19', '2015-11-04 17:10:19'),
(797, 'THU', '9.00', '5.00', 37, '2015-11-04 17:10:20', '2015-11-04 17:10:20'),
(798, 'FRI', '9.00', '5.00', 37, '2015-11-04 17:10:20', '2015-11-04 17:10:20'),
(799, 'SAT', '9.00', '5.00', 37, '2015-11-04 17:10:20', '2015-11-04 17:10:20'),
(800, 'SUN', '9.00', '5.00', 37, '2015-11-04 17:10:20', '2015-11-04 17:10:20'),
(801, 'MON', '9.00', '5.00', 39, '2015-11-04 17:21:43', '2015-11-04 17:21:43'),
(802, 'TUE', '9.00', '5.00', 39, '2015-11-04 17:21:43', '2015-11-04 17:21:43'),
(803, 'WED', '9.00', '5.00', 39, '2015-11-04 17:21:43', '2015-11-04 17:21:43'),
(804, 'THU', '9.00', '5.00', 39, '2015-11-04 17:21:43', '2015-11-04 17:21:43'),
(805, 'FRI', '9.00', '5.00', 39, '2015-11-04 17:21:43', '2015-11-04 17:21:43'),
(806, 'SAT', '9.00', '5.00', 39, '2015-11-04 17:21:43', '2015-11-04 17:21:43'),
(807, 'SUN', '9.00', '5.00', 39, '2015-11-04 17:21:43', '2015-11-04 17:21:43'),
(808, 'MON', '9.00', '5.00', 40, '2016-01-03 23:39:57', '2016-01-03 23:39:57'),
(809, 'TUE', '9.00', '5.00', 40, '2016-01-03 23:39:57', '2016-01-03 23:39:57'),
(810, 'WED', '9.00', '5.00', 40, '2016-01-03 23:39:57', '2016-01-03 23:39:57'),
(811, 'THU', '9.00', '5.00', 40, '2016-01-03 23:39:57', '2016-01-03 23:39:57'),
(812, 'FRI', '9.00', '5.00', 40, '2016-01-03 23:39:57', '2016-01-03 23:39:57'),
(813, 'SAT', '9.00', '5.00', 40, '2016-01-03 23:39:57', '2016-01-03 23:39:57'),
(814, 'SUN', '9.00', '5.00', 40, '2016-01-03 23:39:57', '2016-01-03 23:39:57'),
(815, 'MON', '9.00', '5.00', 41, '2016-01-04 00:30:23', '2016-01-04 00:30:23'),
(816, 'TUE', '9.00', '5.00', 41, '2016-01-04 00:30:23', '2016-01-04 00:30:23'),
(817, 'WED', '9.00', '5.00', 41, '2016-01-04 00:30:23', '2016-01-04 00:30:23'),
(818, 'THU', '9.00', '5.00', 41, '2016-01-04 00:30:23', '2016-01-04 00:30:23'),
(819, 'FRI', '9.00', '5.00', 41, '2016-01-04 00:30:23', '2016-01-04 00:30:23'),
(820, 'SAT', '9.00', '5.00', 41, '2016-01-04 00:30:23', '2016-01-04 00:30:23'),
(821, 'SUN', '9.00', '5.00', 41, '2016-01-04 00:30:23', '2016-01-04 00:30:23'),
(822, 'MON', '9.00', '5.00', 42, '2016-01-04 13:04:02', '2016-01-04 13:04:02'),
(823, 'TUE', '9.00', '5.00', 42, '2016-01-04 13:04:02', '2016-01-04 13:04:02'),
(824, 'WED', '9.00', '5.00', 42, '2016-01-04 13:04:02', '2016-01-04 13:04:02'),
(825, 'THU', '9.00', '5.00', 42, '2016-01-04 13:04:02', '2016-01-04 13:04:02'),
(826, 'FRI', '9.00', '5.00', 42, '2016-01-04 13:04:02', '2016-01-04 13:04:02'),
(827, 'SAT', '9.00', '5.00', 42, '2016-01-04 13:04:02', '2016-01-04 13:04:02'),
(828, 'SUN', '9.00', '5.00', 42, '2016-01-04 13:04:02', '2016-01-04 13:04:02'),
(829, 'MON', '9.00', '5.00', 48, '2016-02-02 07:35:08', '2016-02-02 07:35:08'),
(830, 'TUE', '9.00', '5.00', 48, '2016-02-02 07:35:08', '2016-02-02 07:35:08'),
(831, 'WED', '9.00', '5.00', 48, '2016-02-02 07:35:08', '2016-02-02 07:35:08'),
(832, 'THU', '9.00', '5.00', 48, '2016-02-02 07:35:08', '2016-02-02 07:35:08'),
(833, 'FRI', '9.00', '5.00', 48, '2016-02-02 07:35:08', '2016-02-02 07:35:08'),
(834, 'SAT', '9.00', '5.00', 48, '2016-02-02 07:35:08', '2016-02-02 07:35:08'),
(835, 'SUN', '9.00', '5.00', 48, '2016-02-02 07:35:08', '2016-02-02 07:35:08'),
(836, 'MON', '9.00', '5.00', 49, '2016-02-02 07:40:05', '2016-02-02 07:40:05'),
(837, 'TUE', '9.00', '5.00', 49, '2016-02-02 07:40:05', '2016-02-02 07:40:05'),
(838, 'WED', '9.00', '5.00', 49, '2016-02-02 07:40:05', '2016-02-02 07:40:05'),
(839, 'THU', '9.00', '5.00', 49, '2016-02-02 07:40:05', '2016-02-02 07:40:05'),
(840, 'FRI', '9.00', '5.00', 49, '2016-02-02 07:40:05', '2016-02-02 07:40:05'),
(841, 'SAT', '9.00', '5.00', 49, '2016-02-02 07:40:05', '2016-02-02 07:40:05'),
(842, 'SUN', '9.00', '5.00', 49, '2016-02-02 07:40:05', '2016-02-02 07:40:05');

-- --------------------------------------------------------

--
-- Table structure for table `cats`
--

CREATE TABLE IF NOT EXISTS `cats` (
  `id` int(10) unsigned NOT NULL AUTO_INCREMENT,
  `name` varchar(200) NOT NULL,
  `image_class` varchar(100) NOT NULL,
  `meta_description` varchar(250) DEFAULT NULL,
  `slug` varchar(250) NOT NULL,
  PRIMARY KEY (`id`),
  UNIQUE KEY `name` (`name`)
) ENGINE=InnoDB  DEFAULT CHARSET=latin1 AUTO_INCREMENT=46 ;

--
-- Dumping data for table `cats`
--

INSERT INTO `cats` (`id`, `name`, `image_class`, `meta_description`, `slug`) VALUES
(2, 'Shopping', 'bicycle', '', 'shopping'),
(3, 'Sports & Leisure', 'futbol-o', 'Get all businesses in the Sports and Leisure category', 'sports-leisure'),
(4, 'Restaurants', 'spoon', 'Great Restaurant around you', 'restaurants'),
(5, 'Transportation', 'taxi', 'Check out Businesses under Bus transportation', 'transportation'),
(10, 'cars', 'car', 'Automobiles', 'cars'),
(11, 'Cars and factories', 'bus', 'Does this really exist', 'cars-and-factories'),
(33, 'home furniture', 'television', 'home utencils here', 'home-furniture'),
(36, 'Cathering Services', 'glass', 'Ndibiz stock all kinds of Cathering Services', 'cathering-services'),
(38, 'Shipping Services', 'ship', 'Get the trusted contacts of your trusted Shipping companies', 'shipping-services'),
(40, 'Education', 'briefcase', 'Check out all the businesses in our Education categories', 'education'),
(41, 'Electronics', 'futbol-o', 'Check out all the businesses in our Electronics category', 'electronics'),
(43, 'Bars', 'glass', 'Check out the businesses in these categories', 'bars'),
(44, 'Banking and Finance', 'money', 'Get all the businesses in our Banking and Finance categories', 'banking-and-finance'),
(45, 'Accomodation services', 'home', 'Check all the listed businesses in our Accommodation services category', 'accomodation-services');

-- --------------------------------------------------------

--
-- Table structure for table `cat_user_pivot`
--

CREATE TABLE IF NOT EXISTS `cat_user_pivot` (
  `id` int(10) unsigned NOT NULL AUTO_INCREMENT,
  `cat_id` int(10) unsigned NOT NULL,
  `user_id` int(10) unsigned NOT NULL,
  PRIMARY KEY (`id`)
) ENGINE=InnoDB DEFAULT CHARSET=latin1 AUTO_INCREMENT=1 ;

-- --------------------------------------------------------

--
-- Table structure for table `favourites`
--

CREATE TABLE IF NOT EXISTS `favourites` (
  `id` int(10) unsigned NOT NULL AUTO_INCREMENT,
  `biz_id` int(10) unsigned NOT NULL,
  `user_id` int(10) unsigned NOT NULL,
  PRIMARY KEY (`id`)
) ENGINE=InnoDB  DEFAULT CHARSET=latin1 AUTO_INCREMENT=50 ;

--
-- Dumping data for table `favourites`
--

INSERT INTO `favourites` (`id`, `biz_id`, `user_id`) VALUES
(11, 8, 7),
(14, 3, 10),
(15, 8, 10),
(17, 22, 10),
(19, 9, 10),
(20, 12, 10),
(21, 1, 10),
(22, 1, 7),
(26, 36, 15),
(27, 11, 15),
(28, 29, 15),
(31, 41, 7),
(32, 40, 7),
(36, 24, 7),
(43, 42, 7),
(48, 9, 7),
(49, 20, 7);

-- --------------------------------------------------------

--
-- Table structure for table `lgas`
--

CREATE TABLE IF NOT EXISTS `lgas` (
  `id` int(10) unsigned NOT NULL AUTO_INCREMENT,
  `name` varchar(100) NOT NULL,
  `state_id` int(10) unsigned NOT NULL,
  PRIMARY KEY (`id`)
) ENGINE=InnoDB  DEFAULT CHARSET=latin1 AUTO_INCREMENT=132 ;

--
-- Dumping data for table `lgas`
--

INSERT INTO `lgas` (`id`, `name`, `state_id`) VALUES
(1, 'Kosofo', 25),
(2, 'Ikorodu', 25),
(3, 'Agege', 25),
(4, 'Alimosho', 25),
(5, 'Ikwuano', 1),
(6, 'Aba North', 1),
(7, 'Aba South', 1),
(8, 'Arochukwu', 1),
(9, 'Bende', 1),
(10, 'Isiala Ngwa North', 1),
(11, 'Isiala Ngwa South', 1),
(12, 'Isuikwuato', 1),
(13, 'Obi Ngwa', 1),
(14, 'Ohafia', 1),
(15, 'Osisioma Ngwa', 1),
(16, 'Ugwunagbo', 1),
(17, 'Ukwa East', 1),
(18, 'Ukwa West', 1),
(19, 'Umuahia North', 1),
(20, 'Umuahia South', 1),
(21, 'Umu Nneochi', 1),
(22, 'Abaji', 2),
(23, 'Abuja Municipal', 2),
(24, 'Bwari', 2),
(25, 'Gwagwalada', 2),
(26, 'Kuje', 2),
(27, 'Kwali', 2),
(28, 'Victoria Island', 25),
(29, 'Ikoyi', 25),
(30, 'Banana Island', 25),
(31, 'Lekki', 25),
(32, 'Demsa', 3),
(33, 'Fufore', 3),
(34, 'Ganye', 3),
(35, 'Girei', 3),
(36, 'Gombi', 3),
(37, 'Guyuk', 3),
(38, 'Hong', 3),
(39, 'Jada', 3),
(40, 'Lamurde', 3),
(41, 'Madagali', 3),
(42, 'Maiha', 3),
(43, 'Mayo-Belwa', 3),
(44, 'Michika', 3),
(45, 'Mubi North', 3),
(46, 'Mubi South', 3),
(47, 'Numan', 3),
(48, 'Shelleng', 3),
(49, 'Song', 3),
(50, 'Toungo', 3),
(51, 'Yola North', 3),
(52, 'Yola South', 3),
(53, 'Abak', 4),
(54, 'Eastern Obolo', 4),
(55, 'Eket', 4),
(56, 'Ibiono-Ibom', 4),
(57, 'Okobo', 4),
(58, 'Onna', 4),
(59, 'Oron', 4),
(60, 'Oruk Anam', 4),
(61, 'Ukanafun', 4),
(62, 'Udung-Uko', 4),
(63, 'Uruan', 4),
(64, 'Urue-Offong/Oruko', 4),
(65, 'Uyo', 4),
(66, 'Esit-Eket', 4),
(67, 'Ika', 4),
(68, 'Essien Udim', 4),
(69, 'Ikono', 4),
(70, 'Etim-Ekpo', 4),
(71, 'Ikot Abasi', 4),
(72, 'Etinan', 4),
(73, 'Ikot Ekpene', 4),
(74, 'Ibeno', 4),
(75, 'Ini', 4),
(76, 'Ibesikpo-Asutan', 4),
(77, 'Itu', 4),
(78, 'Mbo', 4),
(79, 'Mkpat-Enin', 4),
(80, 'Akowonjo', 25),
(81, 'Sango', 25),
(82, 'Ajegunle', 25),
(83, 'AJEROMI IFELODUN', 25),
(84, 'Apapa', 25),
(85, 'Amuwo Odofin', 25),
(86, 'Epe', 25),
(87, 'ITA-MARU', 25),
(88, 'IGBO-IFON', 25),
(89, 'SURULERE', 25),
(90, 'Ikota', 25),
(91, 'Ifako', 25),
(92, 'EBUTE-METTA', 25),
(93, 'MUSHIN', 25),
(94, 'OJO', 25),
(95, 'SHOMOLU', 25),
(96, 'Aguda', 25),
(97, 'Ejigbo', 25),
(98, 'Bariga', 25),
(111, 'state11', 39),
(112, 'state22', 39),
(113, 'state33', 39),
(118, 'plateau3', 32),
(119, 'plateau4', 32),
(120, 'Benin city', 13),
(121, 'Auchi', 13),
(122, 'Afuze', 13),
(123, 'Anambra south', 5),
(124, 'Anambra North', 5),
(127, 'Anambra North-South', 5),
(128, 'Anambra East', 5),
(129, 'New', 5),
(130, 'Lagos Mainland', 25),
(131, 'Lagos Island', 25);

-- --------------------------------------------------------

--
-- Table structure for table `messages`
--

CREATE TABLE IF NOT EXISTS `messages` (
  `id` int(10) unsigned NOT NULL AUTO_INCREMENT,
  `name` varchar(100) NOT NULL,
  `email` varchar(100) NOT NULL,
  `website` varchar(200) NOT NULL,
  `comment` varchar(400) NOT NULL,
  `user_id` int(10) unsigned NOT NULL,
  PRIMARY KEY (`id`)
) ENGINE=InnoDB DEFAULT CHARSET=latin1 AUTO_INCREMENT=1 ;

-- --------------------------------------------------------

--
-- Table structure for table `migrations`
--

CREATE TABLE IF NOT EXISTS `migrations` (
  `migration` varchar(255) COLLATE utf8_unicode_ci NOT NULL,
  `batch` int(11) NOT NULL
) ENGINE=InnoDB DEFAULT CHARSET=utf8 COLLATE=utf8_unicode_ci;

--
-- Dumping data for table `migrations`
--

INSERT INTO `migrations` (`migration`, `batch`) VALUES
('2014_10_12_000000_create_users_table', 1),
('2014_10_12_100000_create_password_resets_table', 1),
('2015_07_31_225910_create_businessprofile_table', 1);

-- --------------------------------------------------------

--
-- Table structure for table `owners`
--

CREATE TABLE IF NOT EXISTS `owners` (
  `id` int(10) unsigned NOT NULL AUTO_INCREMENT,
  `user_id` int(10) unsigned NOT NULL,
  `biz_id` int(10) unsigned NOT NULL,
  `status` tinyint(2) NOT NULL DEFAULT '0',
  `created_at` datetime NOT NULL,
  `updated_at` timestamp NOT NULL,
  `ownership` tinyint(4) NOT NULL,
  `proof` varchar(300) NOT NULL,
  `fullname` varchar(200) NOT NULL,
  `email` varchar(200) NOT NULL,
  PRIMARY KEY (`id`),
  UNIQUE KEY `biz_id` (`biz_id`)
) ENGINE=InnoDB  DEFAULT CHARSET=latin1 AUTO_INCREMENT=8 ;

--
-- Dumping data for table `owners`
--

INSERT INTO `owners` (`id`, `user_id`, `biz_id`, `status`, `created_at`, `updated_at`, `ownership`, `proof`, `fullname`, `email`) VALUES
(1, 7, 12, 0, '2016-01-13 12:21:45', '2016-01-13 11:21:45', 0, 'claimed/proofs/1452684105dj-cuppy-voting.png', 'Samuel oghogho', 'samizares@hotmail.com'),
(3, 7, 41, 0, '2016-01-30 10:10:35', '2016-01-30 09:10:35', 0, 'claimed/proofs/1454145035movie7.jpg', 'Oghogho samuel junior', 'samizares@hotmail.com'),
(4, 7, 19, 0, '2016-01-30 16:23:15', '2016-01-30 15:23:15', 0, 'claimed/proofs/145416739556-dating-26.png', 'Oghogho samuel junior', 'samizares@hotmail.com'),
(5, 7, 24, 0, '2016-02-01 23:27:10', '2016-02-01 22:27:10', 0, 'claimed/proofs/14543656308-cyclists.jpg', 'sammy oghogho', 'samizares@hotmail.com'),
(6, 10, 9, 0, '2016-02-10 20:22:11', '2016-02-10 20:22:11', 0, 'claimed/proofs/145513213190-degrees_messi.jpg', 'sammy oghogho', 'samizares@hotmail.com'),
(7, 10, 15, 0, '2016-02-10 20:30:41', '2016-02-10 20:30:41', 0, 'claimed/proofs/1455132641(8).jpg', 'sammy oghogho', 'codedam@gmail.com');

-- --------------------------------------------------------

--
-- Table structure for table `password_resets`
--

CREATE TABLE IF NOT EXISTS `password_resets` (
  `email` varchar(255) COLLATE utf8_unicode_ci NOT NULL,
  `token` varchar(255) COLLATE utf8_unicode_ci NOT NULL,
  `created_at` timestamp NOT NULL DEFAULT '0000-00-00 00:00:00',
  KEY `password_resets_email_index` (`email`),
  KEY `password_resets_token_index` (`token`)
) ENGINE=InnoDB DEFAULT CHARSET=utf8 COLLATE=utf8_unicode_ci;

--
-- Dumping data for table `password_resets`
--

INSERT INTO `password_resets` (`email`, `token`, `created_at`) VALUES
('samizares@gmail.com', '420ba10abd74442a914b10b2def0c1821f4b0ed938a220226167e373ef58911d', '2015-10-07 13:21:31');

-- --------------------------------------------------------

--
-- Table structure for table `photos`
--

CREATE TABLE IF NOT EXISTS `photos` (
  `id` int(10) NOT NULL AUTO_INCREMENT,
  `path` int(11) NOT NULL,
  PRIMARY KEY (`id`)
) ENGINE=InnoDB DEFAULT CHARSET=latin1 AUTO_INCREMENT=1 ;

-- --------------------------------------------------------

--
-- Table structure for table `photo_user`
--

CREATE TABLE IF NOT EXISTS `photo_user` (
  `id` int(10) unsigned NOT NULL AUTO_INCREMENT,
  `user_id` int(10) unsigned NOT NULL,
  `path` varchar(100) NOT NULL,
  `created_at` datetime NOT NULL,
  `updated_at` timestamp NOT NULL,
  PRIMARY KEY (`id`)
) ENGINE=InnoDB  DEFAULT CHARSET=latin1 AUTO_INCREMENT=32 ;

--
-- Dumping data for table `photo_user`
--

INSERT INTO `photo_user` (`id`, `user_id`, `path`, `created_at`, `updated_at`) VALUES
(1, 10, '/users/photos/1449666157(1).JPG', '2015-12-09 14:02:37', '2015-12-09 13:02:37'),
(2, 10, '/users/photos/1449666207(9).jpg', '2015-12-09 14:03:27', '2015-12-09 13:03:27'),
(3, 10, '/users/photos/1449666208(4).jpg', '2015-12-09 14:03:28', '2015-12-09 13:03:28'),
(4, 10, '/users/photos/1449666209(1).JPG', '2015-12-09 14:03:29', '2015-12-09 13:03:29'),
(5, 12, '/users/photos/1449763728bg2.jpg', '2015-12-10 17:08:48', '2015-12-10 16:08:48'),
(6, 12, '/users/photos/1449763729bg1.jpg', '2015-12-10 17:08:49', '2015-12-10 16:08:49'),
(7, 12, '/users/photos/1449763729bg4.jpg', '2015-12-10 17:08:50', '2015-12-10 16:08:50'),
(8, 7, '/users/photos/1449766311DSC_0009.JPG', '2015-12-10 17:51:51', '2015-12-10 16:51:51'),
(9, 7, '/users/photos/1449766323DSC_0013.JPG', '2015-12-10 17:52:03', '2015-12-10 16:52:03'),
(10, 10, '/users/photos/1449766539sammy-6.JPG', '2015-12-10 17:55:39', '2015-12-10 16:55:39'),
(11, 7, '/users/photos/1449766782(8).jpg', '2015-12-10 17:59:42', '2015-12-10 16:59:42'),
(12, 7, '/users/photos/1449766883576034_10151402169618964_38533247_n.jpg', '2015-12-10 18:01:23', '2015-12-10 17:01:23'),
(17, 7, '/users/photos/1449768461(1).JPG', '2015-12-10 18:27:41', '2015-12-10 17:27:41'),
(22, 7, '/users/photos/14497799581.JPG', '2015-12-10 21:39:18', '2015-12-10 20:39:18'),
(23, 7, '/users/photos/14497799593.JPG', '2015-12-10 21:39:19', '2015-12-10 20:39:19'),
(24, 7, '/users/photos/14497799609.JPG', '2015-12-10 21:39:20', '2015-12-10 20:39:20'),
(25, 7, '/users/photos/14498151683.JPG', '2015-12-11 07:26:09', '2015-12-11 06:26:09'),
(26, 15, '/users/photos/1450177253logo2.png', '2015-12-15 12:00:53', '2015-12-15 12:00:53'),
(27, 15, '/users/photos/1450178291logo.jpg', '2015-12-15 12:18:11', '2015-12-15 12:18:11'),
(28, 15, '/users/photos/1450178291logo.png', '2015-12-15 12:18:11', '2015-12-15 12:18:11'),
(29, 15, '/users/photos/1450178291logo2.fw.png', '2015-12-15 12:18:12', '2015-12-15 12:18:12'),
(30, 15, '/users/photos/1450178292logo2.jpg', '2015-12-15 12:18:12', '2015-12-15 12:18:12'),
(31, 15, '/users/photos/1450178292logo2.png', '2015-12-15 12:18:12', '2015-12-15 12:18:12');

-- --------------------------------------------------------

--
-- Table structure for table `profile_photos`
--

CREATE TABLE IF NOT EXISTS `profile_photos` (
  `id` int(10) unsigned NOT NULL AUTO_INCREMENT,
  `image` varchar(200) COLLATE utf8_unicode_ci NOT NULL,
  `user_id` int(10) unsigned NOT NULL,
  `created_at` timestamp NOT NULL DEFAULT '0000-00-00 00:00:00',
  `updated_at` timestamp NOT NULL DEFAULT '0000-00-00 00:00:00',
  PRIMARY KEY (`id`),
  KEY `profile_photos_user_id_foreign` (`user_id`)
) ENGINE=InnoDB  DEFAULT CHARSET=utf8 COLLATE=utf8_unicode_ci AUTO_INCREMENT=13 ;

--
-- Dumping data for table `profile_photos`
--

INSERT INTO `profile_photos` (`id`, `image`, `user_id`, `created_at`, `updated_at`) VALUES
(9, 'bizz/profile/1449826157(1).JPG', 7, '2015-12-11 09:26:09', '2015-12-11 09:29:17'),
(10, 'bizz/profile/144982660820110201_011.jpg', 12, '2015-12-11 09:36:48', '2015-12-11 09:36:48'),
(11, 'user/profile/1450176593logo2.png', 15, '2015-12-15 11:49:02', '2015-12-15 11:49:53'),
(12, 'user/profile/1455050463(4).jpg', 10, '2016-02-09 21:41:03', '2016-02-09 21:41:03');

-- --------------------------------------------------------

--
-- Table structure for table `public_subscribe`
--

CREATE TABLE IF NOT EXISTS `public_subscribe` (
  `id` int(10) NOT NULL AUTO_INCREMENT,
  `email` varchar(200) NOT NULL,
  `created_at` timestamp NOT NULL,
  `updated_at` timestamp NOT NULL,
  PRIMARY KEY (`id`)
) ENGINE=InnoDB  DEFAULT CHARSET=latin1 AUTO_INCREMENT=5 ;

--
-- Dumping data for table `public_subscribe`
--

INSERT INTO `public_subscribe` (`id`, `email`, `created_at`, `updated_at`) VALUES
(1, 'samizares@hotmail.com', '2016-02-08 21:08:24', '2016-02-08 21:08:24'),
(2, 'samizares@gmail.com', '2016-02-08 22:10:45', '2016-02-08 22:10:45'),
(3, 'samizares@bank.com', '2016-02-08 22:11:18', '2016-02-08 22:11:18'),
(4, 'codedsam@gmail.com', '2016-02-08 22:12:31', '2016-02-08 22:12:31');

-- --------------------------------------------------------

--
-- Table structure for table `reports`
--

CREATE TABLE IF NOT EXISTS `reports` (
  `id` int(10) NOT NULL AUTO_INCREMENT,
  `complaint` varchar(300) NOT NULL,
  `explain` text NOT NULL,
  `user_id` int(10) NOT NULL,
  `biz_id` int(10) NOT NULL,
  `contact_email` varchar(300) NOT NULL,
  `created_at` timestamp NOT NULL,
  `updated_at` timestamp NOT NULL,
  PRIMARY KEY (`id`)
) ENGINE=InnoDB  DEFAULT CHARSET=latin1 AUTO_INCREMENT=12 ;

--
-- Dumping data for table `reports`
--

INSERT INTO `reports` (`id`, `complaint`, `explain`, `user_id`, `biz_id`, `contact_email`, `created_at`, `updated_at`) VALUES
(2, 'business does not exists', 'Yeah, am sure i got this                  ', 7, 15, 'samizares@hotmail.com', '2016-02-10 14:20:13', '2016-02-10 14:20:13'),
(3, 'other reasons', 'Please state it ooh                          ', 7, 15, 'samizares@gmail.com', '2016-02-10 14:24:18', '2016-02-10 14:24:18'),
(4, 'i want to own this business', 'Who is stopping you?                 ', 7, 15, 'samizares@hotmail.com', '2016-02-10 14:29:06', '2016-02-10 14:29:06'),
(5, 'business does not exists', 'this is required', 7, 15, 'samizares@hotmail.nom', '2016-02-10 14:34:05', '2016-02-10 14:34:05'),
(6, 'i want to own this business', 'Am the owner ooh', 7, 12, 'samizares@hotmail.com', '2016-02-10 15:57:45', '2016-02-10 15:57:45'),
(7, 'business does not exists', 'Yeah, it does not ooh,ooh                         ', 7, 12, 'codedsam@gmail.com', '2016-02-10 16:22:07', '2016-02-10 16:22:07'),
(8, 'wrong business details', ' THIS MUST WORK OHHH                     ', 7, 12, 'codedsam@gmail.com', '2016-02-10 16:29:10', '2016-02-10 16:29:10'),
(9, 'wrong business details', ' Time wasteing tactics                  ', 7, 12, 'samizares@hotmail.nom', '2016-02-10 16:34:29', '2016-02-10 16:34:29');

-- --------------------------------------------------------

--
-- Table structure for table `reviews`
--

CREATE TABLE IF NOT EXISTS `reviews` (
  `id` int(10) unsigned NOT NULL AUTO_INCREMENT,
  `biz_id` int(10) unsigned NOT NULL,
  `user_id` int(10) unsigned NOT NULL,
  `rating` int(10) NOT NULL,
  `comment` text NOT NULL,
  `approved` tinyint(1) unsigned NOT NULL DEFAULT '1',
  `spam` tinyint(1) unsigned NOT NULL DEFAULT '0',
  `created_at` datetime NOT NULL,
  `updated_at` datetime NOT NULL,
  PRIMARY KEY (`id`)
) ENGINE=InnoDB  DEFAULT CHARSET=latin1 AUTO_INCREMENT=16 ;

--
-- Dumping data for table `reviews`
--

INSERT INTO `reviews` (`id`, `biz_id`, `user_id`, `rating`, `comment`, `approved`, `spam`, `created_at`, `updated_at`) VALUES
(1, 1, 7, 4, 'This is gonna work oh', 1, 0, '2015-10-08 16:21:15', '2015-10-08 16:21:15'),
(2, 1, 10, 5, 'This is 10/10, a very good site', 1, 0, '2015-10-08 16:44:57', '2015-10-08 16:44:57'),
(5, 3, 7, 4, 'This should go', 1, 0, '2015-10-09 00:00:36', '2015-10-09 00:00:36'),
(6, 3, 10, 5, 'This would go to,, great business', 1, 0, '2015-10-09 00:01:39', '2015-10-09 00:01:39'),
(7, 3, 7, 4, 'This will not go', 1, 0, '2015-10-09 00:36:20', '2015-10-09 00:36:20'),
(8, 9, 7, 4, 'I love this business', 1, 0, '2015-10-09 16:24:46', '2015-10-09 16:24:46'),
(9, 9, 7, 4, 'Yeah, i got this,,', 1, 0, '2015-10-09 16:49:10', '2015-10-09 16:49:10'),
(10, 9, 10, 4, 'The business delivery area is awesome', 1, 0, '2015-11-04 12:03:30', '2015-11-04 12:03:30'),
(11, 12, 10, 4, 'Awesome response time and customer service,,', 1, 0, '2015-11-04 12:05:09', '2015-11-04 12:05:09'),
(12, 36, 15, 5, 'awesome business', 1, 0, '2015-12-14 19:54:37', '2015-12-14 19:54:37'),
(13, 36, 15, 4, 'great service', 1, 0, '2015-12-15 18:23:59', '2015-12-15 18:23:59'),
(14, 1, 7, 4, '                                                                    this is great,,', 1, 0, '2015-12-31 19:36:11', '2015-12-31 19:36:11'),
(15, 19, 7, 4, '                                                                    Awesome business,love it', 1, 0, '2016-01-30 16:17:33', '2016-01-30 16:17:33');

-- --------------------------------------------------------

--
-- Table structure for table `settings`
--

CREATE TABLE IF NOT EXISTS `settings` (
  `id` int(10) unsigned NOT NULL,
  `title1` varchar(300) NOT NULL,
  `span1` text NOT NULL,
  `span2` text NOT NULL,
  `span3` text NOT NULL,
  `span4` text NOT NULL,
  `span5` text NOT NULL,
  `title2` varchar(300) NOT NULL,
  `subtitle` text NOT NULL,
  `image` varchar(300) NOT NULL,
  `created_at` timestamp NOT NULL,
  `updated_at` timestamp NOT NULL,
  PRIMARY KEY (`id`)
) ENGINE=InnoDB DEFAULT CHARSET=latin1;

--
-- Dumping data for table `settings`
--

INSERT INTO `settings` (`id`, `title1`, `span1`, `span2`, `span3`, `span4`, `span5`, `title2`, `subtitle`, `image`, `created_at`, `updated_at`) VALUES
(1, 'Discover', 'Businesses in Your City', 'Restaurants in Lagos', 'Hotels in Abuja', 'Clubs in Victoria Island', 'Banks near you', 'Discover your city', 'Find great places to stay, eat, shop, or visit from local experts.', 'Settings/bckImg/1452075491lagosnight.jpg', '0000-00-00 00:00:00', '2016-01-06 10:27:33');

-- --------------------------------------------------------

--
-- Table structure for table `states`
--

CREATE TABLE IF NOT EXISTS `states` (
  `id` int(10) unsigned NOT NULL AUTO_INCREMENT,
  `name` varchar(100) NOT NULL,
  PRIMARY KEY (`id`)
) ENGINE=InnoDB  DEFAULT CHARSET=latin1 AUTO_INCREMENT=38 ;

--
-- Dumping data for table `states`
--

INSERT INTO `states` (`id`, `name`) VALUES
(1, 'Abia'),
(2, 'Abuja'),
(3, 'Adamawa'),
(4, 'Akwa Ibom'),
(5, 'Anambra'),
(6, 'Bauchi'),
(7, 'Bayelsa'),
(8, 'Benue'),
(9, 'Borno'),
(10, 'Cross River'),
(11, 'Delta'),
(12, 'Ebonyi'),
(13, 'Edo'),
(14, 'Ekiti'),
(15, 'Enugu'),
(16, 'Gombe'),
(17, 'Imo'),
(18, 'Jigawa'),
(19, 'Kaduna'),
(20, 'Kano'),
(21, 'Katsina'),
(22, 'Kebbi'),
(23, 'Kogi'),
(24, 'Kwara'),
(25, 'Lagos'),
(26, 'Nasarawa'),
(27, 'Niger'),
(28, 'Ogun'),
(29, 'Ondo'),
(30, 'Osun'),
(31, 'Oyo'),
(32, 'Plateau'),
(33, 'Rivers'),
(34, 'Sokoto'),
(35, 'Taraba'),
(36, 'Yobe'),
(37, 'Zamfara');

-- --------------------------------------------------------

--
-- Table structure for table `subcategory`
--

CREATE TABLE IF NOT EXISTS `subcategory` (
  `id` int(10) unsigned NOT NULL AUTO_INCREMENT,
  `name` varchar(100) NOT NULL,
  PRIMARY KEY (`id`)
) ENGINE=InnoDB  DEFAULT CHARSET=latin1 AUTO_INCREMENT=166 ;

--
-- Dumping data for table `subcategory`
--

INSERT INTO `subcategory` (`id`, `name`) VALUES
(1, 'phone'),
(2, 'battery-full'),
(3, 'black-tie'),
(4, 'commenting'),
(5, 'hourglass'),
(6, 'industry'),
(7, 'map'),
(8, 'map-pin'),
(9, 'mouse-pointer'),
(10, 'opencart'),
(11, 'register'),
(12, 'television'),
(13, 'trademark'),
(14, 'asterisk'),
(15, 'bed'),
(16, 'bear'),
(17, 'bell'),
(18, 'birthday-cake'),
(19, 'bicycle'),
(20, 'book'),
(21, 'briefcase'),
(22, 'bookmark'),
(23, 'building'),
(24, 'bullhorn'),
(25, 'bus'),
(26, 'calender'),
(27, 'camera'),
(28, 'car'),
(29, 'cartificate'),
(30, 'check'),
(31, 'child'),
(32, 'clock-o'),
(33, 'clone'),
(34, 'close'),
(35, 'cloud'),
(36, 'code'),
(37, 'coffee'),
(38, 'cogs'),
(39, 'comment'),
(40, 'compass'),
(41, 'copyright'),
(42, 'credit-card'),
(43, 'cutlery'),
(44, 'dashboard'),
(45, 'database'),
(46, 'desktop'),
(47, 'diamond'),
(48, 'download'),
(49, 'edit'),
(50, 'envelope'),
(51, 'exchange'),
(52, 'eye'),
(53, 'eyedropper'),
(54, 'fax'),
(55, 'female'),
(56, 'fighter-jet'),
(57, 'film'),
(58, 'filter'),
(59, 'fire'),
(60, 'fire-extinguisher'),
(61, 'flag'),
(62, 'flash'),
(63, 'flask'),
(64, 'folder'),
(65, 'futbol-o'),
(66, 'gamepad'),
(67, 'gavel'),
(68, 'gears'),
(69, 'gift'),
(70, 'glass'),
(71, 'globe'),
(72, 'graduation-cap'),
(73, 'group'),
(74, 'handpointer-o'),
(75, 'hdd-o'),
(76, 'headphones'),
(77, 'heart'),
(78, 'home'),
(79, 'hotel'),
(80, 'hourglass'),
(81, 'image'),
(82, 'inbox'),
(83, 'info'),
(84, 'institution'),
(85, 'key'),
(86, 'keyboard-0'),
(87, 'laptop'),
(88, 'leaf'),
(89, 'legal'),
(90, 'lightbulb-o'),
(91, 'location-arrow'),
(92, 'lock'),
(93, 'male'),
(94, 'map-marker'),
(95, 'microphone'),
(96, 'mobile'),
(97, 'money'),
(98, 'moon-o'),
(99, 'motocycle'),
(100, 'music'),
(101, 'newspaper-o'),
(102, 'paint-brush'),
(103, 'pencil'),
(104, 'phone'),
(105, 'photo'),
(106, 'pie-chart'),
(107, 'plane'),
(108, 'plug'),
(109, 'plus'),
(110, 'power-off'),
(111, 'print'),
(112, 'question'),
(113, 'recycle'),
(114, 'refresh'),
(115, 'registered'),
(116, 'remove'),
(117, 'retweet'),
(118, 'road'),
(119, 'rocket'),
(120, 'search'),
(121, 'server'),
(122, 'shield'),
(123, 'ship'),
(124, 'shopping-cart'),
(125, 'signal'),
(126, 'spoon'),
(127, 'medkit'),
(128, 'star'),
(129, 'suitcase'),
(130, 'tablet'),
(131, 'tag'),
(132, 'taxi'),
(133, 'ticket'),
(134, 'trademark'),
(135, 'trash'),
(136, 'tree'),
(137, 'trophy'),
(138, 'truck'),
(139, 'umbrella'),
(140, 'university'),
(141, 'upload'),
(142, 'user'),
(143, 'video-camera'),
(144, 'volume-up'),
(145, 'wheelchair'),
(146, 'wifi'),
(147, 'ambulance'),
(148, 'train'),
(149, 'file'),
(150, 'cc-visa'),
(151, 'paypal'),
(152, 'dollar'),
(153, 'euro'),
(154, 'gbp'),
(155, 'floppy'),
(156, 'andriod'),
(157, 'apple'),
(158, 'facebook'),
(159, 'google'),
(160, 'instagram'),
(161, 'windows'),
(162, 'youtube'),
(163, 'soundcloud'),
(164, 'skype'),
(165, 'cc-mastercard');

-- --------------------------------------------------------

--
-- Table structure for table `sub_cats`
--

CREATE TABLE IF NOT EXISTS `sub_cats` (
  `id` int(10) unsigned NOT NULL AUTO_INCREMENT,
  `name` varchar(200) NOT NULL,
  `cat_id` int(10) unsigned NOT NULL,
  `image_class` varchar(100) NOT NULL,
  `slug` varchar(200) NOT NULL,
  PRIMARY KEY (`id`),
  UNIQUE KEY `name` (`name`)
) ENGINE=InnoDB  DEFAULT CHARSET=latin1 AUTO_INCREMENT=154 ;

--
-- Dumping data for table `sub_cats`
--

INSERT INTO `sub_cats` (`id`, `name`, `cat_id`, `image_class`, `slug`) VALUES
(48, 'benz factories', 11, 'car', 'benz-factories'),
(49, 'volkswagon', 11, 'car', 'volkswagon'),
(59, 'car dealers', 10, 'car', 'car-dealers'),
(60, 'car wash', 10, 'car', 'car-wash'),
(61, 'mini mart', 10, 'edit', 'mini-mart'),
(80, 'clearing', 38, '', 'clearing'),
(81, 'clearing and forwarding', 38, '', 'clearing-and-forwarding'),
(82, 'web programming', 40, '', 'web-programming'),
(83, 'Networking', 40, '', 'networking'),
(84, 'computer hardware', 40, '', 'computer-hardware'),
(113, 'great clothes', 2, '', 'great-clothes'),
(114, 'fashinable items', 2, '', 'fashinable-items'),
(115, 'gym', 3, '', 'gym'),
(116, 'gym equipment', 3, '', 'gym-equipment'),
(117, 'body building', 3, '', 'body-building'),
(118, 'Delivery services', 5, '', 'delivery-services'),
(119, 'Cabs', 5, '', 'cabs'),
(120, 'Travel buses', 5, '', 'travel-buses'),
(121, 'flight services', 5, '', 'flight-services'),
(122, 'African dish', 4, '', 'african-dish'),
(123, 'mamaput', 4, '', 'mamaput'),
(124, 'Continental dishes', 4, '', 'continental-dishes'),
(125, 'Chinese cuisines', 4, '', 'chinese-cuisines'),
(126, 'Calabar kitchen', 4, '', 'calabar-kitchen'),
(127, 'clubs', 43, '', 'clubs'),
(128, 'Nightlife', 43, '', 'nightlife'),
(130, 'Karaoke night', 43, '', 'karaoke-night'),
(131, 'Life Band', 43, '', 'life-band'),
(132, 'Loans', 44, '', 'loans'),
(133, 'mortagage', 44, '', 'mortagage'),
(134, 'Banking services', 44, '', 'banking-services'),
(135, 'Home financing', 44, '', 'home-financing'),
(136, 'Hotel services', 45, '', 'hotel-services'),
(137, 'short-let', 45, '', 'short-let'),
(138, 'Housing agents', 45, '', 'housing-agents'),
(142, 'Air Conditioners(AC)', 33, '', 'air-conditionersac'),
(143, 'Fridges', 33, '', 'fridges'),
(146, 'baking experts', 36, '', 'baking-experts'),
(147, 'cake services', 36, '', 'cake-services'),
(148, 'events food rental', 36, '', 'events-food-rental'),
(149, 'DVD', 41, '', 'dvd'),
(150, 'Fans', 41, '', 'fans'),
(151, 'Home theatre', 41, '', 'home-theatre'),
(152, 'Televison', 41, '', 'televison'),
(153, 'Washing Machine', 41, '', 'washing-machine');

-- --------------------------------------------------------

--
-- Table structure for table `users`
--

CREATE TABLE IF NOT EXISTS `users` (
  `id` int(10) unsigned NOT NULL AUTO_INCREMENT,
  `name` varchar(255) COLLATE utf8_unicode_ci NOT NULL,
  `username` varchar(255) COLLATE utf8_unicode_ci NOT NULL,
  `email` varchar(255) COLLATE utf8_unicode_ci NOT NULL,
  `password` varchar(60) COLLATE utf8_unicode_ci NOT NULL,
  `confirmation_code` varchar(255) COLLATE utf8_unicode_ci NOT NULL,
  `confirmed` tinyint(1) NOT NULL DEFAULT '0',
  `admin` tinyint(1) NOT NULL DEFAULT '0',
  `remember_token` varchar(100) COLLATE utf8_unicode_ci DEFAULT NULL,
  `created_at` timestamp NOT NULL DEFAULT '0000-00-00 00:00:00',
  `updated_at` timestamp NOT NULL DEFAULT '0000-00-00 00:00:00',
  `deleted_at` timestamp NULL DEFAULT NULL,
  `notify` tinyint(1) NOT NULL DEFAULT '1',
  `city` varchar(100) COLLATE utf8_unicode_ci NOT NULL,
  PRIMARY KEY (`id`),
  UNIQUE KEY `users_username_unique` (`username`),
  UNIQUE KEY `users_email_unique` (`email`)
) ENGINE=InnoDB  DEFAULT CHARSET=utf8 COLLATE=utf8_unicode_ci AUTO_INCREMENT=17 ;

--
-- Dumping data for table `users`
--

INSERT INTO `users` (`id`, `name`, `username`, `email`, `password`, `confirmation_code`, `confirmed`, `admin`, `remember_token`, `created_at`, `updated_at`, `deleted_at`, `notify`, `city`) VALUES
(7, '', 'samizares1', 'samizares@hotmail.com', '$2y$10$wKoP0dgXzogJOLwOiq4YXeJuHZ2Cf3zM8xp3DCulbLNz8QI7Z47NS', '', 1, 1, 'k4MIkOg607whXtL4keZbkvCrglHTlrzRFnsHWntRCM3OHK8tmq0PXNOCtdjC', '2015-08-04 10:37:00', '2016-02-04 08:47:39', NULL, 1, 'Lagos'),
(10, '', 'sammylee', 'samizares@gmail.com', '$2y$10$wbNf3Oo3Om9RflheTdLpKeZjo5BZPxnOirE5qpbelwGP0jbQZbvDK', '', 1, 1, 'g5fTyjMUfi2wuGdgUUw5tM4m0AamWVxgxtiJKxlotUt9iYL541KDUyf44B2G', '2015-08-13 05:15:24', '2015-12-10 16:06:58', NULL, 1, ''),
(11, 'the great', 'The greatSeller22', 'yahooman@yahoo.com', '$2y$10$PirU6vYKETTSZjptoP9LHefBGN9U7MJV7Ij8QrKw4n1XbJrG6EUmW', 'qUUcMnay9rjgcm43BsHivniI1yYSOMyahooman@yahoo.com', 0, 0, 'DuB0TBSVmfmMg6JAu1RVk9lnwiLgj1WWkN622BdHy39fdUEfN5VIx6NXyRMD', '2015-11-03 11:10:26', '2015-12-07 08:38:22', NULL, 1, ''),
(12, '', 'Desmond', 'desmond@gmail.com', '$2y$10$AhLLwJSKoNOq4iKRyE3lRuepmun.rRB6C6VekbC7Q1VhksGnu63lq', '3osgoi7SbcOs23xPkCMWN5jMF1BXKXdesmond@gmail.com', 1, 0, 'dHK49ltqpM536zxv2TlHdiN0zDzNV6iDUMaR5nxyCuCUm15VmwVpS2HrcujI', '2015-11-03 12:06:29', '2016-01-29 07:08:48', NULL, 1, ''),
(13, '', 'Alaji', 'alhaji@gmail.com', '$2y$10$AzRRaYzLTeetDSWfIqFmqueUOxP8ocSq9ZJ5ItMJouLZ.0fsInGxa', 'uOUbCXGi4vcmaGOe00qgWp3iE8Nhx8alhaji@gmail.com', 0, 0, NULL, '2015-11-03 12:24:32', '2015-11-03 12:24:32', NULL, 1, ''),
(14, '', 'Nonso', 'nonso@gmail.com', '$2y$10$qzn/mhT8K5PMRlXBJFk2zO9cNRqTuRqMZ4IUJkKUGDbbP0vTNrxDq', 'MppJjSP8cbnC9179i3R60Iem0dGcINnonso@gmail.com', 0, 0, NULL, '2015-11-03 12:25:30', '2015-11-03 12:25:30', NULL, 1, ''),
(15, '', 'adminUser1', 'bolaji.alade@curiouzmind.com', '$2y$10$4uenH2GGbHAJmWt8LbzUpedPAhOrsplfi8NdJqI4pZKX/zfHr8z5a', 'rMspCrWSrimD9DLpxBAgePOqqbjMZ0bolaji.alade@curiouzmind.com', 1, 1, 'RAqP6OMRWDCYcBeEaQ0wZ4tsQ1C7QcQ1wadK4LCHS0oFedOoEZbR0uXHwjxT', '2015-12-14 19:44:19', '2015-12-23 05:59:33', NULL, 1, ''),
(16, '', 'user1', 'gbolahanalade@gmail.com', '$2y$10$Qyl4pOWqLXx6BjwXn.KJ8.VOzIBlKPd8ynaEoO41AKKHyZ9mqUcP.', '6MuIP8m3iNrU0tLRny3vfbhGQlKGs5gbolahanalade@gmail.com', 1, 0, '7uTOddNU4myhLYLsEQNdK6P1vwDvXphtLUmc8FA25QQT3tT2gxopx5n5azhi', '2015-12-14 19:46:06', '2015-12-23 07:54:09', NULL, 1, '');

/*!40101 SET CHARACTER_SET_CLIENT=@OLD_CHARACTER_SET_CLIENT */;
/*!40101 SET CHARACTER_SET_RESULTS=@OLD_CHARACTER_SET_RESULTS */;
/*!40101 SET COLLATION_CONNECTION=@OLD_COLLATION_CONNECTION */;
